::1 - - [20/Aug/2024:15:21:00 -0400] "GET / HTTP/1.1" 200 786
::1 - - [20/Aug/2024:15:21:00 -0400] "GET /icons/blank.gif HTTP/1.1" 200 148
::1 - - [20/Aug/2024:15:21:00 -0400] "GET /icons/folder.gif HTTP/1.1" 200 225
::1 - - [20/Aug/2024:15:21:00 -0400] "GET /favicon.ico HTTP/1.1" 404 309
::1 - - [20/Aug/2024:15:21:02 -0400] "GET /cours2/ HTTP/1.1" 200 412
::1 - - [20/Aug/2024:15:21:38 -0400] "GET /cours2/traitement.php?nom=Shany+Carle HTTP/1.1" 200 252
::1 - - [20/Aug/2024:15:26:09 -0400] "GET /cours2/traitement.php?nom=Shany+Carle HTTP/1.1" 200 267
::1 - - [20/Aug/2024:15:26:12 -0400] "GET /cours2/traitement.php?nom=Shany+Carle HTTP/1.1" 200 267
::1 - - [20/Aug/2024:15:42:30 -0400] "GET / HTTP/1.1" 200 1003
::1 - - [20/Aug/2024:15:42:32 -0400] "GET /HelloPHPWorld/ HTTP/1.1" 200 977
::1 - - [20/Aug/2024:15:48:23 -0400] "GET /HelloPHPWorld/traitement.php?nom=&photo=&jeu= HTTP/1.1" 200 1650
::1 - - [20/Aug/2024:15:48:51 -0400] "GET /HelloPHPWorld/traitement.php?nom=Jeremy&photo=u&jeu=u HTTP/1.1" 200 1650
::1 - - [20/Aug/2024:15:49:19 -0400] "GET /HelloPHPWorld/traitement.php?nom=Jeremy&photo=u&jeu=u HTTP/1.1" 200 1650
::1 - - [20/Aug/2024:15:49:21 -0400] "GET /HelloPHPWorld/traitement.php?nom=Jeremy&photo=u&jeu=u HTTP/1.1" 200 1650
::1 - - [20/Aug/2024:15:49:44 -0400] "GET /HelloPHPWorld/traitement.php?nom=Jeremy&photo=u&jeu=u HTTP/1.1" 200 1650
::1 - - [20/Aug/2024:15:49:45 -0400] "GET /HelloPHPWorld/traitement.php?nom=Jeremy&photo=u&jeu=u HTTP/1.1" 200 1650
::1 - - [20/Aug/2024:15:49:45 -0400] "GET /HelloPHPWorld/traitement.php?nom=Jeremy&photo=u&jeu=u HTTP/1.1" 200 1650
::1 - - [20/Aug/2024:15:49:46 -0400] "GET /HelloPHPWorld/traitement.php?nom=Jeremy&photo=u&jeu=u HTTP/1.1" 200 1650
::1 - - [20/Aug/2024:15:49:46 -0400] "GET /HelloPHPWorld/traitement.php?nom=Jeremy&photo=u&jeu=u HTTP/1.1" 200 1650
::1 - - [20/Aug/2024:15:49:46 -0400] "GET /HelloPHPWorld/traitement.php?nom=Jeremy&photo=u&jeu=u HTTP/1.1" 200 1650
::1 - - [20/Aug/2024:15:49:46 -0400] "GET /HelloPHPWorld/traitement.php?nom=Jeremy&photo=u&jeu=u HTTP/1.1" 200 1650
::1 - - [20/Aug/2024:15:49:46 -0400] "GET /HelloPHPWorld/traitement.php?nom=Jeremy&photo=u&jeu=u HTTP/1.1" 200 1650
::1 - - [20/Aug/2024:15:49:47 -0400] "GET /HelloPHPWorld/traitement.php?nom=Jeremy&photo=u&jeu=u HTTP/1.1" 200 1650
::1 - - [20/Aug/2024:15:49:48 -0400] "GET /HelloPHPWorld/traitement.php?nom=Jeremy&photo=u&jeu=u HTTP/1.1" 200 1650
::1 - - [20/Aug/2024:15:50:35 -0400] "GET /HelloPHPWorld/traitement.php?nom=Jeremy&photo=u&jeu=u HTTP/1.1" 200 1650
::1 - - [20/Aug/2024:15:51:53 -0400] "GET /HelloPHPWorld/traitement.php?nom=Jeremy&photo=u&jeu=u HTTP/1.1" 200 1670
::1 - - [20/Aug/2024:15:51:54 -0400] "GET /HelloPHPWorld/traitement.php?nom=Jeremy&photo=u&jeu=u HTTP/1.1" 200 1670
::1 - - [20/Aug/2024:15:51:54 -0400] "GET /HelloPHPWorld/traitement.php?nom=Jeremy&photo=u&jeu=u HTTP/1.1" 200 1670
::1 - - [20/Aug/2024:15:57:14 -0400] "GET /HelloPHPWorld/traitement.php?nom=Jeremy&photo=https%3A%2F%2Finstagram.fyhu1-1.fna.fbcdn.net%2Fv%2Ft51.2885-19%2F277362376_1127319884697471_8133748009237805666_n.jpg%3Fstp%3Ddst-jpg_s150x150%26_nc_ht%3Dinstagram.fyhu1-1.fna.fbcdn.net%26_nc_cat%3D103%26_nc_ohc%3Dl9j_wwjUurMQ7kNvgGnP0dH%26edm%3DAOQ1c0wBAAAA%26ccb%3D7-5%26oh%3D00_AYA9y020Oa6Y_MWOGoiU3F-KVApWIb6Yw4fq3bOEINVHnw%26oe%3D66CAB31C%26_nc_sid%3D8b3546&jeu=u HTTP/1.1" 200 2028
::1 - - [20/Aug/2024:15:57:50 -0400] "GET /HelloPHPWorld/traitement.php?nom=Jeremy&photo=https%3A%2F%2Fcutecatsinhats.com%2Fwp-content%2Fuploads%2F2016%2F01%2Fpizza.jpg&jeu=u HTTP/1.1" 200 1776
::1 - - [20/Aug/2024:15:58:58 -0400] "GET /HelloPHPWorld/traitement.php?nom=Jeremy&photo=https%3A%2F%2Fcutecatsinhats.com%2Fwp-content%2Fuploads%2F2016%2F01%2Fpizza.jpg&jeu=u HTTP/1.1" 200 1803
::1 - - [20/Aug/2024:15:59:01 -0400] "GET /HelloPHPWorld/traitement.php?nom=Jeremy&photo=https%3A%2F%2Fcutecatsinhats.com%2Fwp-content%2Fuploads%2F2016%2F01%2Fpizza.jpg&jeu=u HTTP/1.1" 200 1803
::1 - - [20/Aug/2024:15:59:08 -0400] "GET /HelloPHPWorld/ HTTP/1.1" 200 978
::1 - - [20/Aug/2024:15:59:10 -0400] "GET /HelloPHPWorld/traitement.php?nom=&photo=&jeu=&citation= HTTP/1.1" 200 739
::1 - - [20/Aug/2024:15:59:15 -0400] "GET /HelloPHPWorld/traitement.php?nom=&photo=&jeu=&citation=Allo HTTP/1.1" 200 743
::1 - - [20/Aug/2024:15:59:20 -0400] "GET /HelloPHPWorld/traitement.php?nom=&photo=&jeu=u&citation=Allo HTTP/1.1" 200 744
::1 - - [20/Aug/2024:15:59:25 -0400] "GET /HelloPHPWorld/traitement.php?nom=Jeremy&photo=https%3A%2F%2Fcutecatsinhats.com%2Fwp-content%2Fuploads%2F2016%2F01%2Fpizza.jpg&jeu=u&citation=Allo HTTP/1.1" 200 813
::1 - - [20/Aug/2024:16:04:18 -0400] "GET /HelloPHPWorld/traitement.php?nom=slay&photo=https%3A%2F%2Fcutecatsinhats.com%2Fwp-content%2Fuploads%2F2016%2F01%2Fpizza.jpg&jeu=u&citation=Allo HTTP/1.1" 200 402
::1 - - [20/Aug/2024:16:04:29 -0400] "GET /HelloPHPWorld/traitement.php?nom=slay&photo=https%3A%2F%2Fcutecatsinhats.com%2Fwp-content%2Fuploads%2F2016%2F01%2Fpizza.jpg&jeu=u&citation=Allo HTTP/1.1" 200 876
::1 - - [20/Aug/2024:16:04:38 -0400] "GET /HelloPHPWorld/traitement.php?nom=retsnow&photo=https%3A%2F%2Fcutecatsinhats.com%2Fwp-content%2Fuploads%2F2016%2F01%2Fpizza.jpg&jeu=u&citation=Allo HTTP/1.1" 200 818
::1 - - [20/Aug/2024:16:10:35 -0400] "GET /HelloPHPWorld/ HTTP/1.1" 200 988
::1 - - [20/Aug/2024:16:10:36 -0400] "GET /HelloPHPWorld/ HTTP/1.1" 200 988
::1 - - [20/Aug/2024:16:10:36 -0400] "GET /HelloPHPWorld/ HTTP/1.1" 200 988
::1 - - [20/Aug/2024:16:10:36 -0400] "GET /HelloPHPWorld/ HTTP/1.1" 200 988
::1 - - [20/Aug/2024:16:10:36 -0400] "GET /HelloPHPWorld/ HTTP/1.1" 200 988
::1 - - [20/Aug/2024:16:10:36 -0400] "GET /HelloPHPWorld/ HTTP/1.1" 200 988
::1 - - [20/Aug/2024:16:11:36 -0400] "GET /HelloPHPWorld/ HTTP/1.1" 200 1034
::1 - - [20/Aug/2024:16:11:36 -0400] "GET /HelloPHPWorld/style.css HTTP/1.1" 200 81
::1 - - [20/Aug/2024:16:11:37 -0400] "GET /HelloPHPWorld/ HTTP/1.1" 200 1034
::1 - - [20/Aug/2024:16:12:00 -0400] "GET /HelloPHPWorld/ HTTP/1.1" 200 1034
::1 - - [20/Aug/2024:16:12:00 -0400] "GET /HelloPHPWorld/style.css HTTP/1.1" 200 150
::1 - - [20/Aug/2024:16:13:25 -0400] "GET /HelloPHPWorld/ HTTP/1.1" 200 1034
::1 - - [20/Aug/2024:16:13:25 -0400] "GET /HelloPHPWorld/style.css HTTP/1.1" 200 185
::1 - - [20/Aug/2024:16:17:19 -0400] "GET /HelloPHPWorld/ HTTP/1.1" 200 1727
::1 - - [20/Aug/2024:16:17:19 -0400] "GET /HelloPHPWorld/style.css HTTP/1.1" 304 -
::1 - - [20/Aug/2024:16:17:34 -0400] "GET /HelloPHPWorld/ HTTP/1.1" 200 1417
::1 - - [20/Aug/2024:16:19:07 -0400] "GET /HelloPHPWorld/ HTTP/1.1" 200 1239
::1 - - [20/Aug/2024:16:19:07 -0400] "GET /HelloPHPWorld/style.css HTTP/1.1" 304 -
::1 - - [20/Aug/2024:16:20:20 -0400] "GET /HelloPHPWorld/ HTTP/1.1" 200 1215
::1 - - [20/Aug/2024:16:20:20 -0400] "GET /HelloPHPWorld/style.css HTTP/1.1" 304 -
::1 - - [20/Aug/2024:16:20:47 -0400] "GET /HelloPHPWorld/ HTTP/1.1" 200 1228
::1 - - [20/Aug/2024:16:22:40 -0400] "GET /HelloPHPWorld/ HTTP/1.1" 200 1239
::1 - - [20/Aug/2024:16:22:40 -0400] "GET /HelloPHPWorld/style.css HTTP/1.1" 304 -
::1 - - [20/Aug/2024:16:23:21 -0400] "GET /HelloPHPWorld/ HTTP/1.1" 200 1347
::1 - - [20/Aug/2024:16:24:13 -0400] "GET /HelloPHPWorld/style.css HTTP/1.1" 304 -
::1 - - [20/Aug/2024:16:24:39 -0400] "GET /HelloPHPWorld/ HTTP/1.1" 200 1362
::1 - - [20/Aug/2024:16:24:47 -0400] "GET /HelloPHPWorld/ HTTP/1.1" 200 1358
::1 - - [20/Aug/2024:16:24:59 -0400] "GET /HelloPHPWorld/ HTTP/1.1" 200 1369
::1 - - [20/Aug/2024:16:25:49 -0400] "GET /HelloPHPWorld/ HTTP/1.1" 200 1607
::1 - - [20/Aug/2024:16:25:49 -0400] "GET /HelloPHPWorld/style.css HTTP/1.1" 304 -
::1 - - [20/Aug/2024:16:26:03 -0400] "GET /HelloPHPWorld/ HTTP/1.1" 200 1621
::1 - - [20/Aug/2024:16:26:17 -0400] "GET /HelloPHPWorld/ HTTP/1.1" 200 1633
::1 - - [20/Aug/2024:16:26:23 -0400] "GET /HelloPHPWorld/ HTTP/1.1" 200 1633
::1 - - [20/Aug/2024:16:26:29 -0400] "GET /HelloPHPWorld/ HTTP/1.1" 200 1633
::1 - - [20/Aug/2024:16:26:34 -0400] "GET /HelloPHPWorld/ HTTP/1.1" 200 1634
::1 - - [20/Aug/2024:16:26:40 -0400] "GET /HelloPHPWorld/ HTTP/1.1" 200 1634
::1 - - [20/Aug/2024:16:26:45 -0400] "GET /HelloPHPWorld/ HTTP/1.1" 200 1634
::1 - - [20/Aug/2024:16:29:33 -0400] "GET /HelloPHPWorld/ HTTP/1.1" 200 1636
::1 - - [20/Aug/2024:16:29:33 -0400] "GET /HelloPHPWorld/style.css HTTP/1.1" 304 -
::1 - - [20/Aug/2024:16:29:34 -0400] "GET /HelloPHPWorld/ HTTP/1.1" 200 1636
::1 - - [20/Aug/2024:16:29:37 -0400] "GET /HelloPHPWorld/traitement.php?nom=&photo=&jeu=&citation= HTTP/1.1" 200 743
::1 - - [20/Aug/2024:16:29:40 -0400] "GET /HelloPHPWorld/traitement.php?nom=&photo=&jeu=&citation= HTTP/1.1" 200 743
::1 - - [20/Aug/2024:16:29:52 -0400] "GET /HelloPHPWorld/ HTTP/1.1" 200 1632
::1 - - [20/Aug/2024:16:30:12 -0400] "GET /HelloPHPWorld/ HTTP/1.1" 200 1636
::1 - - [20/Aug/2024:16:30:32 -0400] "GET /HelloPHPWorld/ HTTP/1.1" 200 1651
::1 - - [20/Aug/2024:16:30:32 -0400] "GET /HelloPHPWorld/ HTTP/1.1" 200 1651
::1 - - [20/Aug/2024:16:30:33 -0400] "GET /HelloPHPWorld/ HTTP/1.1" 200 1651
::1 - - [20/Aug/2024:16:30:33 -0400] "GET /HelloPHPWorld/ HTTP/1.1" 200 1651
::1 - - [20/Aug/2024:16:30:33 -0400] "GET /HelloPHPWorld/ HTTP/1.1" 200 1651
::1 - - [20/Aug/2024:16:30:33 -0400] "GET /HelloPHPWorld/ HTTP/1.1" 200 1651
::1 - - [20/Aug/2024:16:31:30 -0400] "GET /HelloPHPWorld/ HTTP/1.1" 200 1666
::1 - - [20/Aug/2024:16:31:30 -0400] "GET /HelloPHPWorld/style.css HTTP/1.1" 304 -
::1 - - [20/Aug/2024:16:31:31 -0400] "GET /HelloPHPWorld/ HTTP/1.1" 200 1666
::1 - - [20/Aug/2024:16:31:31 -0400] "GET /HelloPHPWorld/ HTTP/1.1" 200 1666
::1 - - [20/Aug/2024:16:31:31 -0400] "GET /HelloPHPWorld/ HTTP/1.1" 200 1666
::1 - - [20/Aug/2024:16:31:31 -0400] "GET /HelloPHPWorld/ HTTP/1.1" 200 1666
::1 - - [20/Aug/2024:16:31:31 -0400] "GET /HelloPHPWorld/ HTTP/1.1" 200 1666
::1 - - [20/Aug/2024:16:32:27 -0400] "GET /HelloPHPWorld/ HTTP/1.1" 200 1671
::1 - - [20/Aug/2024:16:32:27 -0400] "GET /HelloPHPWorld/ HTTP/1.1" 200 1671
::1 - - [20/Aug/2024:16:32:27 -0400] "GET /HelloPHPWorld/ HTTP/1.1" 200 1671
::1 - - [20/Aug/2024:16:32:45 -0400] "GET /HelloPHPWorld/traitement.php?nom=&photo=&jeu=&citation= HTTP/1.1" 200 743
::1 - - [20/Aug/2024:16:32:47 -0400] "GET /HelloPHPWorld/ HTTP/1.1" 200 1636
::1 - - [20/Aug/2024:16:33:46 -0400] "GET /HelloPHPWorld/ HTTP/1.1" 200 1689
::1 - - [20/Aug/2024:16:33:46 -0400] "GET /HelloPHPWorld/style.css HTTP/1.1" 304 -
::1 - - [20/Aug/2024:16:34:15 -0400] "GET /HelloPHPWorld/ HTTP/1.1" 200 1713
::1 - - [20/Aug/2024:16:34:48 -0400] "GET /HelloPHPWorld/ HTTP/1.1" 200 1736
::1 - - [20/Aug/2024:16:34:49 -0400] "GET /HelloPHPWorld/ HTTP/1.1" 200 1736
::1 - - [20/Aug/2024:16:34:49 -0400] "GET /HelloPHPWorld/ HTTP/1.1" 200 1736
::1 - - [20/Aug/2024:16:34:49 -0400] "GET /HelloPHPWorld/ HTTP/1.1" 200 1736
::1 - - [20/Aug/2024:16:34:55 -0400] "GET /HelloPHPWorld/ HTTP/1.1" 200 1743
::1 - - [20/Aug/2024:16:34:56 -0400] "GET /HelloPHPWorld/ HTTP/1.1" 200 1743
::1 - - [20/Aug/2024:16:34:56 -0400] "GET /HelloPHPWorld/ HTTP/1.1" 200 1743
::1 - - [20/Aug/2024:16:35:20 -0400] "GET /HelloPHPWorld/ HTTP/1.1" 200 1690
::1 - - [20/Aug/2024:16:35:49 -0400] "GET /HelloPHPWorld/ HTTP/1.1" 200 1782
::1 - - [20/Aug/2024:16:35:50 -0400] "GET /HelloPHPWorld/style.css HTTP/1.1" 304 -
::1 - - [20/Aug/2024:16:36:26 -0400] "GET /HelloPHPWorld/traitement.php?nom=slay&photo=https%3A%2F%2Fcutecatsinhats.com%2Fwp-content%2Fuploads%2F2016%2F01%2Fpizza.jpg&jeu=R6&citation=To+Live+is+To+Die HTTP/1.1" 200 890
::1 - - [20/Aug/2024:16:36:39 -0400] "GET /HelloPHPWorld/traitement.php?nom=retsnow&photo=https%3A%2F%2Fcutecatsinhats.com%2Fwp-content%2Fuploads%2F2016%2F01%2Fpizza.jpg&jeu=R6&citation=To+Live+is+To+Die HTTP/1.1" 200 832
::1 - - [20/Aug/2024:16:38:18 -0400] "GET /HelloPHPWorld/traitement.php?nom=retsnow&photo=https%3A%2F%2Fcutecatsinhats.com%2Fwp-content%2Fuploads%2F2016%2F01%2Fpizza.jpg&jeu=R6&citation=To+Live+is+To+Die HTTP/1.1" 200 832
::1 - - [20/Aug/2024:16:49:01 -0400] "GET /HelloPHPWorld/ HTTP/1.1" 200 1777
::1 - - [20/Aug/2024:16:49:01 -0400] "GET /HelloPHPWorld/style.css HTTP/1.1" 304 -
::1 - - [20/Aug/2024:16:49:01 -0400] "GET /favicon.ico HTTP/1.1" 404 309
::1 - - [20/Aug/2024:16:49:57 -0400] "GET /HelloPHPWorld/ HTTP/1.1" 200 1777
::1 - - [20/Aug/2024:16:50:40 -0400] "GET /HelloPHPWorld/ HTTP/1.1" 200 1777
::1 - - [20/Aug/2024:16:50:50 -0400] "GET /HelloPHPWorld/ HTTP/1.1" 200 1777
::1 - - [20/Aug/2024:16:51:10 -0400] "GET /HelloPHPWorld/ HTTP/1.1" 200 1791
::1 - - [20/Aug/2024:16:51:10 -0400] "GET /HelloPHPWorld/ HTTP/1.1" 200 1791
::1 - - [20/Aug/2024:16:51:10 -0400] "GET /HelloPHPWorld/ HTTP/1.1" 200 1791
::1 - - [20/Aug/2024:16:52:18 -0400] "GET /HelloPHPWorld/ HTTP/1.1" 200 1777
::1 - - [20/Aug/2024:16:52:19 -0400] "GET /HelloPHPWorld/style.css HTTP/1.1" 200 216
::1 - - [20/Aug/2024:16:52:19 -0400] "GET /favicon.ico HTTP/1.1" 404 309
::1 - - [20/Aug/2024:16:52:30 -0400] "GET /HelloPHPWorld/ HTTP/1.1" 200 1778
::1 - - [20/Aug/2024:16:52:30 -0400] "GET /HelloPHPWorld/style.css HTTP/1.1" 304 -
::1 - - [20/Aug/2024:16:52:30 -0400] "GET /HelloPHPWorld/ HTTP/1.1" 200 1778
::1 - - [20/Aug/2024:16:52:31 -0400] "GET /HelloPHPWorld/ HTTP/1.1" 200 1778
::1 - - [20/Aug/2024:16:52:31 -0400] "GET /HelloPHPWorld/ HTTP/1.1" 200 1778
::1 - - [20/Aug/2024:16:52:31 -0400] "GET /HelloPHPWorld/ HTTP/1.1" 200 1778
::1 - - [20/Aug/2024:16:52:31 -0400] "GET /HelloPHPWorld/ HTTP/1.1" 200 1778
::1 - - [20/Aug/2024:16:52:52 -0400] "GET /HelloPHPWorld/ HTTP/1.1" 200 1778
::1 - - [20/Aug/2024:16:52:52 -0400] "GET /HelloPHPWorld/style.css HTTP/1.1" 200 235
::1 - - [20/Aug/2024:16:53:08 -0400] "GET /HelloPHPWorld/ HTTP/1.1" 200 1772
::1 - - [20/Aug/2024:16:53:08 -0400] "GET /HelloPHPWorld/style.css HTTP/1.1" 304 -
::1 - - [20/Aug/2024:16:53:14 -0400] "GET /HelloPHPWorld/ HTTP/1.1" 200 1778
::1 - - [20/Aug/2024:16:53:14 -0400] "GET /HelloPHPWorld/style.css HTTP/1.1" 304 -
::1 - - [20/Aug/2024:16:53:21 -0400] "GET /HelloPHPWorld/ HTTP/1.1" 200 1772
::1 - - [20/Aug/2024:16:53:21 -0400] "GET /HelloPHPWorld/style.css HTTP/1.1" 304 -
::1 - - [20/Aug/2024:16:53:37 -0400] "GET /HelloPHPWorld/ HTTP/1.1" 200 1772
::1 - - [20/Aug/2024:16:53:37 -0400] "GET /HelloPHPWorld/style.css HTTP/1.1" 304 -
::1 - - [20/Aug/2024:16:53:38 -0400] "GET /HelloPHPWorld/ HTTP/1.1" 200 1772
::1 - - [20/Aug/2024:16:53:38 -0400] "GET /HelloPHPWorld/ HTTP/1.1" 200 1772
::1 - - [20/Aug/2024:16:53:38 -0400] "GET /HelloPHPWorld/ HTTP/1.1" 200 1772
::1 - - [20/Aug/2024:16:53:51 -0400] "GET /HelloPHPWorld/ HTTP/1.1" 200 1772
::1 - - [20/Aug/2024:16:53:51 -0400] "GET /HelloPHPWorld/style.css HTTP/1.1" 304 -
::1 - - [20/Aug/2024:16:54:10 -0400] "GET /HelloPHPWorld/ HTTP/1.1" 200 1766
::1 - - [20/Aug/2024:16:54:10 -0400] "GET /HelloPHPWorld/style.css HTTP/1.1" 304 -
::1 - - [20/Aug/2024:16:54:11 -0400] "GET /HelloPHPWorld/ HTTP/1.1" 200 1766
::1 - - [20/Aug/2024:16:54:11 -0400] "GET /HelloPHPWorld/ HTTP/1.1" 200 1766
::1 - - [20/Aug/2024:16:54:11 -0400] "GET /HelloPHPWorld/ HTTP/1.1" 200 1766
::1 - - [20/Aug/2024:16:54:23 -0400] "GET /HelloPHPWorld/ HTTP/1.1" 200 1766
::1 - - [20/Aug/2024:16:54:23 -0400] "GET /HelloPHPWorld/style.css HTTP/1.1" 200 235
::1 - - [20/Aug/2024:16:54:23 -0400] "GET /favicon.ico HTTP/1.1" 404 309
::1 - - [20/Aug/2024:16:54:38 -0400] "GET /HelloPHPWorld/ HTTP/1.1" 200 1772
::1 - - [20/Aug/2024:16:54:38 -0400] "GET /HelloPHPWorld/style.css HTTP/1.1" 304 -
::1 - - [20/Aug/2024:16:54:39 -0400] "GET /HelloPHPWorld/ HTTP/1.1" 200 1772
::1 - - [20/Aug/2024:16:54:39 -0400] "GET /HelloPHPWorld/ HTTP/1.1" 200 1772
::1 - - [20/Aug/2024:16:54:44 -0400] "GET /HelloPHPWorld/ HTTP/1.1" 200 1778
::1 - - [20/Aug/2024:16:54:49 -0400] "GET /HelloPHPWorld/style.css HTTP/1.1" 304 -
::1 - - [20/Aug/2024:16:56:09 -0400] "GET /HelloPHPWorld/ HTTP/1.1" 200 1778
::1 - - [20/Aug/2024:16:56:09 -0400] "GET /HelloPHPWorld/style.css HTTP/1.1" 304 -
::1 - - [20/Aug/2024:16:57:22 -0400] "GET /HelloPHPWorld/ HTTP/1.1" 200 1773
::1 - - [20/Aug/2024:16:57:22 -0400] "GET /HelloPHPWorld/style.css HTTP/1.1" 304 -
::1 - - [20/Aug/2024:16:57:35 -0400] "GET /HelloPHPWorld/ HTTP/1.1" 200 1768
::1 - - [20/Aug/2024:16:57:50 -0400] "GET /HelloPHPWorld/ HTTP/1.1" 200 1772
::1 - - [20/Aug/2024:16:57:50 -0400] "GET /HelloPHPWorld/style.css HTTP/1.1" 304 -
::1 - - [20/Aug/2024:16:57:55 -0400] "GET /HelloPHPWorld/ HTTP/1.1" 200 1772
::1 - - [20/Aug/2024:17:00:38 -0400] "GET /HelloPHPWorld/traitement.php?nom=&photo=&jeu=&citation= HTTP/1.1" 200 964
::1 - - [20/Aug/2024:17:00:38 -0400] "GET /HelloPHPWorld/style.css HTTP/1.1" 304 -
::1 - - [20/Aug/2024:17:00:58 -0400] "GET /HelloPHPWorld/traitement.php?nom=retsnow&photo=&jeu=&citation= HTTP/1.1" 200 971
::1 - - [20/Aug/2024:17:01:26 -0400] "GET /HelloPHPWorld/traitement.php?nom=retsnow&photo=&jeu=&citation= HTTP/1.1" 200 982
::1 - - [20/Aug/2024:17:01:26 -0400] "GET /HelloPHPWorld/style.css HTTP/1.1" 304 -
::1 - - [20/Aug/2024:17:01:26 -0400] "GET /HelloPHPWorld/traitement.php?nom=retsnow&photo=&jeu=&citation= HTTP/1.1" 200 982
::1 - - [20/Aug/2024:17:01:26 -0400] "GET /HelloPHPWorld/traitement.php?nom=retsnow&photo=&jeu=&citation= HTTP/1.1" 200 982
::1 - - [20/Aug/2024:17:01:27 -0400] "GET /HelloPHPWorld/traitement.php?nom=retsnow&photo=&jeu=&citation= HTTP/1.1" 200 982
::1 - - [20/Aug/2024:17:01:32 -0400] "GET /HelloPHPWorld/traitement.php?nom=Retsnow&photo=&jeu=&citation= HTTP/1.1" 200 982
::1 - - [20/Aug/2024:17:02:57 -0400] "GET /HelloPHPWorld/traitement.php?nom=Retsnow&photo=&jeu=&citation= HTTP/1.1" 200 978
::1 - - [20/Aug/2024:17:02:57 -0400] "GET /HelloPHPWorld/style.css HTTP/1.1" 304 -
::1 - - [20/Aug/2024:17:04:59 -0400] "GET /HelloPHPWorld/traitement.php?nom=Retsnow&photo=&jeu=&citation= HTTP/1.1" 200 1053
::1 - - [20/Aug/2024:17:04:59 -0400] "GET /HelloPHPWorld/style.css HTTP/1.1" 304 -
::1 - - [20/Aug/2024:17:06:04 -0400] "GET /HelloPHPWorld/traitement.php?nom=Retsnow&photo=&jeu=&citation= HTTP/1.1" 200 1137
::1 - - [20/Aug/2024:17:06:09 -0400] "GET /HelloPHPWorld/traitement.php?nom=Retsnow&photo=https%3A%2F%2Fcutecatsinhats.com%2Fwp-content%2Fuploads%2F2016%2F01%2Fpizza.jpg&jeu=&citation= HTTP/1.1" 200 1200
::1 - - [20/Aug/2024:17:06:25 -0400] "GET /HelloPHPWorld/traitement.php?nom=Slay&photo=https%3A%2F%2Fcutecatsinhats.com%2Fwp-content%2Fuploads%2F2016%2F01%2Fpizza.jpg&jeu=&citation= HTTP/1.1" 200 1197
::1 - - [20/Aug/2024:17:06:25 -0400] "GET /HelloPHPWorld/style.css HTTP/1.1" 304 -
::1 - - [20/Aug/2024:17:06:29 -0400] "GET /HelloPHPWorld/traitement.php?nom=slay&photo=https%3A%2F%2Fcutecatsinhats.com%2Fwp-content%2Fuploads%2F2016%2F01%2Fpizza.jpg&jeu=&citation= HTTP/1.1" 200 1258
::1 - - [20/Aug/2024:17:06:39 -0400] "GET /HelloPHPWorld/traitement.php?nom=retsnow&photo=https%3A%2F%2Fcutecatsinhats.com%2Fwp-content%2Fuploads%2F2016%2F01%2Fpizza.jpg&jeu=&citation= HTTP/1.1" 200 1200
::1 - - [20/Aug/2024:17:06:43 -0400] "GET /HelloPHPWorld/traitement.php?nom=slay&photo=https%3A%2F%2Fcutecatsinhats.com%2Fwp-content%2Fuploads%2F2016%2F01%2Fpizza.jpg&jeu=&citation= HTTP/1.1" 200 1258
::1 - - [20/Aug/2024:17:06:57 -0400] "GET /HelloPHPWorld/traitement.php?nom=slay&photo=https%3A%2F%2Fcutecatsinhats.com%2Fwp-content%2Fuploads%2F2016%2F01%2Fpizza.jpg&jeu=&citation= HTTP/1.1" 200 1263
::1 - - [20/Aug/2024:17:06:58 -0400] "GET /HelloPHPWorld/traitement.php?nom=slay&photo=https%3A%2F%2Fcutecatsinhats.com%2Fwp-content%2Fuploads%2F2016%2F01%2Fpizza.jpg&jeu=&citation= HTTP/1.1" 200 1263
::1 - - [20/Aug/2024:17:06:58 -0400] "GET /HelloPHPWorld/traitement.php?nom=slay&photo=https%3A%2F%2Fcutecatsinhats.com%2Fwp-content%2Fuploads%2F2016%2F01%2Fpizza.jpg&jeu=&citation= HTTP/1.1" 200 1263
::1 - - [20/Aug/2024:17:06:58 -0400] "GET /HelloPHPWorld/traitement.php?nom=slay&photo=https%3A%2F%2Fcutecatsinhats.com%2Fwp-content%2Fuploads%2F2016%2F01%2Fpizza.jpg&jeu=&citation= HTTP/1.1" 200 1263
::1 - - [20/Aug/2024:17:07:02 -0400] "GET /HelloPHPWorld/traitement.php?nom=slay&photo=https%3A%2F%2Fcutecatsinhats.com%2Fwp-content%2Fuploads%2F2016%2F01%2Fpizza.jpg&jeu=&citation= HTTP/1.1" 200 1263
::1 - - [20/Aug/2024:17:07:09 -0400] "GET /HelloPHPWorld/traitement.php?nom=retsnow&photo=https%3A%2F%2Fcutecatsinhats.com%2Fwp-content%2Fuploads%2F2016%2F01%2Fpizza.jpg&jeu=&citation= HTTP/1.1" 200 1205
::1 - - [20/Aug/2024:17:07:16 -0400] "GET /HelloPHPWorld/traitement.php?nom=retsnow&photo=https%3A%2F%2Fcutecatsinhats.com%2Fwp-content%2Fuploads%2F2016%2F01%2Fpizza.jpg&jeu=&citation= HTTP/1.1" 200 1195
::1 - - [20/Aug/2024:17:07:18 -0400] "GET /HelloPHPWorld/traitement.php?nom=retsnow&photo=https%3A%2F%2Fcutecatsinhats.com%2Fwp-content%2Fuploads%2F2016%2F01%2Fpizza.jpg&jeu=&citation= HTTP/1.1" 200 1195
::1 - - [20/Aug/2024:17:07:18 -0400] "GET /HelloPHPWorld/traitement.php?nom=retsnow&photo=https%3A%2F%2Fcutecatsinhats.com%2Fwp-content%2Fuploads%2F2016%2F01%2Fpizza.jpg&jeu=&citation= HTTP/1.1" 200 1195
::1 - - [20/Aug/2024:17:07:18 -0400] "GET /HelloPHPWorld/traitement.php?nom=retsnow&photo=https%3A%2F%2Fcutecatsinhats.com%2Fwp-content%2Fuploads%2F2016%2F01%2Fpizza.jpg&jeu=&citation= HTTP/1.1" 200 1195
::1 - - [20/Aug/2024:17:07:20 -0400] "GET /HelloPHPWorld/traitement.php?nom=retsnow&photo=https%3A%2F%2Fcutecatsinhats.com%2Fwp-content%2Fuploads%2F2016%2F01%2Fpizza.jpg&jeu=&citation= HTTP/1.1" 200 1195
::1 - - [20/Aug/2024:17:07:34 -0400] "GET /HelloPHPWorld/traitement.php?nom=retsnow&photo=https%3A%2F%2Fcutecatsinhats.com%2Fwp-content%2Fuploads%2F2016%2F01%2Fpizza.jpg&jeu=&citation= HTTP/1.1" 200 1205
::1 - - [20/Aug/2024:17:07:36 -0400] "GET /HelloPHPWorld/traitement.php?nom=retsnow&photo=https%3A%2F%2Fcutecatsinhats.com%2Fwp-content%2Fuploads%2F2016%2F01%2Fpizza.jpg&jeu=&citation= HTTP/1.1" 200 1205
::1 - - [20/Aug/2024:17:07:38 -0400] "GET /HelloPHPWorld/traitement.php?nom=retsnow&photo=https%3A%2F%2Fcutecatsinhats.com%2Fwp-content%2Fuploads%2F2016%2F01%2Fpizza.jpg&jeu=&citation= HTTP/1.1" 200 1205
::1 - - [20/Aug/2024:17:09:18 -0400] "GET /HelloPHPWorld/traitement.php?nom=retsnow&photo=https%3A%2F%2Fcutecatsinhats.com%2Fwp-content%2Fuploads%2F2016%2F01%2Fpizza.jpg&jeu=&citation= HTTP/1.1" 200 1389
::1 - - [20/Aug/2024:17:09:18 -0400] "GET /HelloPHPWorld/style.css HTTP/1.1" 304 -
::1 - - [20/Aug/2024:17:09:23 -0400] "GET /HelloPHPWorld/traitement.php?nom=retsnow&photo=https%3A%2F%2Fcutecatsinhats.com%2Fwp-content%2Fuploads%2F2016%2F01%2Fpizza.jpg&jeu=R6&citation=To+Live+is+To+Die HTTP/1.1" 200 1408
::1 - - [20/Aug/2024:17:10:00 -0400] "GET /HelloPHPWorld/traitement.php?nom=retsnow&photo=https%3A%2F%2Fcutecatsinhats.com%2Fwp-content%2Fuploads%2F2016%2F01%2Fpizza.jpg&jeu=R6&citation=To+Live+is+To+Die HTTP/1.1" 200 1425
::1 - - [20/Aug/2024:17:10:15 -0400] "GET /HelloPHPWorld/traitement.php?nom=retsnow&photo=https%3A%2F%2Fcutecatsinhats.com%2Fwp-content%2Fuploads%2F2016%2F01%2Fpizza.jpg&jeu=R6&citation=To+Live+is+To+Die HTTP/1.1" 200 1444
::1 - - [20/Aug/2024:17:10:24 -0400] "GET /HelloPHPWorld/traitement.php?nom=retsnow&photo=https%3A%2F%2Fcutecatsinhats.com%2Fwp-content%2Fuploads%2F2016%2F01%2Fpizza.jpg&jeu=R6&citation=To+Live+is+To+Die HTTP/1.1" 200 1449
::1 - - [20/Aug/2024:17:14:31 -0400] "GET /HelloPHPWorld/traitement.php?nom=retsnow&photo=https%3A%2F%2Fcutecatsinhats.com%2Fwp-content%2Fuploads%2F2016%2F01%2Fpizza.jpg&jeu=R6&citation=To+Live+is+To+Die HTTP/1.1" 200 1482
::1 - - [20/Aug/2024:17:14:32 -0400] "GET /HelloPHPWorld/style.css HTTP/1.1" 304 -
::1 - - [20/Aug/2024:17:14:32 -0400] "GET /HelloPHPWorld/traitement.php?nom=retsnow&photo=https%3A%2F%2Fcutecatsinhats.com%2Fwp-content%2Fuploads%2F2016%2F01%2Fpizza.jpg&jeu=R6&citation=To+Live+is+To+Die HTTP/1.1" 200 1482
::1 - - [20/Aug/2024:17:14:33 -0400] "GET /HelloPHPWorld/traitement.php?nom=retsnow&photo=https%3A%2F%2Fcutecatsinhats.com%2Fwp-content%2Fuploads%2F2016%2F01%2Fpizza.jpg&jeu=R6&citation=To+Live+is+To+Die HTTP/1.1" 200 1482
::1 - - [20/Aug/2024:17:14:47 -0400] "GET /HelloPHPWorld/traitement.php?nom=retsnow&photo=https%3A%2F%2Fcutecatsinhats.com%2Fwp-content%2Fuploads%2F2016%2F01%2Fpizza.jpg&jeu=R6&citation=To+Live+is+To+Die HTTP/1.1" 200 884
::1 - - [20/Aug/2024:17:15:47 -0400] "GET /HelloPHPWorld/traitement.php?nom=retsnow&photo=https%3A%2F%2Fcutecatsinhats.com%2Fwp-content%2Fuploads%2F2016%2F01%2Fpizza.jpg&jeu=R6&citation=To+Live+is+To+Die HTTP/1.1" 200 1471
::1 - - [20/Aug/2024:17:15:56 -0400] "GET /HelloPHPWorld/traitement.php?secret=retsnow&photo=https%3A%2F%2Fcutecatsinhats.com%2Fwp-content%2Fuploads%2F2016%2F01%2Fpizza.jpg&jeu=R6&citation=To+Live+is+To+Die HTTP/1.1" 200 2874
::1 - - [20/Aug/2024:17:16:50 -0400] "GET /HelloPHPWorld/traitement.php?secret=retsnow&photo=https%3A%2F%2Fcutecatsinhats.com%2Fwp-content%2Fuploads%2F2016%2F01%2Fpizza.jpg&jeu=R6&citation=To+Live+is+To+Die HTTP/1.1" 200 898
::1 - - [20/Aug/2024:17:16:50 -0400] "GET /HelloPHPWorld/style.css HTTP/1.1" 304 -
::1 - - [20/Aug/2024:17:17:31 -0400] "GET /HelloPHPWorld/traitement.php?secret=retsnow&photo=https%3A%2F%2Fcutecatsinhats.com%2Fwp-content%2Fuploads%2F2016%2F01%2Fpizza.jpg&jeu=R6&citation=To+Live+is+To+Die HTTP/1.1" 200 894
::1 - - [20/Aug/2024:17:17:57 -0400] "GET /HelloPHPWorld/traitement.php?secret=retsnow&photo=https%3A%2F%2Fcutecatsinhats.com%2Fwp-content%2Fuploads%2F2016%2F01%2Fpizza.jpg&jeu=R6&citation=To+Live+is+To+Die HTTP/1.1" 200 913
::1 - - [20/Aug/2024:17:17:58 -0400] "GET /HelloPHPWorld/traitement.php?secret=retsnow&photo=https%3A%2F%2Fcutecatsinhats.com%2Fwp-content%2Fuploads%2F2016%2F01%2Fpizza.jpg&jeu=R6&citation=To+Live+is+To+Die HTTP/1.1" 200 913
::1 - - [20/Aug/2024:17:17:58 -0400] "GET /HelloPHPWorld/traitement.php?secret=retsnow&photo=https%3A%2F%2Fcutecatsinhats.com%2Fwp-content%2Fuploads%2F2016%2F01%2Fpizza.jpg&jeu=R6&citation=To+Live+is+To+Die HTTP/1.1" 200 913
::1 - - [20/Aug/2024:17:18:09 -0400] "GET /HelloPHPWorld/traitement.php?secret=retsnow&photo=https%3A%2F%2Fcutecatsinhats.com%2Fwp-content%2Fuploads%2F2016%2F01%2Fpizza.jpg&jeu=R6&citation=To+Live+is+To+Die HTTP/1.1" 200 913
::1 - - [20/Aug/2024:17:18:10 -0400] "GET /HelloPHPWorld/traitement.php?secret=retsnow&photo=https%3A%2F%2Fcutecatsinhats.com%2Fwp-content%2Fuploads%2F2016%2F01%2Fpizza.jpg&jeu=R6&citation=To+Live+is+To+Die HTTP/1.1" 200 913
::1 - - [20/Aug/2024:17:18:10 -0400] "GET /HelloPHPWorld/traitement.php?secret=retsnow&photo=https%3A%2F%2Fcutecatsinhats.com%2Fwp-content%2Fuploads%2F2016%2F01%2Fpizza.jpg&jeu=R6&citation=To+Live+is+To+Die HTTP/1.1" 200 913
::1 - - [20/Aug/2024:17:18:23 -0400] "GET /HelloPHPWorld/traitement.php?secret=retsnow&photo=https%3A%2F%2Fcutecatsinhats.com%2Fwp-content%2Fuploads%2F2016%2F01%2Fpizza.jpg&jeu=R6&citation=To+Live+is+To+Die HTTP/1.1" 200 975
::1 - - [20/Aug/2024:17:18:24 -0400] "GET /HelloPHPWorld/traitement.php?secret=retsnow&photo=https%3A%2F%2Fcutecatsinhats.com%2Fwp-content%2Fuploads%2F2016%2F01%2Fpizza.jpg&jeu=R6&citation=To+Live+is+To+Die HTTP/1.1" 200 975
::1 - - [20/Aug/2024:17:18:35 -0400] "GET /HelloPHPWorld/traitement.php?secret=retsnow&photo=https%3A%2F%2Fcutecatsinhats.com%2Fwp-content%2Fuploads%2F2016%2F01%2Fpizza.jpg&jeu=R6&citation=To+Live+is+To+Die HTTP/1.1" 200 951
::1 - - [20/Aug/2024:17:18:53 -0400] "GET /HelloPHPWorld/traitement.php?secret=retsnow&photo=https%3A%2F%2Fcutecatsinhats.com%2Fwp-content%2Fuploads%2F2016%2F01%2Fpizza.jpg&jeu=R6&citation=To+Live+is+To+Die HTTP/1.1" 200 965
::1 - - [20/Aug/2024:17:19:04 -0400] "GET /HelloPHPWorld/traitement.php?secret=retsnow&photo=https%3A%2F%2Fcutecatsinhats.com%2Fwp-content%2Fuploads%2F2016%2F01%2Fpizza.jpg&jeu=R6&citation=To+Live+is+To+Die HTTP/1.1" 200 974
::1 - - [20/Aug/2024:17:19:05 -0400] "GET /HelloPHPWorld/traitement.php?secret=retsnow&photo=https%3A%2F%2Fcutecatsinhats.com%2Fwp-content%2Fuploads%2F2016%2F01%2Fpizza.jpg&jeu=R6&citation=To+Live+is+To+Die HTTP/1.1" 200 974
::1 - - [20/Aug/2024:17:19:05 -0400] "GET /HelloPHPWorld/traitement.php?secret=retsnow&photo=https%3A%2F%2Fcutecatsinhats.com%2Fwp-content%2Fuploads%2F2016%2F01%2Fpizza.jpg&jeu=R6&citation=To+Live+is+To+Die HTTP/1.1" 200 974
::1 - - [20/Aug/2024:17:19:13 -0400] "GET /HelloPHPWorld/traitement.php?secret=retsnow&photo=https%3A%2F%2Fcutecatsinhats.com%2Fwp-content%2Fuploads%2F2016%2F01%2Fpizza.jpg&jeu=R6&citation=To+Live+is+To+Die HTTP/1.1" 200 968
::1 - - [20/Aug/2024:17:19:14 -0400] "GET /HelloPHPWorld/traitement.php?secret=retsnow&photo=https%3A%2F%2Fcutecatsinhats.com%2Fwp-content%2Fuploads%2F2016%2F01%2Fpizza.jpg&jeu=R6&citation=To+Live+is+To+Die HTTP/1.1" 200 968
::1 - - [20/Aug/2024:17:19:14 -0400] "GET /HelloPHPWorld/style.css HTTP/1.1" 304 -
::1 - - [20/Aug/2024:17:19:15 -0400] "GET /HelloPHPWorld/traitement.php?secret=retsnow&photo=https%3A%2F%2Fcutecatsinhats.com%2Fwp-content%2Fuploads%2F2016%2F01%2Fpizza.jpg&jeu=R6&citation=To+Live+is+To+Die HTTP/1.1" 200 968
::1 - - [20/Aug/2024:17:19:15 -0400] "GET /HelloPHPWorld/traitement.php?secret=retsnow&photo=https%3A%2F%2Fcutecatsinhats.com%2Fwp-content%2Fuploads%2F2016%2F01%2Fpizza.jpg&jeu=R6&citation=To+Live+is+To+Die HTTP/1.1" 200 968
::1 - - [20/Aug/2024:17:19:15 -0400] "GET /HelloPHPWorld/traitement.php?secret=retsnow&photo=https%3A%2F%2Fcutecatsinhats.com%2Fwp-content%2Fuploads%2F2016%2F01%2Fpizza.jpg&jeu=R6&citation=To+Live+is+To+Die HTTP/1.1" 200 968
::1 - - [20/Aug/2024:17:19:20 -0400] "GET /HelloPHPWorld/traitement.php?secret=retsnow&photo=https%3A%2F%2Fcutecatsinhats.com%2Fwp-content%2Fuploads%2F2016%2F01%2Fpizza.jpg&jeu=R6&citation=To+Live+is+To+Die HTTP/1.1" 200 962
::1 - - [20/Aug/2024:17:19:20 -0400] "GET /HelloPHPWorld/traitement.php?secret=retsnow&photo=https%3A%2F%2Fcutecatsinhats.com%2Fwp-content%2Fuploads%2F2016%2F01%2Fpizza.jpg&jeu=R6&citation=To+Live+is+To+Die HTTP/1.1" 200 962
::1 - - [20/Aug/2024:17:19:20 -0400] "GET /HelloPHPWorld/traitement.php?secret=retsnow&photo=https%3A%2F%2Fcutecatsinhats.com%2Fwp-content%2Fuploads%2F2016%2F01%2Fpizza.jpg&jeu=R6&citation=To+Live+is+To+Die HTTP/1.1" 200 962
::1 - - [20/Aug/2024:17:19:21 -0400] "GET /HelloPHPWorld/traitement.php?secret=retsnow&photo=https%3A%2F%2Fcutecatsinhats.com%2Fwp-content%2Fuploads%2F2016%2F01%2Fpizza.jpg&jeu=R6&citation=To+Live+is+To+Die HTTP/1.1" 200 962
::1 - - [20/Aug/2024:17:19:25 -0400] "GET /HelloPHPWorld/traitement.php?secret=retsnow&photo=https%3A%2F%2Fcutecatsinhats.com%2Fwp-content%2Fuploads%2F2016%2F01%2Fpizza.jpg&jeu=R6&citation=To+Live+is+To+Die HTTP/1.1" 200 962
::1 - - [20/Aug/2024:17:19:30 -0400] "GET /HelloPHPWorld/traitement.php?nom=retsnow&photo=https%3A%2F%2Fcutecatsinhats.com%2Fwp-content%2Fuploads%2F2016%2F01%2Fpizza.jpg&jeu=R6&citation=To+Live+is+To+Die HTTP/1.1" 200 1473
::1 - - [20/Aug/2024:17:19:33 -0400] "GET /HelloPHPWorld/traitement.php?nom=retsnow&photo=https%3A%2F%2Fcutecatsinhats.com%2Fwp-content%2Fuploads%2F2016%2F01%2Fpizza.jpg&jeu=R6&citation=To+Live+is+To+Die HTTP/1.1" 200 1473
::1 - - [20/Aug/2024:17:19:48 -0400] "GET /HelloPHPWorld/traitement.php?nom=secret&photo=https%3A%2F%2Fcutecatsinhats.com%2Fwp-content%2Fuploads%2F2016%2F01%2Fpizza.jpg&jeu=R6&citation=To+Live+is+To+Die HTTP/1.1" 200 1472
::1 - - [20/Aug/2024:17:19:55 -0400] "GET /HelloPHPWorld/traitement.php?nom=secret&photo=https%3A%2F%2Fcutecatsinhats.com%2Fwp-content%2Fuploads%2F2016%2F01%2Fpizza.jpg&jeu=R6&citation=To+Live+is+To+Die HTTP/1.1" 200 1472
::1 - - [20/Aug/2024:17:19:56 -0400] "GET /HelloPHPWorld/traitement.php?nom=secret&photo=https%3A%2F%2Fcutecatsinhats.com%2Fwp-content%2Fuploads%2F2016%2F01%2Fpizza.jpg&jeu=R6&citation=To+Live+is+To+Die HTTP/1.1" 200 1472
::1 - - [20/Aug/2024:17:20:02 -0400] "GET /HelloPHPWorld/traitement.php?secret=secret&photo=https%3A%2F%2Fcutecatsinhats.com%2Fwp-content%2Fuploads%2F2016%2F01%2Fpizza.jpg&jeu=R6&citation=To+Live+is+To+Die HTTP/1.1" 200 962
::1 - - [20/Aug/2024:17:24:02 -0400] "GET /HelloPHPWorld/traitement.php?nom=retsnow&photo=https%3A%2F%2Fcutecatsinhats.com%2Fwp-content%2Fuploads%2F2016%2F01%2Fpizza.jpg&jeu=R6&citation=To+Live+is+To+Die HTTP/1.1" 200 1534
::1 - - [20/Aug/2024:17:24:02 -0400] "GET /HelloPHPWorld/style.css HTTP/1.1" 304 -
::1 - - [20/Aug/2024:17:24:03 -0400] "GET /HelloPHPWorld/traitement.php?nom=retsnow&photo=https%3A%2F%2Fcutecatsinhats.com%2Fwp-content%2Fuploads%2F2016%2F01%2Fpizza.jpg&jeu=R6&citation=To+Live+is+To+Die HTTP/1.1" 200 1534
::1 - - [20/Aug/2024:17:24:17 -0400] "GET /HelloPHPWorld/traitement.php?nom=retsnow&photo=https%3A%2F%2Fcutecatsinhats.com%2Fwp-content%2Fuploads%2F2016%2F01%2Fpizza.jpg&jeu=R6&citation=To+Live+is+To+Die HTTP/1.1" 200 1534
::1 - - [20/Aug/2024:17:24:20 -0400] "GET /HelloPHPWorld/traitement.php?nom=slay&photo=https%3A%2F%2Fcutecatsinhats.com%2Fwp-content%2Fuploads%2F2016%2F01%2Fpizza.jpg&jeu=R6&citation=To+Live+is+To+Die HTTP/1.1" 200 1470
::1 - - [20/Aug/2024:17:24:26 -0400] "GET /HelloPHPWorld/traitement.php?nom=SlaY&photo=https%3A%2F%2Fcutecatsinhats.com%2Fwp-content%2Fuploads%2F2016%2F01%2Fpizza.jpg&jeu=R6&citation=To+Live+is+To+Die HTTP/1.1" 200 1470
::1 - - [20/Aug/2024:17:24:46 -0400] "GET /HelloPHPWorld/ HTTP/1.1" 200 1771
::1 - - [20/Aug/2024:17:24:47 -0400] "GET /HelloPHPWorld/traitement.php?nom=&photo=&jeu=&citation= HTTP/1.1" 200 1384
::1 - - [20/Aug/2024:17:24:54 -0400] "GET /HelloPHPWorld/traitement.php?nom=Jeremy&photo=https%3A%2F%2Fcutecatsinhats.com%2Fwp-content%2Fuploads%2F2016%2F01%2Fpizza.jpg&jeu=R6&citation=To+Live+is+To+Die HTTP/1.1" 200 1472
::1 - - [20/Aug/2024:17:24:59 -0400] "GET /HelloPHPWorld/traitement.php?nom=slay&photo=https%3A%2F%2Fcutecatsinhats.com%2Fwp-content%2Fuploads%2F2016%2F01%2Fpizza.jpg&jeu=R6&citation=To+Live+is+To+Die HTTP/1.1" 200 1531
::1 - - [20/Aug/2024:17:25:04 -0400] "GET /HelloPHPWorld/traitement.php?nom=SLAY&photo=https%3A%2F%2Fcutecatsinhats.com%2Fwp-content%2Fuploads%2F2016%2F01%2Fpizza.jpg&jeu=R6&citation=To+Live+is+To+Die HTTP/1.1" 200 1531
::1 - - [20/Aug/2024:17:25:10 -0400] "GET /HelloPHPWorld/traitement.php?nom=SLAY&photo=https%3A%2F%2Fcutecatsinhats.com%2Fwp-content%2Fuploads%2F2016%2F01%2Fpizza.jpg&jeu=R6&citation=To+Live+is+To+Die HTTP/1.1" 200 1531
::1 - - [20/Aug/2024:17:25:19 -0400] "GET /HelloPHPWorld/traitement.php?nom=SLAY&secret=https%3A%2F%2Fcutecatsinhats.com%2Fwp-content%2Fuploads%2F2016%2F01%2Fpizza.jpg&jeu=R6&citation=To+Live+is+To+Die HTTP/1.1" 200 962
::1 - - [20/Aug/2024:17:27:08 -0400] "GET /HelloPHPWorld/traitement.php?nom=retsnow&photo=https%3A%2F%2Fcutecatsinhats.com%2Fwp-content%2Fuploads%2F2016%2F01%2Fpizza.jpg&jeu=R6&citation=To+Live+is+To+Die HTTP/1.1" 200 1426
::1 - - [20/Aug/2024:17:27:55 -0400] "GET /HelloPHPWorld/traitement.php?nom=retsnow&photo=https%3A%2F%2Fcutecatsinhats.com%2Fwp-content%2Fuploads%2F2016%2F01%2Fpizza.jpg&jeu=R6&citation=To+Live+is+To+Die HTTP/1.1" 200 1426
::1 - - [20/Aug/2024:17:27:55 -0400] "GET /HelloPHPWorld/style.css HTTP/1.1" 304 -
::1 - - [20/Aug/2024:17:28:02 -0400] "GET /HelloPHPWorld/traitement.php?secret=retsnow&photo=https%3A%2F%2Fcutecatsinhats.com%2Fwp-content%2Fuploads%2F2016%2F01%2Fpizza.jpg&jeu=R6&citation=To+Live+is+To+Die HTTP/1.1" 200 1013
::1 - - [20/Aug/2024:17:28:05 -0400] "GET /HelloPHPWorld/traitement.php?secret=retsnow&photo=https%3A%2F%2Fcutecatsinhats.com%2Fwp-content%2Fuploads%2F2016%2F01%2Fpizza.jpg&jeu=R6&citation=To+Live+is+To+Die HTTP/1.1" 200 1013
::1 - - [20/Aug/2024:17:28:27 -0400] "GET /HelloPHPWorld/traitement.php?secret=retsnow&photo=https%3A%2F%2Fcutecatsinhats.com%2Fwp-content%2Fuploads%2F2016%2F01%2Fpizza.jpg&jeu=R6&citation=To+Live+is+To+Die HTTP/1.1" 200 1076
::1 - - [20/Aug/2024:17:28:28 -0400] "GET /HelloPHPWorld/traitement.php?secret=retsnow&photo=https%3A%2F%2Fcutecatsinhats.com%2Fwp-content%2Fuploads%2F2016%2F01%2Fpizza.jpg&jeu=R6&citation=To+Live+is+To+Die HTTP/1.1" 200 1076
::1 - - [20/Aug/2024:17:28:29 -0400] "GET /HelloPHPWorld/traitement.php?secret=retsnow&photo=https%3A%2F%2Fcutecatsinhats.com%2Fwp-content%2Fuploads%2F2016%2F01%2Fpizza.jpg&jeu=R6&citation=To+Live+is+To+Die HTTP/1.1" 200 1076
::1 - - [20/Aug/2024:17:28:29 -0400] "GET /HelloPHPWorld/traitement.php?secret=retsnow&photo=https%3A%2F%2Fcutecatsinhats.com%2Fwp-content%2Fuploads%2F2016%2F01%2Fpizza.jpg&jeu=R6&citation=To+Live+is+To+Die HTTP/1.1" 200 1076
::1 - - [20/Aug/2024:17:28:58 -0400] "GET /HelloPHPWorld/traitement.php?secret=retsnow&photo=https%3A%2F%2Fcutecatsinhats.com%2Fwp-content%2Fuploads%2F2016%2F01%2Fpizza.jpg&jeu=R6&citation=To+Live+is+To+Die HTTP/1.1" 200 1082
::1 - - [20/Aug/2024:17:28:59 -0400] "GET /HelloPHPWorld/traitement.php?secret=retsnow&photo=https%3A%2F%2Fcutecatsinhats.com%2Fwp-content%2Fuploads%2F2016%2F01%2Fpizza.jpg&jeu=R6&citation=To+Live+is+To+Die HTTP/1.1" 200 1082
::1 - - [20/Aug/2024:17:28:59 -0400] "GET /HelloPHPWorld/traitement.php?secret=retsnow&photo=https%3A%2F%2Fcutecatsinhats.com%2Fwp-content%2Fuploads%2F2016%2F01%2Fpizza.jpg&jeu=R6&citation=To+Live+is+To+Die HTTP/1.1" 200 1082
::1 - - [20/Aug/2024:17:29:13 -0400] "GET /HelloPHPWorld/traitement.php?secret=retsnow&photo=https%3A%2F%2Fcutecatsinhats.com%2Fwp-content%2Fuploads%2F2016%2F01%2Fpizza.jpg&jeu=R6&citation=To+Live+is+To+Die HTTP/1.1" 200 982
::1 - - [20/Aug/2024:17:29:14 -0400] "GET /HelloPHPWorld/traitement.php?secret=retsnow&photo=https%3A%2F%2Fcutecatsinhats.com%2Fwp-content%2Fuploads%2F2016%2F01%2Fpizza.jpg&jeu=R6&citation=To+Live+is+To+Die HTTP/1.1" 200 982
::1 - - [20/Aug/2024:17:29:22 -0400] "GET /HelloPHPWorld/traitement.php?secret=retsnow&photo=https%3A%2F%2Fcutecatsinhats.com%2Fwp-content%2Fuploads%2F2016%2F01%2Fpizza.jpg&jeu=R6&citation=To+Live+is+To+Die HTTP/1.1" 200 976
::1 - - [20/Aug/2024:17:29:22 -0400] "GET /HelloPHPWorld/traitement.php?secret=retsnow&photo=https%3A%2F%2Fcutecatsinhats.com%2Fwp-content%2Fuploads%2F2016%2F01%2Fpizza.jpg&jeu=R6&citation=To+Live+is+To+Die HTTP/1.1" 200 976
::1 - - [20/Aug/2024:17:29:22 -0400] "GET /HelloPHPWorld/traitement.php?secret=retsnow&photo=https%3A%2F%2Fcutecatsinhats.com%2Fwp-content%2Fuploads%2F2016%2F01%2Fpizza.jpg&jeu=R6&citation=To+Live+is+To+Die HTTP/1.1" 200 976
::1 - - [20/Aug/2024:17:29:27 -0400] "GET /HelloPHPWorld/traitement.php?secret=retsnow&photo=https%3A%2F%2Fcutecatsinhats.com%2Fwp-content%2Fuploads%2F2016%2F01%2Fpizza.jpg&jeu=R6&citation=To+Live+is+To+Die HTTP/1.1" 200 970
::1 - - [20/Aug/2024:17:29:28 -0400] "GET /HelloPHPWorld/traitement.php?secret=retsnow&photo=https%3A%2F%2Fcutecatsinhats.com%2Fwp-content%2Fuploads%2F2016%2F01%2Fpizza.jpg&jeu=R6&citation=To+Live+is+To+Die HTTP/1.1" 200 970
::1 - - [20/Aug/2024:17:29:28 -0400] "GET /HelloPHPWorld/traitement.php?secret=retsnow&photo=https%3A%2F%2Fcutecatsinhats.com%2Fwp-content%2Fuploads%2F2016%2F01%2Fpizza.jpg&jeu=R6&citation=To+Live+is+To+Die HTTP/1.1" 200 970
::1 - - [20/Aug/2024:17:29:38 -0400] "GET /HelloPHPWorld/traitement.php?secret=retsnow&photo=https%3A%2F%2Fcutecatsinhats.com%2Fwp-content%2Fuploads%2F2016%2F01%2Fpizza.jpg&jeu=R6&citation=To+Live+is+To+Die HTTP/1.1" 200 952
::1 - - [20/Aug/2024:17:29:38 -0400] "GET /HelloPHPWorld/traitement.php?secret=retsnow&photo=https%3A%2F%2Fcutecatsinhats.com%2Fwp-content%2Fuploads%2F2016%2F01%2Fpizza.jpg&jeu=R6&citation=To+Live+is+To+Die HTTP/1.1" 200 952
::1 - - [20/Aug/2024:17:29:39 -0400] "GET /HelloPHPWorld/traitement.php?secret=retsnow&photo=https%3A%2F%2Fcutecatsinhats.com%2Fwp-content%2Fuploads%2F2016%2F01%2Fpizza.jpg&jeu=R6&citation=To+Live+is+To+Die HTTP/1.1" 200 952
::1 - - [20/Aug/2024:17:29:39 -0400] "GET /HelloPHPWorld/traitement.php?secret=retsnow&photo=https%3A%2F%2Fcutecatsinhats.com%2Fwp-content%2Fuploads%2F2016%2F01%2Fpizza.jpg&jeu=R6&citation=To+Live+is+To+Die HTTP/1.1" 200 952
::1 - - [20/Aug/2024:17:29:44 -0400] "GET /HelloPHPWorld/traitement.php?secret=retsnow&photo=https%3A%2F%2Fcutecatsinhats.com%2Fwp-content%2Fuploads%2F2016%2F01%2Fpizza.jpg&jeu=R6&citation=To+Live+is+To+Die HTTP/1.1" 200 937
::1 - - [20/Aug/2024:17:29:44 -0400] "GET /HelloPHPWorld/traitement.php?secret=retsnow&photo=https%3A%2F%2Fcutecatsinhats.com%2Fwp-content%2Fuploads%2F2016%2F01%2Fpizza.jpg&jeu=R6&citation=To+Live+is+To+Die HTTP/1.1" 200 937
::1 - - [20/Aug/2024:17:29:53 -0400] "GET /HelloPHPWorld/traitement.php?secret=retsnow&photo=https%3A%2F%2Fcutecatsinhats.com%2Fwp-content%2Fuploads%2F2016%2F01%2Fpizza.jpg&jeu=R6&citation=To+Live+is+To+Die HTTP/1.1" 200 970
::1 - - [20/Aug/2024:17:30:23 -0400] "GET /HelloPHPWorld/traitement.php?nom=Retsnow&photo=https%3A%2F%2Fcutecatsinhats.com%2Fwp-content%2Fuploads%2F2016%2F01%2Fpizza.jpg&jeu=R6&citation=To+Live+is+To+Die HTTP/1.1" 200 1426
::1 - - [20/Aug/2024:17:30:29 -0400] "GET /HelloPHPWorld/traitement.php?nom=slay&photo=https%3A%2F%2Fcutecatsinhats.com%2Fwp-content%2Fuploads%2F2016%2F01%2Fpizza.jpg&jeu=R6&citation=To+Live+is+To+Die HTTP/1.1" 200 1484
::1 - - [20/Aug/2024:17:30:33 -0400] "GET /HelloPHPWorld/traitement.php?nom=slay&photo=https%3A%2F%2Fcutecatsinhats.com%2Fwp-content%2Fuploads%2F2016%2F01%2Fpizza.jpg&jeu=R6&citation=To+Live+is+To+Die HTTP/1.1" 200 1484
::1 - - [20/Aug/2024:17:30:40 -0400] "GET /HelloPHPWorld/traitement.php?secret=slay&photo=https%3A%2F%2Fcutecatsinhats.com%2Fwp-content%2Fuploads%2F2016%2F01%2Fpizza.jpg&jeu=R6&citation=To+Live+is+To+Die HTTP/1.1" 200 970
::1 - - [20/Aug/2024:18:02:46 -0400] "GET / HTTP/1.1" 200 1003
::1 - - [20/Aug/2024:18:02:46 -0400] "GET /icons/folder.gif HTTP/1.1" 200 225
::1 - - [20/Aug/2024:18:02:46 -0400] "GET /icons/blank.gif HTTP/1.1" 200 148
::1 - - [20/Aug/2024:18:02:52 -0400] "GET /HelloPHPWorld/ HTTP/1.1" 200 1771
::1 - - [20/Aug/2024:18:02:52 -0400] "GET /HelloPHPWorld/style.css HTTP/1.1" 200 235
::1 - - [20/Aug/2024:18:05:03 -0400] "GET /HelloPHPWorld/traitement.php?nom=Ma%C3%ABlie&photo=https%3A%2F%2Fupload.wikimedia.org%2Fwikipedia%2Fcommons%2F3%2F38%2FFlower_July_2011-2_1_cropped.jpg&jeu=Sim&citation=It%27s+a+beautiful+day+to+save+lives HTTP/1.1" 200 1465
::1 - - [20/Aug/2024:18:05:20 -0400] "GET /HelloPHPWorld/traitement.php?nom=Ma%C3%ABlie&photo=https%3A%2F%2Fupload.wikimedia.org%2Fwikipedia%2Fcommons%2F3%2F38%2FFlower_July_2011-2_1_cropped.jpg&jeu=Sim&citation=It%27s+a+beautiful+day+to+save+lives HTTP/1.1" 200 1465
::1 - - [20/Aug/2024:18:05:43 -0400] "GET /HelloPHPWorld/traitement.php?nom=Ma%C3%ABlie&photo=https%3A%2F%2Fupload.wikimedia.org%2Fwikipedia%2Fcommons%2F3%2F38%2FFlower_July_2011-2_1_cropped.jpg&jeu=Sim&citation=It%27s+a+beautiful+day+to+save+lives HTTP/1.1" 200 1465
::1 - - [20/Aug/2024:18:06:09 -0400] "GET /HelloPHPWorld/traitement.php?nom=slay&photo=https%3A%2F%2Fupload.wikimedia.org%2Fwikipedia%2Fcommons%2F3%2F38%2FFlower_July_2011-2_1_cropped.jpg&jeu=Sim&citation=It%27s+a+beautiful+day+to+save+lives HTTP/1.1" 200 1502
::1 - - [20/Aug/2024:18:06:38 -0400] "GET /HelloPHPWorld/traitement.php?nom=slay&secret=https%3A%2F%2Fupload.wikimedia.org%2Fwikipedia%2Fcommons%2F3%2F38%2FFlower_July_2011-2_1_cropped.jpg&jeu=Sim&citation=It%27s+a+beautiful+day+to+save+lives HTTP/1.1" 200 970
::1 - - [20/Aug/2024:18:08:47 -0400] "GET /HelloPHPWorld/traitement.php?nom=Retsnow&photo=https%3A%2F%2Fupload.wikimedia.org%2Fwikipedia%2Fcommons%2F3%2F38%2FFlower_July_2011-2_1_cropped.jpg&jeu=Sim&citation=It%27s+a+beautiful+day+to+save+lives HTTP/1.1" 200 1465
::1 - - [27/Aug/2024:15:09:47 -0400] "GET /mysql/ HTTP/1.1" 200 3089
::1 - - [27/Aug/2024:15:09:49 -0400] "GET /mysql/themes/pmahomme/jquery/jquery-ui-1.11.2.css HTTP/1.1" 200 35212
::1 - - [27/Aug/2024:15:09:49 -0400] "GET /mysql/themes/pmahomme/css/printview.css?v=4.5.4.1 HTTP/1.1" 200 3082
::1 - - [27/Aug/2024:15:09:49 -0400] "GET /mysql/js/codemirror/addon/hint/show-hint.css?v=4.5.4.1 HTTP/1.1" 200 662
::1 - - [27/Aug/2024:15:09:49 -0400] "GET /mysql/js/codemirror/lib/codemirror.css?v=4.5.4.1 HTTP/1.1" 200 7771
::1 - - [27/Aug/2024:15:09:49 -0400] "GET /mysql/js/codemirror/addon/lint/lint.css?v=4.5.4.1 HTTP/1.1" 200 3068
::1 - - [27/Aug/2024:15:09:49 -0400] "GET /mysql/phpmyadmin.css.php?nocache=4363642758ltr HTTP/1.1" 200 20076
::1 - - [27/Aug/2024:15:09:50 -0400] "GET /mysql/themes/pmahomme/img/logo_right.png HTTP/1.1" 200 4548
::1 - - [27/Aug/2024:15:09:50 -0400] "GET /mysql/themes/dot.gif HTTP/1.1" 200 43
::1 - - [27/Aug/2024:15:09:49 -0400] "GET /mysql/js/whitelist.php?lang=fr&db=&collation_connection=utf8_unicode_ci&token=8aa10638bfd4f3c7e58a768b584726e3&v=4.5.4.1 HTTP/1.1" 200 482
::1 - - [27/Aug/2024:15:09:49 -0400] "GET /mysql/js/get_scripts.js.php?scripts%5B%5D=jquery/jquery-1.11.1.min.js&scripts%5B%5D=sprintf.js&scripts%5B%5D=ajax.js&scripts%5B%5D=keyhandler.js&scripts%5B%5D=jquery/jquery-ui-1.11.2.min.js&scripts%5B%5D=jquery/jquery.cookie.js&scripts%5B%5D=jquery/jquery.mousewheel.js&scripts%5B%5D=jquery/jquery.event.drag-2.2.js&scripts%5B%5D=jquery/jquery-ui-timepicker-addon.js&scripts%5B%5D=jquery/jquery.ba-hashchange-1.3.js&scripts%5B%5D=jquery/jquery.debounce-1.0.5.js&scripts%5B%5D=menu-resizer.js&scripts%5B%5D=cross_framing_protection.js&scripts%5B%5D=rte.js&scripts%5B%5D=tracekit/tracekit.js&scripts%5B%5D=error_report.js&scripts%5B%5D=doclinks.js&scripts%5B%5D=functions.js&scripts%5B%5D=navigation.js&scripts%5B%5D=indexes.js&v=4.5.4.1 HTTP/1.1" 200 216429
::1 - - [27/Aug/2024:15:09:49 -0400] "GET /mysql/js/get_scripts.js.php?scripts%5B%5D=common.js&scripts%5B%5D=config.js&scripts%5B%5D=page_settings.js&scripts%5B%5D=codemirror/lib/codemirror.js&scripts%5B%5D=codemirror/mode/sql/sql.js&scripts%5B%5D=codemirror/addon/runmode/runmode.js&scripts%5B%5D=codemirror/addon/hint/show-hint.js&scripts%5B%5D=codemirror/addon/hint/sql-hint.js&scripts%5B%5D=codemirror/addon/lint/lint.js&scripts%5B%5D=codemirror/addon/lint/sql-lint.js&scripts%5B%5D=console.js&v=4.5.4.1 HTTP/1.1" 200 129440
::1 - - [27/Aug/2024:15:09:49 -0400] "GET /mysql/js/messages.php?lang=fr&db=&collation_connection=utf8_unicode_ci&token=8aa10638bfd4f3c7e58a768b584726e3&v=4.5.4.1 HTTP/1.1" 200 9507
::1 - - [27/Aug/2024:15:09:49 -0400] "GET /mysql/js/get_image.js.php?theme=pmahomme&v=4.5.4.1 HTTP/1.1" 200 1822
::1 - - [27/Aug/2024:15:09:51 -0400] "GET /mysql/themes/pmahomme/img/sprites.png?v=4.5.4.1 HTTP/1.1" 200 46795
::1 - - [27/Aug/2024:15:09:51 -0400] "GET /mysql/favicon.ico HTTP/1.1" 200 22486
::1 - - [27/Aug/2024:15:09:58 -0400] "POST /mysql/index.php HTTP/1.1" 302 25
::1 - - [27/Aug/2024:15:09:58 -0400] "GET /mysql/index.php?token=8aa10638bfd4f3c7e58a768b584726e3 HTTP/1.1" 200 13362
::1 - - [27/Aug/2024:15:09:59 -0400] "GET /mysql/themes/pmahomme/img/logo_left.png HTTP/1.1" 200 2327
::1 - - [27/Aug/2024:15:09:59 -0400] "GET /mysql/phpmyadmin.css.php?nocache=6088428556ltr HTTP/1.1" 200 20076
::1 - - [27/Aug/2024:15:09:59 -0400] "GET /mysql/js/whitelist.php?lang=fr&db=&token=8aa10638bfd4f3c7e58a768b584726e3&v=4.5.4.1 HTTP/1.1" 200 482
::1 - - [27/Aug/2024:15:09:59 -0400] "GET /mysql/themes/pmahomme/img/ajax_clock_small.gif HTTP/1.1" 200 1810
::1 - - [27/Aug/2024:15:09:59 -0400] "GET /mysql/themes/pmahomme/img/s_collapseall.png HTTP/1.1" 200 170
::1 - - [27/Aug/2024:15:09:59 -0400] "GET /mysql/js/messages.php?lang=fr&db=&token=8aa10638bfd4f3c7e58a768b584726e3&v=4.5.4.1 HTTP/1.1" 200 9507
::1 - - [27/Aug/2024:15:09:59 -0400] "GET /mysql/themes/pmahomme/img/left_nav_bg.png HTTP/1.1" 200 297
::1 - - [27/Aug/2024:15:09:59 -0400] "POST /mysql/db_structure.php?ajax_request=1&favorite_table=1&sync_favorite_tables=1&token=8aa10638bfd4f3c7e58a768b584726e3 HTTP/1.1" 200 164
::1 - - [27/Aug/2024:15:09:59 -0400] "GET /mysql/version_check.php?server=1&_nocache=1724785799824401510 HTTP/1.1" 200 40
::1 - - [27/Aug/2024:15:10:13 -0400] "GET /mysql/server_databases.php?server=1&token=8aa10638bfd4f3c7e58a768b584726e3&ajax_request=true&ajax_page_request=true&_nocache=1724785813649952665 HTTP/1.1" 200 5845
::1 - - [27/Aug/2024:15:10:13 -0400] "GET /mysql/themes/pmahomme/img/arrow_ltr.png HTTP/1.1" 200 139
::1 - - [27/Aug/2024:15:10:13 -0400] "GET /mysql/js/get_scripts.js.php?scripts%5B%5D=server_databases.js&call_done=1&v=4.5.4.1 HTTP/1.1" 200 1707
::1 - - [27/Aug/2024:15:10:14 -0400] "POST /mysql/navigation.php?ajax_request=1&token=8aa10638bfd4f3c7e58a768b584726e3 HTTP/1.1" 200 2098
::1 - - [27/Aug/2024:15:13:17 -0400] "POST /mysql/db_create.php HTTP/1.1" 200 2069
::1 - - [27/Aug/2024:15:13:19 -0400] "GET /mysql/db_structure.php?db=agents&token=8aa10638bfd4f3c7e58a768b584726e3&db=agents&ajax_request=true&ajax_page_request=true&_nocache=1724785999758764239 HTTP/1.1" 200 2838
::1 - - [27/Aug/2024:15:13:19 -0400] "POST /mysql/navigation.php?ajax_request=1&token=8aa10638bfd4f3c7e58a768b584726e3 HTTP/1.1" 200 2131
::1 - - [27/Aug/2024:15:13:20 -0400] "GET /mysql/js/get_scripts.js.php?scripts%5B%5D=db_structure.js&scripts%5B%5D=tbl_change.js&call_done=1&v=4.5.4.1 HTTP/1.1" 200 10265
::1 - - [27/Aug/2024:15:13:20 -0400] "GET /mysql/navigation.php?ajax_request=1&token=8aa10638bfd4f3c7e58a768b584726e3&aPath=cm9vdA%3D%3D.YWdlbnRz&vPath=cm9vdA%3D%3D.YWdlbnRz&pos=0&pos2_name=&pos2_value=&searchClause=&searchClause2=&_nocache=1724786000473992600 HTTP/1.1" 200 1404
::1 - - [27/Aug/2024:15:13:52 -0400] "POST /mysql/tbl_create.php HTTP/1.1" 200 53271
::1 - - [27/Aug/2024:15:13:54 -0400] "GET /mysql/js/get_scripts.js.php?scripts%5B%5D=jquery/jquery.uitablefilter.js&call_done=1&v=4.5.4.1 HTTP/1.1" 200 1413
::1 - - [27/Aug/2024:15:13:54 -0400] "GET /mysql/index.php?ajax_request=1&recent_table=1&token=8aa10638bfd4f3c7e58a768b584726e3&no_debug=true&_nocache=1724786034810386921 HTTP/1.1" 200 1405
::1 - - [27/Aug/2024:15:14:15 -0400] "POST /mysql/tbl_indexes.php HTTP/1.1" 200 2734
::1 - - [27/Aug/2024:15:14:15 -0400] "GET /mysql/themes/pmahomme/img/s_sortable.png HTTP/1.1" 200 234
::1 - - [27/Aug/2024:15:14:15 -0400] "GET /mysql/themes/pmahomme/jquery/images/ui-bg_highlight-soft_75_cccccc_1x100.png HTTP/1.1" 200 319
::1 - - [27/Aug/2024:15:14:15 -0400] "GET /mysql/themes/pmahomme/jquery/images/ui-bg_flat_75_ffffff_40x100.png HTTP/1.1" 200 247
::1 - - [27/Aug/2024:15:14:15 -0400] "GET /mysql/themes/pmahomme/jquery/images/ui-bg_glass_75_e6e6e6_1x400.png HTTP/1.1" 200 301
::1 - - [27/Aug/2024:15:14:15 -0400] "GET /mysql/themes/pmahomme/jquery/images/ui-icons_222222_256x240.png HTTP/1.1" 200 7006
::1 - - [27/Aug/2024:15:14:15 -0400] "GET /mysql/themes/pmahomme/jquery/images/ui-icons_888888_256x240.png HTTP/1.1" 200 7092
::1 - - [27/Aug/2024:15:14:15 -0400] "GET /mysql/themes/pmahomme/jquery/images/ui-bg_flat_0_aaaaaa_40x100.png HTTP/1.1" 200 251
::1 - - [27/Aug/2024:15:14:17 -0400] "GET /mysql/themes/pmahomme/jquery/images/ui-bg_glass_75_dadada_1x400.png HTTP/1.1" 200 301
::1 - - [27/Aug/2024:15:14:21 -0400] "GET /mysql/themes/pmahomme/jquery/images/ui-bg_glass_65_ffffff_1x400.png HTTP/1.1" 200 246
::1 - - [27/Aug/2024:15:17:22 -0400] "POST /mysql/tbl_structure.php HTTP/1.1" 200 107
::1 - - [27/Aug/2024:15:17:22 -0400] "POST /mysql/tbl_create.php HTTP/1.1" 200 1668
::1 - - [27/Aug/2024:15:17:23 -0400] "GET /mysql/db_structure.php?token=8aa10638bfd4f3c7e58a768b584726e3&server=1&db=agents&table=agents&ajax_request=true&ajax_page_request=true&_nocache=172478624299880287 HTTP/1.1" 200 4646
::1 - - [27/Aug/2024:15:17:23 -0400] "POST /mysql/navigation.php?ajax_request=1&token=8aa10638bfd4f3c7e58a768b584726e3 HTTP/1.1" 200 2448
::1 - - [27/Aug/2024:15:17:23 -0400] "GET /mysql/tbl_structure.php?server=1&db=agents&token=8aa10638bfd4f3c7e58a768b584726e3&goto=db_structure.php&table=agents&ajax_request=true&ajax_page_request=true&_nocache=1724786243001696514 HTTP/1.1" 200 7178
::1 - - [27/Aug/2024:15:17:23 -0400] "GET /mysql/index.php?ajax_request=1&recent_table=1&token=8aa10638bfd4f3c7e58a768b584726e3&no_debug=true&_nocache=172478624372651750 HTTP/1.1" 200 1419
::1 - - [27/Aug/2024:15:17:23 -0400] "POST /mysql/navigation.php?ajax_request=1&token=8aa10638bfd4f3c7e58a768b584726e3 HTTP/1.1" 200 2448
::1 - - [27/Aug/2024:15:17:25 -0400] "GET /mysql/js/get_scripts.js.php?scripts%5B%5D=tbl_structure.js&call_done=1&v=4.5.4.1 HTTP/1.1" 200 5130
::1 - - [27/Aug/2024:15:17:25 -0400] "GET /mysql/index.php?ajax_request=1&recent_table=1&token=8aa10638bfd4f3c7e58a768b584726e3&no_debug=true&_nocache=1724786245883694102 HTTP/1.1" 200 1419
::1 - - [27/Aug/2024:15:17:25 -0400] "POST /mysql/navigation.php?ajax_request=1&token=8aa10638bfd4f3c7e58a768b584726e3 HTTP/1.1" 200 2448
::1 - - [27/Aug/2024:15:17:28 -0400] "GET /mysql/sql.php?server=1&db=agents&table=agents&pos=0&token=8aa10638bfd4f3c7e58a768b584726e3&ajax_request=true&ajax_page_request=true&_nocache=1724786248544837030 HTTP/1.1" 200 4624
::1 - - [27/Aug/2024:15:17:29 -0400] "GET /mysql/js/get_scripts.js.php?scripts%5B%5D=gis_data_editor.js&scripts%5B%5D=multi_column_sort.js&call_done=1&v=4.5.4.1 HTTP/1.1" 200 4575
::1 - - [27/Aug/2024:15:17:29 -0400] "POST /mysql/navigation.php?ajax_request=1&token=8aa10638bfd4f3c7e58a768b584726e3 HTTP/1.1" 200 2451
::1 - - [27/Aug/2024:15:17:29 -0400] "GET /mysql/index.php?ajax_request=1&recent_table=1&token=8aa10638bfd4f3c7e58a768b584726e3&no_debug=true&_nocache=1724786249408119195 HTTP/1.1" 200 1421
::1 - - [27/Aug/2024:15:17:33 -0400] "GET /mysql/tbl_change.php?db=agents&table=agents&token=8aa10638bfd4f3c7e58a768b584726e3&ajax_request=true&ajax_page_request=true&_nocache=1724786253914586712 HTTP/1.1" 200 7073
::1 - - [27/Aug/2024:15:17:34 -0400] "GET /mysql/js/get_scripts.js.php?scripts%5B%5D=sql.js&scripts%5B%5D=big_ints.js&scripts%5B%5D=jquery/jquery.validate.js&scripts%5B%5D=jquery/additional-methods.js&call_done=1&v=4.5.4.1 HTTP/1.1" 200 29861
::1 - - [27/Aug/2024:15:17:34 -0400] "GET /mysql/index.php?ajax_request=1&recent_table=1&token=8aa10638bfd4f3c7e58a768b584726e3&no_debug=true&_nocache=1724786254603754849 HTTP/1.1" 200 1421
::1 - - [27/Aug/2024:15:20:27 -0400] "POST /mysql/tbl_replace.php HTTP/1.1" 200 5617
::1 - - [27/Aug/2024:15:20:27 -0400] "GET /mysql/js/get_scripts.js.php?scripts%5B%5D=makegrid.js&call_done=1&v=4.5.4.1 HTTP/1.1" 200 17517
::1 - - [27/Aug/2024:15:20:27 -0400] "GET /mysql/index.php?ajax_request=1&recent_table=1&token=8aa10638bfd4f3c7e58a768b584726e3&no_debug=true&_nocache=1724786427675965250 HTTP/1.1" 200 1421
::1 - - [27/Aug/2024:15:20:27 -0400] "POST /mysql/lint.php HTTP/1.1" 200 28
::1 - - [27/Aug/2024:15:20:32 -0400] "GET /mysql/sql.php?server=1&db=agents&table=agents&pos=0&token=8aa10638bfd4f3c7e58a768b584726e3&ajax_request=true&ajax_page_request=true&_nocache=1724786432167168815 HTTP/1.1" 200 7518
::1 - - [27/Aug/2024:15:20:32 -0400] "GET /mysql/themes/pmahomme/img/col_pointer.png HTTP/1.1" 200 113
::1 - - [27/Aug/2024:15:20:32 -0400] "GET /mysql/themes/pmahomme/img/col_drop.png HTTP/1.1" 200 132
::1 - - [27/Aug/2024:15:20:32 -0400] "GET /mysql/themes/pmahomme/img/s_fulltext.png HTTP/1.1" 200 193
::1 - - [27/Aug/2024:15:20:32 -0400] "GET /mysql/index.php?ajax_request=1&recent_table=1&token=8aa10638bfd4f3c7e58a768b584726e3&no_debug=true&_nocache=1724786432604676359 HTTP/1.1" 200 1421
::1 - - [27/Aug/2024:15:20:32 -0400] "POST /mysql/navigation.php?ajax_request=1&token=8aa10638bfd4f3c7e58a768b584726e3 HTTP/1.1" 200 2451
::1 - - [27/Aug/2024:15:36:28 -0400] "GET /HelloPHPWorld/traitement.php?secret=slay&photo=https%3A%2F%2Fcutecatsinhats.com%2Fwp-content%2Fuploads%2F2016%2F01%2Fpizza.jpg&jeu=R6&citation=To+Live+is+To+Die HTTP/1.1" 200 970
::1 - - [27/Aug/2024:15:36:28 -0400] "GET /HelloPHPWorld/style.css HTTP/1.1" 304 -
::1 - - [27/Aug/2024:15:36:28 -0400] "GET /favicon.ico HTTP/1.1" 404 309
::1 - - [27/Aug/2024:15:36:47 -0400] "GET /HelloPHPWorld/traitement.php?secret=retsnow&photo=https%3A%2F%2Fcutecatsinhats.com%2Fwp-content%2Fuploads%2F2016%2F01%2Fpizza.jpg&jeu=R6&citation=To+Live+is+To+Die HTTP/1.1" 200 970
::1 - - [27/Aug/2024:15:36:56 -0400] "GET /HelloPHPWorld/traitement.php?secret=retsnow&photo=https%3A%2F%2Fcutecatsinhats.com%2Fwp-content%2Fuploads%2F2016%2F01%2Fpizza.jpg&jeu=R6&citation=To+Live+is+To+Die HTTP/1.1" 200 970
::1 - - [27/Aug/2024:15:37:00 -0400] "GET / HTTP/1.1" 200 1213
::1 - - [27/Aug/2024:15:37:03 -0400] "GET /cours4/ HTTP/1.1" 200 2206
::1 - - [27/Aug/2024:15:38:12 -0400] "GET /cours4/ HTTP/1.1" 200 2206
::1 - - [27/Aug/2024:15:38:13 -0400] "GET /cours4/ HTTP/1.1" 200 2206
::1 - - [27/Aug/2024:15:38:14 -0400] "GET /cours4/ HTTP/1.1" 200 2206
::1 - - [27/Aug/2024:15:38:15 -0400] "GET /cours4/ HTTP/1.1" 200 2206
::1 - - [27/Aug/2024:15:38:15 -0400] "GET /cours4/ HTTP/1.1" 200 2206
::1 - - [27/Aug/2024:15:38:15 -0400] "GET /cours4/ HTTP/1.1" 200 2206
::1 - - [27/Aug/2024:15:38:15 -0400] "GET /cours4/ HTTP/1.1" 200 2206
::1 - - [27/Aug/2024:15:46:37 -0400] "GET /mysql/ HTTP/1.1" 200 3118
::1 - - [27/Aug/2024:15:46:45 -0400] "POST /mysql/index.php HTTP/1.1" 302 25
::1 - - [27/Aug/2024:15:46:46 -0400] "GET /mysql/index.php?token=8aa10638bfd4f3c7e58a768b584726e3 HTTP/1.1" 200 13857
::1 - - [27/Aug/2024:15:46:46 -0400] "GET /mysql/phpmyadmin.css.php?nocache=5819129459ltr HTTP/1.1" 200 20076
::1 - - [27/Aug/2024:15:46:47 -0400] "POST /mysql/db_structure.php?ajax_request=1&favorite_table=1&sync_favorite_tables=1&token=8aa10638bfd4f3c7e58a768b584726e3 HTTP/1.1" 200 164
::1 - - [27/Aug/2024:15:46:47 -0400] "GET /mysql/version_check.php?server=1&_nocache=1724788007713678824 HTTP/1.1" 200 40
::1 - - [27/Aug/2024:15:46:53 -0400] "GET /mysql/index.php?token=8aa10638bfd4f3c7e58a768b584726e3&set_theme=original HTTP/1.1" 200 13857
::1 - - [27/Aug/2024:15:46:53 -0400] "GET /mysql/themes/original/jquery/jquery-ui-1.11.2.css HTTP/1.1" 200 35212
::1 - - [27/Aug/2024:15:46:53 -0400] "GET /mysql/themes/original/css/printview.css?v=4.5.4.1 HTTP/1.1" 200 3082
::1 - - [27/Aug/2024:15:46:53 -0400] "GET /mysql/themes/original/img/logo_left.png HTTP/1.1" 200 6796
::1 - - [27/Aug/2024:15:46:53 -0400] "GET /mysql/phpmyadmin.css.php?nocache=5819129288ltr HTTP/1.1" 200 19205
::1 - - [27/Aug/2024:15:46:54 -0400] "GET /mysql/themes/original/img/ajax_clock_small.gif HTTP/1.1" 200 1810
::1 - - [27/Aug/2024:15:46:54 -0400] "GET /mysql/themes/original/img/s_collapseall.png HTTP/1.1" 200 170
::1 - - [27/Aug/2024:15:46:53 -0400] "GET /mysql/js/get_image.js.php?theme=original&v=4.5.4.1 HTTP/1.1" 200 1749
::1 - - [27/Aug/2024:15:46:54 -0400] "GET /mysql/themes/original/img/sprites.png?v=4.5.4.1 HTTP/1.1" 200 26384
::1 - - [27/Aug/2024:15:46:54 -0400] "GET /mysql/themes/original/img/logo_right.png HTTP/1.1" 200 4548
::1 - - [27/Aug/2024:15:46:54 -0400] "GET /mysql/version_check.php?server=1&_nocache=1724788014311492180 HTTP/1.1" 200 40
::1 - - [27/Aug/2024:15:46:54 -0400] "POST /mysql/db_structure.php?ajax_request=1&favorite_table=1&sync_favorite_tables=1&token=8aa10638bfd4f3c7e58a768b584726e3 HTTP/1.1" 200 164
::1 - - [27/Aug/2024:15:46:54 -0400] "POST /mysql/navigation.php?ajax_request=1&token=8aa10638bfd4f3c7e58a768b584726e3 HTTP/1.1" 200 2160
::1 - - [27/Aug/2024:15:46:56 -0400] "GET /mysql/index.php?token=8aa10638bfd4f3c7e58a768b584726e3&set_theme=pmahomme HTTP/1.1" 200 13857
::1 - - [27/Aug/2024:15:46:56 -0400] "GET /mysql/version_check.php?server=1&_nocache=1724788016713166992 HTTP/1.1" 200 40
::1 - - [27/Aug/2024:15:46:56 -0400] "POST /mysql/db_structure.php?ajax_request=1&favorite_table=1&sync_favorite_tables=1&token=8aa10638bfd4f3c7e58a768b584726e3 HTTP/1.1" 200 164
::1 - - [27/Aug/2024:15:46:56 -0400] "POST /mysql/navigation.php?ajax_request=1&token=8aa10638bfd4f3c7e58a768b584726e3 HTTP/1.1" 200 2160
::1 - - [27/Aug/2024:15:47:01 -0400] "GET /mysql/db_structure.php?server=1&db=agents&token=8aa10638bfd4f3c7e58a768b584726e3&ajax_request=true&ajax_page_request=true&_nocache=1724788021210473737 HTTP/1.1" 200 4719
::1 - - [27/Aug/2024:15:47:02 -0400] "GET /mysql/navigation.php?ajax_request=1&token=8aa10638bfd4f3c7e58a768b584726e3&aPath=cm9vdA%3D%3D.YWdlbnRz&vPath=cm9vdA%3D%3D.YWdlbnRz&pos=0&pos2_name=&pos2_value=&searchClause=&searchClause2=&_nocache=1724788022122695878 HTTP/1.1" 200 1798
::1 - - [27/Aug/2024:15:47:02 -0400] "POST /mysql/navigation.php?ajax_request=1&token=8aa10638bfd4f3c7e58a768b584726e3 HTTP/1.1" 200 2160
::1 - - [27/Aug/2024:15:47:02 -0400] "GET /mysql/navigation.php?ajax_request=1&token=8aa10638bfd4f3c7e58a768b584726e3&aPath=cm9vdA%3D%3D.YWdlbnRz&vPath=cm9vdA%3D%3D.YWdlbnRz&pos=0&pos2_name=&pos2_value=&searchClause=&searchClause2=&_nocache=1724788022690482164 HTTP/1.1" 200 1798
::1 - - [27/Aug/2024:15:47:04 -0400] "GET /mysql/sql.php?server=1&db=agents&table=agents&pos=0&token=8aa10638bfd4f3c7e58a768b584726e3&ajax_request=true&ajax_page_request=true&_nocache=1724788024636252238 HTTP/1.1" 200 7518
::1 - - [27/Aug/2024:15:47:05 -0400] "GET /mysql/js/get_scripts.js.php?scripts%5B%5D=jquery/jquery.uitablefilter.js&scripts%5B%5D=gis_data_editor.js&scripts%5B%5D=multi_column_sort.js&scripts%5B%5D=makegrid.js&scripts%5B%5D=sql.js&call_done=1&v=4.5.4.1 HTTP/1.1" 200 30698
::1 - - [27/Aug/2024:15:47:05 -0400] "GET /mysql/index.php?ajax_request=1&recent_table=1&token=8aa10638bfd4f3c7e58a768b584726e3&no_debug=true&_nocache=1724788025760341794 HTTP/1.1" 200 1421
::1 - - [27/Aug/2024:15:47:05 -0400] "POST /mysql/navigation.php?ajax_request=1&token=8aa10638bfd4f3c7e58a768b584726e3 HTTP/1.1" 200 2451
::1 - - [27/Aug/2024:15:47:08 -0400] "POST /mysql/tbl_row_action.php HTTP/1.1" 200 94
::1 - - [27/Aug/2024:15:47:15 -0400] "GET /mysql/sql.php?db=agents&table=agents&sql_query=SELECT+%2A+FROM+%60agents%60++%0AORDER+BY+%60agents%60.%60id%60+ASC&session_max_rows=25&is_browse_distinct=0&token=8aa10638bfd4f3c7e58a768b584726e3&ajax_request=true&ajax_page_request=true&_nocache=1724788035375286411 HTTP/1.1" 200 7777
::1 - - [27/Aug/2024:15:47:15 -0400] "GET /mysql/index.php?ajax_request=1&recent_table=1&token=8aa10638bfd4f3c7e58a768b584726e3&no_debug=true&_nocache=1724788035805940018 HTTP/1.1" 200 1421
::1 - - [27/Aug/2024:15:47:17 -0400] "GET /mysql/sql.php?db=agents&table=agents&sql_query=SELECT+%2A+FROM+%60agents%60++%0AORDER+BY+%60agents%60.%60id%60++DESC&session_max_rows=25&is_browse_distinct=0&token=8aa10638bfd4f3c7e58a768b584726e3&ajax_request=true&ajax_page_request=true&_nocache=1724788037842293899 HTTP/1.1" 200 7772
::1 - - [27/Aug/2024:15:47:18 -0400] "GET /mysql/index.php?ajax_request=1&recent_table=1&token=8aa10638bfd4f3c7e58a768b584726e3&no_debug=true&_nocache=172478803822799316 HTTP/1.1" 200 1421
::1 - - [27/Aug/2024:15:47:23 -0400] "POST /mysql/tbl_row_action.php HTTP/1.1" 200 94
::1 - - [27/Aug/2024:15:47:25 -0400] "GET /mysql/sql.php?db=agents&table=agents&sql_query=SELECT+%2A+FROM+%60agents%60++%0AORDER+BY+%60agents%60.%60armep_p%60+ASC&session_max_rows=25&is_browse_distinct=0&token=8aa10638bfd4f3c7e58a768b584726e3&ajax_request=true&ajax_page_request=true&_nocache=1724788045688859594 HTTP/1.1" 200 7791
::1 - - [27/Aug/2024:15:47:26 -0400] "GET /mysql/index.php?ajax_request=1&recent_table=1&token=8aa10638bfd4f3c7e58a768b584726e3&no_debug=true&_nocache=172478804606171691 HTTP/1.1" 200 1421
::1 - - [27/Aug/2024:15:47:28 -0400] "POST /mysql/tbl_row_action.php HTTP/1.1" 200 94
::1 - - [27/Aug/2024:15:47:33 -0400] "POST /mysql/tbl_row_action.php HTTP/1.1" 200 7522
::1 - - [27/Aug/2024:15:47:34 -0400] "GET /mysql/js/get_scripts.js.php?scripts%5B%5D=big_ints.js&scripts%5B%5D=jquery/jquery.validate.js&scripts%5B%5D=jquery/additional-methods.js&call_done=1&v=4.5.4.1 HTTP/1.1" 200 21848
::1 - - [27/Aug/2024:15:47:34 -0400] "GET /mysql/index.php?ajax_request=1&recent_table=1&token=8aa10638bfd4f3c7e58a768b584726e3&no_debug=true&_nocache=1724788054278204701 HTTP/1.1" 200 1421
::1 - - [27/Aug/2024:15:47:41 -0400] "GET /mysql/sql.php?db=agents&table=agents&server=1&target=&token=8aa10638bfd4f3c7e58a768b584726e3&ajax_request=true&ajax_page_request=true&_nocache=1724788061500173459 HTTP/1.1" 200 7690
::1 - - [27/Aug/2024:15:47:41 -0400] "GET /mysql/index.php?ajax_request=1&recent_table=1&token=8aa10638bfd4f3c7e58a768b584726e3&no_debug=true&_nocache=1724788061873185591 HTTP/1.1" 200 1421
::1 - - [27/Aug/2024:15:47:41 -0400] "POST /mysql/navigation.php?ajax_request=1&token=8aa10638bfd4f3c7e58a768b584726e3 HTTP/1.1" 200 2451
::1 - - [27/Aug/2024:15:47:48 -0400] "POST /mysql/tbl_row_action.php HTTP/1.1" 200 94
::1 - - [27/Aug/2024:15:48:03 -0400] "GET /mysql/db_structure.php?server=1&db=agents&token=8aa10638bfd4f3c7e58a768b584726e3&ajax_request=true&ajax_page_request=true&_nocache=1724788083963130339 HTTP/1.1" 200 4719
::1 - - [27/Aug/2024:15:48:04 -0400] "POST /mysql/navigation.php?ajax_request=1&token=8aa10638bfd4f3c7e58a768b584726e3 HTTP/1.1" 200 2451
::1 - - [27/Aug/2024:15:48:09 -0400] "GET /mysql/sql.php?server=1&db=agents&table=agents&pos=0&token=8aa10638bfd4f3c7e58a768b584726e3&ajax_request=true&ajax_page_request=true&_nocache=1724788089352681971 HTTP/1.1" 200 7687
::1 - - [27/Aug/2024:15:48:09 -0400] "GET /mysql/index.php?ajax_request=1&recent_table=1&token=8aa10638bfd4f3c7e58a768b584726e3&no_debug=true&_nocache=1724788089718649289 HTTP/1.1" 200 1421
::1 - - [27/Aug/2024:15:48:09 -0400] "POST /mysql/navigation.php?ajax_request=1&token=8aa10638bfd4f3c7e58a768b584726e3 HTTP/1.1" 200 2451
::1 - - [27/Aug/2024:15:48:16 -0400] "GET /mysql/tbl_sql.php?db=agents&table=agents&sql_query=SELECT+%2A+FROM+%60agents%60+ORDER+BY+%60armep_p%60+ASC+&show_query=1&token=8aa10638bfd4f3c7e58a768b584726e3&ajax_request=true&ajax_page_request=true&_nocache=1724788096546214837 HTTP/1.1" 200 4924
::1 - - [27/Aug/2024:15:48:16 -0400] "GET /mysql/index.php?ajax_request=1&recent_table=1&token=8aa10638bfd4f3c7e58a768b584726e3&no_debug=true&_nocache=1724788096893238728 HTTP/1.1" 200 1421
::1 - - [27/Aug/2024:15:48:16 -0400] "POST /mysql/lint.php HTTP/1.1" 200 28
::1 - - [27/Aug/2024:15:48:25 -0400] "GET /mysql/sql.php?db=agents&table=agents&server=1&target=&token=8aa10638bfd4f3c7e58a768b584726e3&ajax_request=true&ajax_page_request=true&_nocache=1724788105211291138 HTTP/1.1" 200 7689
::1 - - [27/Aug/2024:15:48:25 -0400] "GET /mysql/index.php?ajax_request=1&recent_table=1&token=8aa10638bfd4f3c7e58a768b584726e3&no_debug=true&_nocache=1724788105570578534 HTTP/1.1" 200 1421
::1 - - [27/Aug/2024:15:48:25 -0400] "POST /mysql/navigation.php?ajax_request=1&token=8aa10638bfd4f3c7e58a768b584726e3 HTTP/1.1" 200 2451
::1 - - [27/Aug/2024:15:48:33 -0400] "GET /mysql/tbl_operations.php?db=agents&table=agents&token=8aa10638bfd4f3c7e58a768b584726e3&ajax_request=true&ajax_page_request=true&_nocache=1724788113987320745 HTTP/1.1" 200 6891
::1 - - [27/Aug/2024:15:48:34 -0400] "GET /mysql/js/get_scripts.js.php?scripts%5B%5D=tbl_operations.js&call_done=1&v=4.5.4.1 HTTP/1.1" 200 2332
::1 - - [27/Aug/2024:15:48:34 -0400] "GET /mysql/index.php?ajax_request=1&recent_table=1&token=8aa10638bfd4f3c7e58a768b584726e3&no_debug=true&_nocache=1724788114625498452 HTTP/1.1" 200 1421
::1 - - [27/Aug/2024:15:48:39 -0400] "GET /mysql/sql.php?ajax_request=true&token=8aa10638bfd4f3c7e58a768b584726e3&server=1&get_default_fk_check_value=true&_nocache=17247881192359758 HTTP/1.1" 200 3978
::1 - - [27/Aug/2024:15:48:41 -0400] "GET /mysql/sql.php?db=agents&table=agents&back=tbl_operations.php&goto=db_operations.php&sql_query=DROP+TABLE+%60agents%60&reload=1&purge=1&message_to_show=La+table+agents+a+%C3%A9t%C3%A9+effac%C3%A9e.&token=8aa10638bfd4f3c7e58a768b584726e3&is_js_confirmed=1&ajax_request=true&fk_checks=1&_nocache=1724788121939601536 HTTP/1.1" 200 1896
::1 - - [27/Aug/2024:15:48:42 -0400] "POST /mysql/navigation.php?ajax_request=1&token=8aa10638bfd4f3c7e58a768b584726e3 HTTP/1.1" 200 2175
::1 - - [27/Aug/2024:15:48:42 -0400] "GET /mysql/db_structure.php?token=8aa10638bfd4f3c7e58a768b584726e3&server=1&db=agents&table=&ajax_request=true&ajax_page_request=true&_nocache=1724788122339868914 HTTP/1.1" 200 2841
::1 - - [27/Aug/2024:15:48:42 -0400] "POST /mysql/navigation.php?ajax_request=1&token=8aa10638bfd4f3c7e58a768b584726e3 HTTP/1.1" 200 2175
::1 - - [27/Aug/2024:15:48:44 -0400] "GET /mysql/db_structure.php?server=1&db=agents&token=8aa10638bfd4f3c7e58a768b584726e3&ajax_request=true&ajax_page_request=true&_nocache=172478812447882718 HTTP/1.1" 200 2841
::1 - - [27/Aug/2024:15:48:44 -0400] "POST /mysql/navigation.php?ajax_request=1&token=8aa10638bfd4f3c7e58a768b584726e3 HTTP/1.1" 200 2175
::1 - - [27/Aug/2024:15:49:37 -0400] "POST /mysql/tbl_create.php HTTP/1.1" 200 53274
::1 - - [27/Aug/2024:15:49:39 -0400] "GET /mysql/index.php?ajax_request=1&recent_table=1&token=8aa10638bfd4f3c7e58a768b584726e3&no_debug=true&_nocache=1724788179083627273 HTTP/1.1" 200 1421
::1 - - [27/Aug/2024:15:49:48 -0400] "POST /mysql/tbl_indexes.php HTTP/1.1" 200 2736
::1 - - [27/Aug/2024:15:50:30 -0400] "GET /mysql/db_structure.php?db=agents&table=&server=1&target=&token=8aa10638bfd4f3c7e58a768b584726e3&ajax_request=true&ajax_page_request=true&_nocache=1724788230927406167 HTTP/1.1" 200 2841
::1 - - [27/Aug/2024:15:50:31 -0400] "POST /mysql/navigation.php?ajax_request=1&token=8aa10638bfd4f3c7e58a768b584726e3 HTTP/1.1" 200 2175
::1 - - [27/Aug/2024:15:50:39 -0400] "POST /mysql/tbl_create.php HTTP/1.1" 200 61063
::1 - - [27/Aug/2024:15:50:40 -0400] "GET /mysql/index.php?ajax_request=1&recent_table=1&token=8aa10638bfd4f3c7e58a768b584726e3&no_debug=true&_nocache=1724788240545881456 HTTP/1.1" 200 1421
::1 - - [27/Aug/2024:15:50:45 -0400] "POST /mysql/tbl_indexes.php HTTP/1.1" 200 2736
::1 - - [27/Aug/2024:15:55:26 -0400] "POST /mysql/tbl_structure.php HTTP/1.1" 200 107
::1 - - [27/Aug/2024:15:55:26 -0400] "POST /mysql/tbl_create.php HTTP/1.1" 200 1675
::1 - - [27/Aug/2024:15:55:31 -0400] "GET /mysql/db_structure.php?token=8aa10638bfd4f3c7e58a768b584726e3&server=1&db=agents&table=agents&ajax_request=true&ajax_page_request=true&_nocache=1724788531242361545 HTTP/1.1" 200 4649
::1 - - [27/Aug/2024:15:55:31 -0400] "POST /mysql/navigation.php?ajax_request=1&token=8aa10638bfd4f3c7e58a768b584726e3 HTTP/1.1" 200 2451
::1 - - [27/Aug/2024:15:55:31 -0400] "GET /mysql/tbl_structure.php?server=1&db=agents&token=8aa10638bfd4f3c7e58a768b584726e3&goto=db_structure.php&table=agents&ajax_request=true&ajax_page_request=true&_nocache=1724788531245567641 HTTP/1.1" 200 7316
::1 - - [27/Aug/2024:15:55:31 -0400] "GET /mysql/index.php?ajax_request=1&recent_table=1&token=8aa10638bfd4f3c7e58a768b584726e3&no_debug=true&_nocache=1724788531561228464 HTTP/1.1" 200 1421
::1 - - [27/Aug/2024:15:55:31 -0400] "POST /mysql/navigation.php?ajax_request=1&token=8aa10638bfd4f3c7e58a768b584726e3 HTTP/1.1" 200 2451
::1 - - [27/Aug/2024:15:55:32 -0400] "POST /mysql/navigation.php?ajax_request=1&token=8aa10638bfd4f3c7e58a768b584726e3 HTTP/1.1" 200 2451
::1 - - [27/Aug/2024:15:55:32 -0400] "GET /mysql/index.php?ajax_request=1&recent_table=1&token=8aa10638bfd4f3c7e58a768b584726e3&no_debug=true&_nocache=1724788532639554821 HTTP/1.1" 200 1421
::1 - - [27/Aug/2024:15:55:44 -0400] "GET /mysql/tbl_change.php?db=agents&table=agents&token=8aa10638bfd4f3c7e58a768b584726e3&ajax_request=true&ajax_page_request=true&_nocache=1724788544724830075 HTTP/1.1" 200 7276
::1 - - [27/Aug/2024:15:55:45 -0400] "GET /mysql/index.php?ajax_request=1&recent_table=1&token=8aa10638bfd4f3c7e58a768b584726e3&no_debug=true&_nocache=172478854504815844 HTTP/1.1" 200 1421
::1 - - [27/Aug/2024:16:00:13 -0400] "POST /mysql/tbl_replace.php HTTP/1.1" 200 5552
::1 - - [27/Aug/2024:16:00:13 -0400] "POST /mysql/lint.php HTTP/1.1" 200 28
::1 - - [27/Aug/2024:16:00:13 -0400] "GET /mysql/index.php?ajax_request=1&recent_table=1&token=8aa10638bfd4f3c7e58a768b584726e3&no_debug=true&_nocache=1724788813801337591 HTTP/1.1" 200 1421
::1 - - [27/Aug/2024:16:00:16 -0400] "GET /mysql/sql.php?server=1&db=agents&table=agents&pos=0&token=8aa10638bfd4f3c7e58a768b584726e3&ajax_request=true&ajax_page_request=true&_nocache=172478881623647931 HTTP/1.1" 200 7562
::1 - - [27/Aug/2024:16:00:16 -0400] "GET /mysql/index.php?ajax_request=1&recent_table=1&token=8aa10638bfd4f3c7e58a768b584726e3&no_debug=true&_nocache=1724788816657816982 HTTP/1.1" 200 1421
::1 - - [27/Aug/2024:16:00:16 -0400] "POST /mysql/navigation.php?ajax_request=1&token=8aa10638bfd4f3c7e58a768b584726e3 HTTP/1.1" 200 2451
::1 - - [27/Aug/2024:16:00:29 -0400] "GET /cours4/ HTTP/1.1" 200 2206
::1 - - [27/Aug/2024:16:01:12 -0400] "GET /cours4/ HTTP/1.1" 200 2192
::1 - - [27/Aug/2024:16:01:12 -0400] "GET /cours4/ HTTP/1.1" 200 2192
::1 - - [27/Aug/2024:16:01:13 -0400] "GET /cours4/ HTTP/1.1" 200 2192
::1 - - [27/Aug/2024:16:01:13 -0400] "GET /cours4/ HTTP/1.1" 200 2192
::1 - - [27/Aug/2024:16:01:13 -0400] "GET /cours4/ HTTP/1.1" 200 2192
::1 - - [27/Aug/2024:16:01:13 -0400] "GET /cours4/ HTTP/1.1" 200 2192
::1 - - [27/Aug/2024:16:01:34 -0400] "GET /cours4/ HTTP/1.1" 200 272
::1 - - [27/Aug/2024:16:01:44 -0400] "GET /cours4/ HTTP/1.1" 200 273
::1 - - [27/Aug/2024:16:01:45 -0400] "GET /cours4/ HTTP/1.1" 200 273
::1 - - [27/Aug/2024:16:01:45 -0400] "GET /cours4/ HTTP/1.1" 200 273
::1 - - [27/Aug/2024:16:01:45 -0400] "GET /cours4/ HTTP/1.1" 200 273
::1 - - [27/Aug/2024:16:01:45 -0400] "GET /cours4/ HTTP/1.1" 200 273
::1 - - [27/Aug/2024:16:03:26 -0400] "GET /mysql/ HTTP/1.1" 200 14212
::1 - - [27/Aug/2024:16:03:27 -0400] "GET /mysql/phpmyadmin.css.php?nocache=6088430774ltr HTTP/1.1" 200 20076
::1 - - [27/Aug/2024:16:03:27 -0400] "GET /mysql/version_check.php?server=1&_nocache=1724789007603271408 HTTP/1.1" 200 40
::1 - - [27/Aug/2024:16:03:27 -0400] "POST /mysql/db_structure.php?ajax_request=1&favorite_table=1&sync_favorite_tables=1&token=8aa10638bfd4f3c7e58a768b584726e3 HTTP/1.1" 200 164
::1 - - [27/Aug/2024:16:03:40 -0400] "GET /mysql/db_structure.php?server=1&db=mysql&token=8aa10638bfd4f3c7e58a768b584726e3&ajax_request=true&ajax_page_request=true&_nocache=1724789020513894113 HTTP/1.1" 200 9820
::1 - - [27/Aug/2024:16:03:41 -0400] "GET /mysql/navigation.php?ajax_request=1&token=8aa10638bfd4f3c7e58a768b584726e3&aPath=cm9vdA%3D%3D.bXlzcWw%3D&vPath=cm9vdA%3D%3D.bXlzcWw%3D&pos=0&pos2_name=&pos2_value=&searchClause=&searchClause2=&_nocache=172478902111694893 HTTP/1.1" 200 3296
::1 - - [27/Aug/2024:16:03:41 -0400] "POST /mysql/navigation.php?ajax_request=1&token=8aa10638bfd4f3c7e58a768b584726e3 HTTP/1.1" 200 2160
::1 - - [27/Aug/2024:16:03:41 -0400] "GET /mysql/navigation.php?ajax_request=1&token=8aa10638bfd4f3c7e58a768b584726e3&aPath=cm9vdA%3D%3D.bXlzcWw%3D&vPath=cm9vdA%3D%3D.bXlzcWw%3D&pos=0&pos2_name=&pos2_value=&searchClause=&searchClause2=&_nocache=1724789021635849885 HTTP/1.1" 200 3296
::1 - - [27/Aug/2024:16:03:46 -0400] "GET /mysql/db_structure.php?server=1&db=agents&token=8aa10638bfd4f3c7e58a768b584726e3&ajax_request=true&ajax_page_request=true&_nocache=1724789026228163862 HTTP/1.1" 200 4719
::1 - - [27/Aug/2024:16:03:46 -0400] "GET /mysql/navigation.php?ajax_request=1&token=8aa10638bfd4f3c7e58a768b584726e3&aPath=cm9vdA%3D%3D.YWdlbnRz&vPath=cm9vdA%3D%3D.YWdlbnRz&pos=0&pos2_name=&pos2_value=&searchClause=&searchClause2=&_nocache=1724789026535744560 HTTP/1.1" 200 1798
::1 - - [27/Aug/2024:16:03:46 -0400] "POST /mysql/navigation.php?ajax_request=1&token=8aa10638bfd4f3c7e58a768b584726e3 HTTP/1.1" 200 2160
::1 - - [27/Aug/2024:16:03:47 -0400] "GET /mysql/navigation.php?ajax_request=1&token=8aa10638bfd4f3c7e58a768b584726e3&aPath=cm9vdA%3D%3D.YWdlbnRz&vPath=cm9vdA%3D%3D.YWdlbnRz&pos=0&pos2_name=&pos2_value=&searchClause=&searchClause2=&_nocache=172478902702525889 HTTP/1.1" 200 1798
::1 - - [27/Aug/2024:16:03:48 -0400] "GET /mysql/db_operations.php?db=agents&token=8aa10638bfd4f3c7e58a768b584726e3&ajax_request=true&ajax_page_request=true&_nocache=1724789028754264261 HTTP/1.1" 200 5947
::1 - - [27/Aug/2024:16:03:49 -0400] "GET /mysql/js/get_scripts.js.php?scripts%5B%5D=db_operations.js&call_done=1&v=4.5.4.1 HTTP/1.1" 200 1484
::1 - - [27/Aug/2024:16:03:56 -0400] "GET /mysql/sql.php?server=1&db=agents&table=agents&pos=0&token=8aa10638bfd4f3c7e58a768b584726e3&ajax_request=true&ajax_page_request=true&_nocache=1724789036884773252 HTTP/1.1" 200 7562
::1 - - [27/Aug/2024:16:03:57 -0400] "GET /mysql/index.php?ajax_request=1&recent_table=1&token=8aa10638bfd4f3c7e58a768b584726e3&no_debug=true&_nocache=1724789037296108809 HTTP/1.1" 200 1421
::1 - - [27/Aug/2024:16:03:57 -0400] "POST /mysql/navigation.php?ajax_request=1&token=8aa10638bfd4f3c7e58a768b584726e3 HTTP/1.1" 200 2451
::1 - - [27/Aug/2024:16:03:58 -0400] "GET /mysql/tbl_operations.php?db=agents&table=agents&token=8aa10638bfd4f3c7e58a768b584726e3&ajax_request=true&ajax_page_request=true&_nocache=1724789038834989419 HTTP/1.1" 200 6891
::1 - - [27/Aug/2024:16:03:59 -0400] "GET /mysql/index.php?ajax_request=1&recent_table=1&token=8aa10638bfd4f3c7e58a768b584726e3&no_debug=true&_nocache=1724789039147111882 HTTP/1.1" 200 1421
::1 - - [27/Aug/2024:16:04:01 -0400] "GET /mysql/sql.php?ajax_request=true&token=8aa10638bfd4f3c7e58a768b584726e3&server=1&get_default_fk_check_value=true&_nocache=1724789041833496647 HTTP/1.1" 200 3978
::1 - - [27/Aug/2024:16:04:03 -0400] "GET /mysql/sql.php?db=agents&table=agents&back=tbl_operations.php&goto=db_operations.php&sql_query=DROP+TABLE+%60agents%60&reload=1&purge=1&message_to_show=La+table+agents+a+%C3%A9t%C3%A9+effac%C3%A9e.&token=8aa10638bfd4f3c7e58a768b584726e3&is_js_confirmed=1&ajax_request=true&fk_checks=1&_nocache=1724789043968314340 HTTP/1.1" 200 1896
::1 - - [27/Aug/2024:16:04:04 -0400] "POST /mysql/navigation.php?ajax_request=1&token=8aa10638bfd4f3c7e58a768b584726e3 HTTP/1.1" 200 2175
::1 - - [27/Aug/2024:16:04:04 -0400] "GET /mysql/db_structure.php?token=8aa10638bfd4f3c7e58a768b584726e3&server=1&db=agents&table=&ajax_request=true&ajax_page_request=true&_nocache=1724789044321668073 HTTP/1.1" 200 2841
::1 - - [27/Aug/2024:16:04:04 -0400] "POST /mysql/navigation.php?ajax_request=1&token=8aa10638bfd4f3c7e58a768b584726e3 HTTP/1.1" 200 2175
::1 - - [27/Aug/2024:16:04:12 -0400] "POST /mysql/tbl_create.php HTTP/1.1" 200 61063
::1 - - [27/Aug/2024:16:04:12 -0400] "GET /mysql/index.php?ajax_request=1&recent_table=1&token=8aa10638bfd4f3c7e58a768b584726e3&no_debug=true&_nocache=1724789052787985736 HTTP/1.1" 200 1421
::1 - - [27/Aug/2024:16:04:18 -0400] "GET /mysql/db_structure.php?server=1&db=agents&token=8aa10638bfd4f3c7e58a768b584726e3&ajax_request=true&ajax_page_request=true&_nocache=1724789058715398715 HTTP/1.1" 200 2841
::1 - - [27/Aug/2024:16:04:19 -0400] "POST /mysql/navigation.php?ajax_request=1&token=8aa10638bfd4f3c7e58a768b584726e3 HTTP/1.1" 200 2175
::1 - - [27/Aug/2024:16:04:22 -0400] "GET /mysql/db_operations.php?db=agents&token=8aa10638bfd4f3c7e58a768b584726e3&ajax_request=true&ajax_page_request=true&_nocache=1724789062670808639 HTTP/1.1" 200 5947
::1 - - [27/Aug/2024:16:04:25 -0400] "GET /mysql/sql.php?sql_query=DROP+DATABASE+%60agents%60&back=db_operations.php&goto=index.php&reload=1&purge=1&message_to_show=La+base+de+donn%C3%A9es+%60agents%60+a+%C3%A9t%C3%A9+effac%C3%A9e.&token=8aa10638bfd4f3c7e58a768b584726e3&is_js_confirmed=1&ajax_request=true&_nocache=1724789065333702911 HTTP/1.1" 200 1811
::1 - - [27/Aug/2024:16:04:25 -0400] "POST /mysql/navigation.php?ajax_request=1&token=8aa10638bfd4f3c7e58a768b584726e3 HTTP/1.1" 200 2135
::1 - - [27/Aug/2024:16:04:25 -0400] "GET /mysql/server_databases.php?token=8aa10638bfd4f3c7e58a768b584726e3&server=1&db=&table=&ajax_request=true&ajax_page_request=true&_nocache=1724789065633847067 HTTP/1.1" 200 5848
::1 - - [27/Aug/2024:16:04:26 -0400] "POST /mysql/navigation.php?ajax_request=1&token=8aa10638bfd4f3c7e58a768b584726e3 HTTP/1.1" 200 2135
::1 - - [27/Aug/2024:16:04:30 -0400] "GET /mysql/server_databases.php?server=1&token=8aa10638bfd4f3c7e58a768b584726e3&ajax_request=true&ajax_page_request=true&_nocache=1724789070442964447 HTTP/1.1" 200 5848
::1 - - [27/Aug/2024:16:04:30 -0400] "POST /mysql/navigation.php?ajax_request=1&token=8aa10638bfd4f3c7e58a768b584726e3 HTTP/1.1" 200 2135
::1 - - [27/Aug/2024:16:05:14 -0400] "POST /mysql/db_create.php HTTP/1.1" 200 2071
::1 - - [27/Aug/2024:16:05:15 -0400] "GET /mysql/db_structure.php?db=agents&token=8aa10638bfd4f3c7e58a768b584726e3&db=agents&ajax_request=true&ajax_page_request=true&_nocache=1724789115191167396 HTTP/1.1" 200 2841
::1 - - [27/Aug/2024:16:05:15 -0400] "POST /mysql/navigation.php?ajax_request=1&token=8aa10638bfd4f3c7e58a768b584726e3 HTTP/1.1" 200 2160
::1 - - [27/Aug/2024:16:05:15 -0400] "GET /mysql/navigation.php?ajax_request=1&token=8aa10638bfd4f3c7e58a768b584726e3&aPath=cm9vdA%3D%3D.YWdlbnRz&vPath=cm9vdA%3D%3D.YWdlbnRz&pos=0&pos2_name=&pos2_value=&searchClause=&searchClause2=&_nocache=1724789115688851474 HTTP/1.1" 200 1407
::1 - - [27/Aug/2024:16:05:21 -0400] "POST /mysql/tbl_create.php HTTP/1.1" 200 61063
::1 - - [27/Aug/2024:16:05:22 -0400] "GET /mysql/index.php?ajax_request=1&recent_table=1&token=8aa10638bfd4f3c7e58a768b584726e3&no_debug=true&_nocache=1724789122586549429 HTTP/1.1" 200 1421
::1 - - [27/Aug/2024:16:05:27 -0400] "POST /mysql/tbl_indexes.php HTTP/1.1" 200 2736
::1 - - [27/Aug/2024:16:06:27 -0400] "POST /mysql/tbl_structure.php HTTP/1.1" 200 107
::1 - - [27/Aug/2024:16:06:28 -0400] "POST /mysql/tbl_create.php HTTP/1.1" 200 117
::1 - - [27/Aug/2024:16:06:56 -0400] "POST /mysql/tbl_structure.php HTTP/1.1" 200 107
::1 - - [27/Aug/2024:16:06:56 -0400] "POST /mysql/tbl_create.php HTTP/1.1" 200 1674
::1 - - [27/Aug/2024:16:06:57 -0400] "GET /mysql/db_structure.php?token=8aa10638bfd4f3c7e58a768b584726e3&server=1&db=agents&table=agents&ajax_request=true&ajax_page_request=true&_nocache=1724789217099897422 HTTP/1.1" 200 4649
::1 - - [27/Aug/2024:16:06:57 -0400] "POST /mysql/navigation.php?ajax_request=1&token=8aa10638bfd4f3c7e58a768b584726e3 HTTP/1.1" 200 2451
::1 - - [27/Aug/2024:16:06:57 -0400] "GET /mysql/tbl_structure.php?server=1&db=agents&token=8aa10638bfd4f3c7e58a768b584726e3&goto=db_structure.php&table=agents&ajax_request=true&ajax_page_request=true&_nocache=1724789217101721002 HTTP/1.1" 200 7314
::1 - - [27/Aug/2024:16:06:57 -0400] "GET /mysql/index.php?ajax_request=1&recent_table=1&token=8aa10638bfd4f3c7e58a768b584726e3&no_debug=true&_nocache=1724789217400636504 HTTP/1.1" 200 1421
::1 - - [27/Aug/2024:16:06:57 -0400] "POST /mysql/navigation.php?ajax_request=1&token=8aa10638bfd4f3c7e58a768b584726e3 HTTP/1.1" 200 2451
::1 - - [27/Aug/2024:16:06:57 -0400] "POST /mysql/navigation.php?ajax_request=1&token=8aa10638bfd4f3c7e58a768b584726e3 HTTP/1.1" 200 2451
::1 - - [27/Aug/2024:16:06:57 -0400] "GET /mysql/index.php?ajax_request=1&recent_table=1&token=8aa10638bfd4f3c7e58a768b584726e3&no_debug=true&_nocache=1724789217960326556 HTTP/1.1" 200 1421
::1 - - [27/Aug/2024:16:06:59 -0400] "GET /mysql/tbl_change.php?db=agents&table=agents&token=8aa10638bfd4f3c7e58a768b584726e3&ajax_request=true&ajax_page_request=true&_nocache=172478921958297403 HTTP/1.1" 200 7279
::1 - - [27/Aug/2024:16:06:59 -0400] "GET /mysql/index.php?ajax_request=1&recent_table=1&token=8aa10638bfd4f3c7e58a768b584726e3&no_debug=true&_nocache=1724789219933800181 HTTP/1.1" 200 1421
::1 - - [27/Aug/2024:16:08:07 -0400] "POST /mysql/tbl_replace.php HTTP/1.1" 200 5433
::1 - - [27/Aug/2024:16:08:07 -0400] "GET /mysql/index.php?ajax_request=1&recent_table=1&token=8aa10638bfd4f3c7e58a768b584726e3&no_debug=true&_nocache=1724789287550219772 HTTP/1.1" 200 1421
::1 - - [27/Aug/2024:16:08:07 -0400] "POST /mysql/lint.php HTTP/1.1" 200 28
::1 - - [27/Aug/2024:16:08:14 -0400] "GET /mysql/sql.php?server=1&db=agents&table=agents&pos=0&token=8aa10638bfd4f3c7e58a768b584726e3&ajax_request=true&ajax_page_request=true&_nocache=1724789294626682227 HTTP/1.1" 200 7115
::1 - - [27/Aug/2024:16:08:14 -0400] "GET /mysql/index.php?ajax_request=1&recent_table=1&token=8aa10638bfd4f3c7e58a768b584726e3&no_debug=true&_nocache=17247892949669513 HTTP/1.1" 200 1421
::1 - - [27/Aug/2024:16:08:14 -0400] "POST /mysql/navigation.php?ajax_request=1&token=8aa10638bfd4f3c7e58a768b584726e3 HTTP/1.1" 200 2451
::1 - - [27/Aug/2024:16:08:29 -0400] "GET / HTTP/1.1" 200 1213
::1 - - [27/Aug/2024:16:08:31 -0400] "GET /cours4/ HTTP/1.1" 200 256
::1 - - [27/Aug/2024:16:11:05 -0400] "GET /mysql/tbl_change.php?db=agents&table=agents&token=8aa10638bfd4f3c7e58a768b584726e3&ajax_request=true&ajax_page_request=true&_nocache=1724789341031528106 HTTP/1.1" 200 7279
::1 - - [27/Aug/2024:16:11:06 -0400] "GET /mysql/index.php?ajax_request=1&recent_table=1&token=8aa10638bfd4f3c7e58a768b584726e3&no_debug=true&_nocache=1724789466177407081 HTTP/1.1" 200 1421
::1 - - [27/Aug/2024:16:16:47 -0400] "GET /cours4/ HTTP/1.1" 200 2194
::1 - - [27/Aug/2024:16:16:48 -0400] "GET /cours4/ HTTP/1.1" 200 2194
::1 - - [27/Aug/2024:16:17:18 -0400] "GET /cours4/ HTTP/1.1" 200 2194
::1 - - [27/Aug/2024:16:17:19 -0400] "GET /cours4/ HTTP/1.1" 200 2194
::1 - - [27/Aug/2024:16:17:19 -0400] "GET /cours4/ HTTP/1.1" 200 2194
::1 - - [27/Aug/2024:16:17:20 -0400] "GET /cours4/ HTTP/1.1" 200 2194
::1 - - [27/Aug/2024:16:19:09 -0400] "GET /cours4/ HTTP/1.1" 200 2194
::1 - - [27/Aug/2024:16:19:10 -0400] "GET /cours4/ HTTP/1.1" 200 2194
::1 - - [27/Aug/2024:16:19:10 -0400] "GET /cours4/ HTTP/1.1" 200 2194
::1 - - [27/Aug/2024:16:19:10 -0400] "GET /cours4/ HTTP/1.1" 200 2194
::1 - - [27/Aug/2024:16:19:10 -0400] "GET /cours4/ HTTP/1.1" 200 2194
::1 - - [27/Aug/2024:16:19:11 -0400] "GET /cours4/ HTTP/1.1" 200 2194
::1 - - [27/Aug/2024:16:19:11 -0400] "GET /cours4/ HTTP/1.1" 200 2194
::1 - - [27/Aug/2024:16:19:11 -0400] "GET /cours4/ HTTP/1.1" 200 2194
::1 - - [27/Aug/2024:16:19:11 -0400] "GET /cours4/ HTTP/1.1" 200 2194
::1 - - [27/Aug/2024:16:19:17 -0400] "GET /cours4/ HTTP/1.1" 200 265
::1 - - [27/Aug/2024:16:19:18 -0400] "GET /cours4/ HTTP/1.1" 200 265
::1 - - [27/Aug/2024:16:21:22 -0400] "GET /mysql/tbl_change.php?db=agents&table=agents&token=8aa10638bfd4f3c7e58a768b584726e3 HTTP/1.1" 200 14455
::1 - - [27/Aug/2024:16:21:22 -0400] "GET /mysql/js/get_scripts.js.php?scripts%5B%5D=common.js&scripts%5B%5D=config.js&scripts%5B%5D=page_settings.js&scripts%5B%5D=sql.js&scripts%5B%5D=tbl_change.js&scripts%5B%5D=big_ints.js&scripts%5B%5D=jquery/jquery.validate.js&scripts%5B%5D=jquery/additional-methods.js&scripts%5B%5D=gis_data_editor.js&scripts%5B%5D=codemirror/lib/codemirror.js&scripts%5B%5D=codemirror/mode/sql/sql.js&scripts%5B%5D=codemirror/addon/runmode/runmode.js&scripts%5B%5D=codemirror/addon/hint/show-hint.js&scripts%5B%5D=codemirror/addon/hint/sql-hint.js&scripts%5B%5D=codemirror/addon/lint/lint.js&scripts%5B%5D=codemirror/addon/lint/sql-lint.js&scripts%5B%5D=console.js&v=4.5.4.1 HTTP/1.1" 200 168414
::1 - - [27/Aug/2024:16:21:22 -0400] "GET /mysql/js/whitelist.php?lang=fr&db=agents&token=8aa10638bfd4f3c7e58a768b584726e3&v=4.5.4.1 HTTP/1.1" 200 482
127.0.0.1 - - [27/Aug/2024:16:21:22 -0400] "GET /mysql/js/messages.php?lang=fr&db=agents&token=8aa10638bfd4f3c7e58a768b584726e3&v=4.5.4.1 HTTP/1.1" 200 9507
127.0.0.1 - - [27/Aug/2024:16:21:23 -0400] "GET /mysql/index.php?ajax_request=1&recent_table=1&token=8aa10638bfd4f3c7e58a768b584726e3&no_debug=true&_nocache=1724790083460847070 HTTP/1.1" 200 1421
::1 - - [27/Aug/2024:16:21:23 -0400] "POST /mysql/navigation.php?ajax_request=1&token=8aa10638bfd4f3c7e58a768b584726e3 HTTP/1.1" 200 2451
::1 - - [27/Aug/2024:16:21:31 -0400] "GET / HTTP/1.1" 200 1213
::1 - - [27/Aug/2024:16:21:31 -0400] "GET /icons/blank.gif HTTP/1.1" 200 148
::1 - - [27/Aug/2024:16:21:31 -0400] "GET /icons/folder.gif HTTP/1.1" 200 225
::1 - - [27/Aug/2024:16:21:31 -0400] "GET /favicon.ico HTTP/1.1" 404 309
::1 - - [27/Aug/2024:16:21:34 -0400] "GET /cours4/ HTTP/1.1" 200 265
::1 - - [27/Aug/2024:16:21:42 -0400] "GET /mysql/sql.php?server=1&db=agents&table=agents&pos=0&token=8aa10638bfd4f3c7e58a768b584726e3&ajax_request=true&ajax_page_request=true&_nocache=1724790102949173415 HTTP/1.1" 200 7119
::1 - - [27/Aug/2024:16:21:43 -0400] "GET /mysql/js/get_scripts.js.php?scripts%5B%5D=jquery/jquery.uitablefilter.js&scripts%5B%5D=multi_column_sort.js&scripts%5B%5D=makegrid.js&call_done=1&v=4.5.4.1 HTTP/1.1" 200 19676
::1 - - [27/Aug/2024:16:21:43 -0400] "GET /mysql/index.php?ajax_request=1&recent_table=1&token=8aa10638bfd4f3c7e58a768b584726e3&no_debug=true&_nocache=1724790103528274270 HTTP/1.1" 200 1421
::1 - - [27/Aug/2024:16:21:43 -0400] "POST /mysql/navigation.php?ajax_request=1&token=8aa10638bfd4f3c7e58a768b584726e3 HTTP/1.1" 200 2451
::1 - - [27/Aug/2024:16:21:47 -0400] "GET /mysql/sql.php?server=1&db=agents&table=agents&pos=0&token=8aa10638bfd4f3c7e58a768b584726e3&ajax_request=true&ajax_page_request=true&_nocache=172479010784148235 HTTP/1.1" 200 7118
::1 - - [27/Aug/2024:16:21:48 -0400] "GET /mysql/index.php?ajax_request=1&recent_table=1&token=8aa10638bfd4f3c7e58a768b584726e3&no_debug=true&_nocache=1724790108189251386 HTTP/1.1" 200 1421
::1 - - [27/Aug/2024:16:21:48 -0400] "POST /mysql/navigation.php?ajax_request=1&token=8aa10638bfd4f3c7e58a768b584726e3 HTTP/1.1" 200 2451
::1 - - [27/Aug/2024:16:21:54 -0400] "GET /mysql/tbl_change.php?db=agents&table=agents&token=8aa10638bfd4f3c7e58a768b584726e3&ajax_request=true&ajax_page_request=true&_nocache=1724790114222597102 HTTP/1.1" 200 7279
::1 - - [27/Aug/2024:16:21:54 -0400] "GET /mysql/index.php?ajax_request=1&recent_table=1&token=8aa10638bfd4f3c7e58a768b584726e3&no_debug=true&_nocache=1724790114553451971 HTTP/1.1" 200 1421
::1 - - [27/Aug/2024:16:23:04 -0400] "POST /mysql/tbl_replace.php HTTP/1.1" 200 5816
::1 - - [27/Aug/2024:16:23:04 -0400] "GET /mysql/index.php?ajax_request=1&recent_table=1&token=8aa10638bfd4f3c7e58a768b584726e3&no_debug=true&_nocache=1724790184845791404 HTTP/1.1" 200 1421
::1 - - [27/Aug/2024:16:23:04 -0400] "POST /mysql/lint.php HTTP/1.1" 200 28
::1 - - [27/Aug/2024:16:23:07 -0400] "GET /mysql/sql.php?server=1&db=agents&table=agents&pos=0&token=8aa10638bfd4f3c7e58a768b584726e3&ajax_request=true&ajax_page_request=true&_nocache=1724790187534196905 HTTP/1.1" 200 7711
::1 - - [27/Aug/2024:16:23:07 -0400] "GET /mysql/index.php?ajax_request=1&recent_table=1&token=8aa10638bfd4f3c7e58a768b584726e3&no_debug=true&_nocache=1724790187948333797 HTTP/1.1" 200 1421
::1 - - [27/Aug/2024:16:23:07 -0400] "POST /mysql/navigation.php?ajax_request=1&token=8aa10638bfd4f3c7e58a768b584726e3 HTTP/1.1" 200 2451
::1 - - [27/Aug/2024:16:23:44 -0400] "GET /cours4/ HTTP/1.1" 200 298
::1 - - [27/Aug/2024:16:23:50 -0400] "GET /cours4/ HTTP/1.1" 200 298
::1 - - [27/Aug/2024:16:24:53 -0400] "GET /cours4/ HTTP/1.1" 200 298
::1 - - [27/Aug/2024:16:24:53 -0400] "GET /cours4/ HTTP/1.1" 200 298
::1 - - [27/Aug/2024:16:24:53 -0400] "GET /cours4/ HTTP/1.1" 200 298
::1 - - [27/Aug/2024:16:24:54 -0400] "GET /cours4/ HTTP/1.1" 200 298
::1 - - [27/Aug/2024:16:24:54 -0400] "GET /cours4/ HTTP/1.1" 200 298
::1 - - [27/Aug/2024:16:24:54 -0400] "GET /cours4/ HTTP/1.1" 200 298
::1 - - [27/Aug/2024:16:25:06 -0400] "GET /cours4/ HTTP/1.1" 200 298
::1 - - [27/Aug/2024:16:25:07 -0400] "GET /cours4/ HTTP/1.1" 200 298
::1 - - [27/Aug/2024:16:25:07 -0400] "GET /cours4/ HTTP/1.1" 200 298
::1 - - [27/Aug/2024:16:25:29 -0400] "GET /cours4/ HTTP/1.1" 200 2194
::1 - - [27/Aug/2024:16:25:39 -0400] "GET /cours4/ HTTP/1.1" 200 2194
::1 - - [27/Aug/2024:16:25:40 -0400] "GET /cours4/ HTTP/1.1" 200 2194
::1 - - [27/Aug/2024:16:25:40 -0400] "GET /cours4/ HTTP/1.1" 200 2194
::1 - - [27/Aug/2024:16:25:40 -0400] "GET /cours4/ HTTP/1.1" 200 2194
::1 - - [27/Aug/2024:16:26:21 -0400] "GET /cours4/ HTTP/1.1" 200 2194
::1 - - [27/Aug/2024:16:26:22 -0400] "GET /cours4/ HTTP/1.1" 200 2194
::1 - - [27/Aug/2024:16:26:22 -0400] "GET /cours4/ HTTP/1.1" 200 2194
::1 - - [27/Aug/2024:16:26:22 -0400] "GET /cours4/ HTTP/1.1" 200 2194
::1 - - [27/Aug/2024:16:26:22 -0400] "GET /cours4/ HTTP/1.1" 200 2194
::1 - - [27/Aug/2024:16:26:22 -0400] "GET /cours4/ HTTP/1.1" 200 2194
::1 - - [27/Aug/2024:16:26:37 -0400] "GET /cours4/ HTTP/1.1" 200 2194
::1 - - [27/Aug/2024:16:26:38 -0400] "GET /cours4/ HTTP/1.1" 200 2194
::1 - - [27/Aug/2024:16:26:38 -0400] "GET /cours4/ HTTP/1.1" 200 2194
::1 - - [27/Aug/2024:16:26:38 -0400] "GET /cours4/ HTTP/1.1" 200 2194
::1 - - [27/Aug/2024:16:28:08 -0400] "GET /cours4/ HTTP/1.1" 200 2194
::1 - - [27/Aug/2024:16:28:08 -0400] "GET /cours4/ HTTP/1.1" 200 2194
::1 - - [27/Aug/2024:16:28:08 -0400] "GET /cours4/ HTTP/1.1" 200 2194
::1 - - [27/Aug/2024:16:28:09 -0400] "GET /cours4/ HTTP/1.1" 200 2194
::1 - - [27/Aug/2024:16:28:09 -0400] "GET /cours4/ HTTP/1.1" 200 2194
::1 - - [27/Aug/2024:16:30:28 -0400] "GET /cours4/ HTTP/1.1" 200 298
::1 - - [27/Aug/2024:16:32:52 -0400] "GET /mysql/tbl_change.php?db=agents&table=agents&token=8aa10638bfd4f3c7e58a768b584726e3&ajax_request=true&ajax_page_request=true&_nocache=1724790755117482448 HTTP/1.1" 200 7279
::1 - - [27/Aug/2024:16:32:52 -0400] "GET /mysql/sql.php?db=agents&table=agents&server=1&target=&token=8aa10638bfd4f3c7e58a768b584726e3&ajax_request=true&ajax_page_request=true&_nocache=1724790765011798943 HTTP/1.1" 200 7711
::1 - - [27/Aug/2024:16:32:55 -0400] "GET /mysql/index.php?ajax_request=1&recent_table=1&token=8aa10638bfd4f3c7e58a768b584726e3&no_debug=true&_nocache=1724790775237771655 HTTP/1.1" 200 1421
::1 - - [27/Aug/2024:16:32:55 -0400] "GET /mysql/index.php?ajax_request=1&recent_table=1&token=8aa10638bfd4f3c7e58a768b584726e3&no_debug=true&_nocache=1724790775349202376 HTTP/1.1" 200 1421
::1 - - [27/Aug/2024:16:32:55 -0400] "POST /mysql/navigation.php?ajax_request=1&token=8aa10638bfd4f3c7e58a768b584726e3 HTTP/1.1" 200 2451
::1 - - [27/Aug/2024:16:33:03 -0400] "GET /mysql/tbl_change.php?db=agents&table=agents&token=8aa10638bfd4f3c7e58a768b584726e3&ajax_request=true&ajax_page_request=true&_nocache=1724790783029922149 HTTP/1.1" 200 7279
::1 - - [27/Aug/2024:16:33:03 -0400] "GET /mysql/index.php?ajax_request=1&recent_table=1&token=8aa10638bfd4f3c7e58a768b584726e3&no_debug=true&_nocache=172479078339117045 HTTP/1.1" 200 1421
::1 - - [27/Aug/2024:16:33:52 -0400] "POST /mysql/tbl_replace.php HTTP/1.1" 200 5406
::1 - - [27/Aug/2024:16:33:53 -0400] "GET /mysql/index.php?ajax_request=1&recent_table=1&token=8aa10638bfd4f3c7e58a768b584726e3&no_debug=true&_nocache=1724790833152765600 HTTP/1.1" 200 1421
::1 - - [27/Aug/2024:16:33:53 -0400] "POST /mysql/lint.php HTTP/1.1" 200 28
::1 - - [27/Aug/2024:16:33:56 -0400] "GET /mysql/sql.php?server=1&db=agents&table=agents&pos=0&token=8aa10638bfd4f3c7e58a768b584726e3&ajax_request=true&ajax_page_request=true&_nocache=1724790836495827307 HTTP/1.1" 200 7835
::1 - - [27/Aug/2024:16:33:56 -0400] "GET /mysql/index.php?ajax_request=1&recent_table=1&token=8aa10638bfd4f3c7e58a768b584726e3&no_debug=true&_nocache=1724790836863247674 HTTP/1.1" 200 1421
::1 - - [27/Aug/2024:16:33:56 -0400] "POST /mysql/navigation.php?ajax_request=1&token=8aa10638bfd4f3c7e58a768b584726e3 HTTP/1.1" 200 2451
::1 - - [27/Aug/2024:16:34:06 -0400] "POST /mysql/tbl_row_action.php HTTP/1.1" 200 7073
::1 - - [27/Aug/2024:16:34:06 -0400] "GET /mysql/index.php?ajax_request=1&recent_table=1&token=8aa10638bfd4f3c7e58a768b584726e3&no_debug=true&_nocache=1724790846752982286 HTTP/1.1" 200 1421
::1 - - [27/Aug/2024:16:34:10 -0400] "POST /mysql/tbl_replace.php HTTP/1.1" 200 8037
::1 - - [27/Aug/2024:16:34:11 -0400] "GET /mysql/index.php?ajax_request=1&recent_table=1&token=8aa10638bfd4f3c7e58a768b584726e3&no_debug=true&_nocache=1724790851218972203 HTTP/1.1" 200 1421
::1 - - [27/Aug/2024:16:34:20 -0400] "GET / HTTP/1.1" 200 1213
::1 - - [27/Aug/2024:16:34:22 -0400] "GET /cours4/ HTTP/1.1" 200 317
::1 - - [27/Aug/2024:16:43:15 -0400] "GET /cours4/ HTTP/1.1" 200 417
::1 - - [27/Aug/2024:16:43:16 -0400] "GET /cours4/ HTTP/1.1" 200 417
::1 - - [27/Aug/2024:16:43:27 -0400] "GET /cours4/ HTTP/1.1" 200 417
::1 - - [27/Aug/2024:16:43:27 -0400] "GET /cours4/ HTTP/1.1" 200 417
::1 - - [27/Aug/2024:16:43:28 -0400] "GET /cours4/ HTTP/1.1" 200 417
::1 - - [27/Aug/2024:16:43:37 -0400] "GET /cours4/ HTTP/1.1" 200 417
::1 - - [27/Aug/2024:16:43:38 -0400] "GET /cours4/ HTTP/1.1" 200 417
::1 - - [27/Aug/2024:16:43:48 -0400] "GET /cours4/ HTTP/1.1" 200 417
::1 - - [27/Aug/2024:16:43:49 -0400] "GET /cours4/ HTTP/1.1" 200 417
::1 - - [27/Aug/2024:16:43:49 -0400] "GET /cours4/ HTTP/1.1" 200 417
::1 - - [27/Aug/2024:16:43:49 -0400] "GET /cours4/ HTTP/1.1" 200 417
::1 - - [27/Aug/2024:16:43:58 -0400] "GET /cours4/ HTTP/1.1" 200 1078
::1 - - [27/Aug/2024:16:44:58 -0400] "GET /cours4/ HTTP/1.1" 200 1501
::1 - - [27/Aug/2024:16:47:12 -0400] "GET /cours4/ HTTP/1.1" 200 1648
::1 - - [27/Aug/2024:16:49:12 -0400] "GET /cours4/ HTTP/1.1" 200 1982
::1 - - [27/Aug/2024:16:49:13 -0400] "GET /cours4/ HTTP/1.1" 200 1982
::1 - - [27/Aug/2024:16:49:13 -0400] "GET /cours4/ HTTP/1.1" 200 1982
::1 - - [27/Aug/2024:16:49:13 -0400] "GET /cours4/ HTTP/1.1" 200 1982
::1 - - [27/Aug/2024:16:50:14 -0400] "GET /cours4/ HTTP/1.1" 200 1980
::1 - - [27/Aug/2024:16:50:15 -0400] "GET /cours4/ HTTP/1.1" 200 1980
::1 - - [27/Aug/2024:16:50:15 -0400] "GET /cours4/ HTTP/1.1" 200 1980
::1 - - [27/Aug/2024:16:50:15 -0400] "GET /cours4/ HTTP/1.1" 200 1980
::1 - - [27/Aug/2024:16:50:33 -0400] "GET /cours4/ HTTP/1.1" 200 1987
::1 - - [27/Aug/2024:16:50:33 -0400] "GET /cours4/ HTTP/1.1" 200 1987
::1 - - [27/Aug/2024:16:50:33 -0400] "GET /cours4/ HTTP/1.1" 200 1987
::1 - - [27/Aug/2024:16:50:33 -0400] "GET /cours4/ HTTP/1.1" 200 1987
::1 - - [27/Aug/2024:16:50:52 -0400] "GET /cours4/ HTTP/1.1" 200 1993
::1 - - [27/Aug/2024:16:50:52 -0400] "GET /cours4/ HTTP/1.1" 200 1993
::1 - - [27/Aug/2024:16:50:53 -0400] "GET /cours4/ HTTP/1.1" 200 1993
::1 - - [27/Aug/2024:16:50:53 -0400] "GET /cours4/ HTTP/1.1" 200 1993
::1 - - [27/Aug/2024:16:50:53 -0400] "GET /cours4/ HTTP/1.1" 200 1993
::1 - - [27/Aug/2024:16:50:53 -0400] "GET /cours4/ HTTP/1.1" 200 1993
::1 - - [27/Aug/2024:16:53:25 -0400] "GET /cours4/ HTTP/1.1" 200 1988
::1 - - [27/Aug/2024:16:53:26 -0400] "GET /cours4/ HTTP/1.1" 200 1988
::1 - - [27/Aug/2024:16:53:26 -0400] "GET /cours4/ HTTP/1.1" 200 1988
::1 - - [27/Aug/2024:16:53:26 -0400] "GET /cours4/ HTTP/1.1" 200 1988
::1 - - [27/Aug/2024:16:54:24 -0400] "GET /cours4/ HTTP/1.1" 200 2322
::1 - - [27/Aug/2024:16:54:42 -0400] "GET /cours4/ HTTP/1.1" 200 2323
::1 - - [27/Aug/2024:16:54:55 -0400] "GET /cours4/ HTTP/1.1" 200 1989
::1 - - [27/Aug/2024:16:55:05 -0400] "GET /cours4/ HTTP/1.1" 200 1970
::1 - - [27/Aug/2024:16:55:05 -0400] "GET /cours4/ HTTP/1.1" 200 1970
::1 - - [27/Aug/2024:16:55:16 -0400] "GET /cours4/ HTTP/1.1" 200 1988
::1 - - [27/Aug/2024:16:55:38 -0400] "GET /cours4/ HTTP/1.1" 200 1988
::1 - - [27/Aug/2024:16:56:24 -0400] "GET /cours4/ HTTP/1.1" 200 1992
::1 - - [27/Aug/2024:16:56:24 -0400] "GET /cours4/ HTTP/1.1" 200 1992
::1 - - [27/Aug/2024:16:56:24 -0400] "GET /cours4/ HTTP/1.1" 200 1992
::1 - - [27/Aug/2024:16:56:25 -0400] "GET /cours4/ HTTP/1.1" 200 1992
::1 - - [27/Aug/2024:16:58:06 -0400] "POST /mysql/index.php HTTP/1.1" 200 1543
::1 - - [27/Aug/2024:16:59:23 -0400] "GET /cours4/ HTTP/1.1" 200 1983
::1 - - [27/Aug/2024:16:59:58 -0400] "GET /cours4/ HTTP/1.1" 200 1988
::1 - - [27/Aug/2024:16:59:58 -0400] "GET /cours4/ HTTP/1.1" 200 1988
::1 - - [27/Aug/2024:16:59:58 -0400] "GET /cours4/ HTTP/1.1" 200 1988
::1 - - [27/Aug/2024:17:01:19 -0400] "GET /cours4/ HTTP/1.1" 200 2046
::1 - - [27/Aug/2024:17:01:19 -0400] "GET /cours4/ HTTP/1.1" 200 2046
::1 - - [27/Aug/2024:17:01:19 -0400] "GET /cours4/ HTTP/1.1" 200 2046
::1 - - [27/Aug/2024:17:03:36 -0400] "GET /cours4/ HTTP/1.1" 200 2057
::1 - - [27/Aug/2024:17:03:36 -0400] "GET /cours4/ HTTP/1.1" 200 2057
::1 - - [27/Aug/2024:17:03:36 -0400] "GET /cours4/ HTTP/1.1" 200 2057
::1 - - [27/Aug/2024:17:03:36 -0400] "GET /cours4/ HTTP/1.1" 200 2057
::1 - - [27/Aug/2024:17:03:55 -0400] "GET /cours4/ HTTP/1.1" 200 2014
::1 - - [27/Aug/2024:17:04:05 -0400] "GET /cours4/ HTTP/1.1" 200 2057
::1 - - [27/Aug/2024:17:07:36 -0400] "GET /cours4/ HTTP/1.1" 200 2047
::1 - - [27/Aug/2024:17:07:36 -0400] "GET /cours4/ HTTP/1.1" 200 2047
::1 - - [27/Aug/2024:17:10:40 -0400] "GET /cours4/ HTTP/1.1" 200 2066
::1 - - [27/Aug/2024:17:10:41 -0400] "GET /cours4/ HTTP/1.1" 200 2066
::1 - - [27/Aug/2024:17:10:41 -0400] "GET /cours4/ HTTP/1.1" 200 2066
::1 - - [27/Aug/2024:17:10:41 -0400] "GET /cours4/ HTTP/1.1" 200 2066
::1 - - [27/Aug/2024:17:11:36 -0400] "GET /cours4/ HTTP/1.1" 200 2071
::1 - - [27/Aug/2024:17:11:36 -0400] "GET /cours4/ HTTP/1.1" 200 2071
::1 - - [27/Aug/2024:17:11:53 -0400] "GET /cours4/ HTTP/1.1" 200 2076
::1 - - [27/Aug/2024:17:12:01 -0400] "GET /cours4/ HTTP/1.1" 200 2071
::1 - - [27/Aug/2024:17:12:29 -0400] "GET /cours4/ HTTP/1.1" 200 2067
::1 - - [27/Aug/2024:17:14:02 -0400] "GET /cours4/ HTTP/1.1" 200 2076
::1 - - [27/Aug/2024:17:14:16 -0400] "GET /cours4/ HTTP/1.1" 200 2071
::1 - - [27/Aug/2024:17:14:23 -0400] "GET /cours4/ HTTP/1.1" 200 2081
::1 - - [27/Aug/2024:17:14:24 -0400] "GET /cours4/ HTTP/1.1" 200 2081
::1 - - [27/Aug/2024:17:14:57 -0400] "GET /cours4/ HTTP/1.1" 200 2071
::1 - - [27/Aug/2024:17:16:38 -0400] "GET /cours4/ HTTP/1.1" 200 2086
::1 - - [27/Aug/2024:17:16:38 -0400] "GET /cours4/ HTTP/1.1" 200 2086
::1 - - [27/Aug/2024:17:16:39 -0400] "GET /cours4/ HTTP/1.1" 200 2086
::1 - - [27/Aug/2024:17:17:14 -0400] "GET /cours4/ HTTP/1.1" 200 2094
::1 - - [27/Aug/2024:17:17:15 -0400] "GET /cours4/ HTTP/1.1" 200 2094
::1 - - [27/Aug/2024:17:17:15 -0400] "GET /cours4/ HTTP/1.1" 200 2094
::1 - - [27/Aug/2024:17:17:35 -0400] "GET /cours4/ HTTP/1.1" 200 2094
::1 - - [27/Aug/2024:17:17:36 -0400] "GET /cours4/ HTTP/1.1" 200 2094
::1 - - [27/Aug/2024:17:19:18 -0400] "GET /cours4/ HTTP/1.1" 200 2090
::1 - - [27/Aug/2024:17:19:40 -0400] "GET /cours4/ HTTP/1.1" 200 2091
::1 - - [27/Aug/2024:17:20:38 -0400] "POST /mysql/index.php HTTP/1.1" 200 1543
::1 - - [27/Aug/2024:17:26:29 -0400] "GET /cours4/ HTTP/1.1" 200 408
::1 - - [27/Aug/2024:17:26:46 -0400] "GET /cours4/ HTTP/1.1" 200 2312
::1 - - [27/Aug/2024:17:27:08 -0400] "GET /cours4/ HTTP/1.1" 200 451
::1 - - [27/Aug/2024:17:27:12 -0400] "GET /cours4/ HTTP/1.1" 200 2407
::1 - - [27/Aug/2024:17:27:19 -0400] "GET /cours4/ HTTP/1.1" 200 2311
::1 - - [27/Aug/2024:17:27:38 -0400] "GET /cours4/ HTTP/1.1" 200 2291
::1 - - [27/Aug/2024:17:28:20 -0400] "GET /cours4/ HTTP/1.1" 200 2220
::1 - - [27/Aug/2024:17:35:36 -0400] "GET /cours4/ HTTP/1.1" 200 399
::1 - - [27/Aug/2024:17:36:12 -0400] "GET /cours4/ HTTP/1.1" 200 399
::1 - - [27/Aug/2024:17:36:13 -0400] "GET /cours4/ HTTP/1.1" 200 399
::1 - - [27/Aug/2024:17:36:17 -0400] "GET /cours4/ HTTP/1.1" 200 399
::1 - - [27/Aug/2024:17:36:17 -0400] "GET /cours4/ HTTP/1.1" 200 399
::1 - - [27/Aug/2024:17:36:18 -0400] "GET /cours4/ HTTP/1.1" 200 399
::1 - - [27/Aug/2024:17:36:18 -0400] "GET /cours4/ HTTP/1.1" 200 399
::1 - - [27/Aug/2024:17:36:30 -0400] "GET /cours4/ HTTP/1.1" 200 399
::1 - - [27/Aug/2024:17:36:31 -0400] "GET /cours4/ HTTP/1.1" 200 399
::1 - - [27/Aug/2024:17:36:31 -0400] "GET /cours4/ HTTP/1.1" 200 399
::1 - - [27/Aug/2024:17:36:39 -0400] "GET /cours4/ HTTP/1.1" 200 2213
::1 - - [27/Aug/2024:17:38:24 -0400] "GET /cours4/ HTTP/1.1" 200 3085
::1 - - [27/Aug/2024:17:39:53 -0400] "GET /cours4/ HTTP/1.1" 200 409
::1 - - [27/Aug/2024:17:39:59 -0400] "GET /cours4/ HTTP/1.1" 200 3308
::1 - - [27/Aug/2024:17:42:32 -0400] "GET /cours4/ HTTP/1.1" 200 4221
::1 - - [27/Aug/2024:17:42:49 -0400] "POST /mysql/index.php HTTP/1.1" 200 1543
::1 - - [27/Aug/2024:17:44:34 -0400] "GET /cours4/ HTTP/1.1" 200 399
::1 - - [27/Aug/2024:17:46:06 -0400] "GET /cours4/ HTTP/1.1" 200 417
::1 - - [27/Aug/2024:17:46:07 -0400] "GET /cours4/ HTTP/1.1" 200 417
::1 - - [27/Aug/2024:17:46:07 -0400] "GET /cours4/ HTTP/1.1" 200 417
::1 - - [27/Aug/2024:17:46:27 -0400] "GET /cours4/ HTTP/1.1" 200 417
::1 - - [27/Aug/2024:17:46:28 -0400] "GET /cours4/ HTTP/1.1" 200 417
::1 - - [27/Aug/2024:17:46:28 -0400] "GET /cours4/ HTTP/1.1" 200 417
::1 - - [27/Aug/2024:17:46:39 -0400] "GET /cours4/ HTTP/1.1" 200 417
::1 - - [27/Aug/2024:17:46:40 -0400] "GET /cours4/ HTTP/1.1" 200 417
::1 - - [27/Aug/2024:17:47:20 -0400] "GET /cours4/ HTTP/1.1" 200 417
::1 - - [27/Aug/2024:17:47:21 -0400] "GET /cours4/ HTTP/1.1" 200 417
::1 - - [27/Aug/2024:17:47:21 -0400] "GET /cours4/ HTTP/1.1" 200 417
::1 - - [27/Aug/2024:17:47:46 -0400] "GET /cours4/ HTTP/1.1" 200 395
::1 - - [27/Aug/2024:17:47:46 -0400] "GET /cours4/ HTTP/1.1" 200 395
::1 - - [28/Aug/2024:18:30:15 -0400] "GET / HTTP/1.1" 200 1213
::1 - - [28/Aug/2024:18:30:15 -0400] "GET /icons/folder.gif HTTP/1.1" 200 225
::1 - - [28/Aug/2024:18:30:15 -0400] "GET /icons/blank.gif HTTP/1.1" 200 148
::1 - - [28/Aug/2024:18:30:17 -0400] "GET /cours4/ HTTP/1.1" 200 395
::1 - - [28/Aug/2024:18:30:23 -0400] "GET /HelloPHPWorld/ HTTP/1.1" 200 1771
::1 - - [28/Aug/2024:18:30:23 -0400] "GET /HelloPHPWorld/style.css HTTP/1.1" 304 -
::1 - - [28/Aug/2024:18:30:25 -0400] "GET /HelloPHPWorld/ HTTP/1.1" 200 1771
::1 - - [28/Aug/2024:18:30:43 -0400] "GET /HelloPHPWorld/traitement.php?nom=slay&photo=&jeu=R6&citation=yayayayaya HTTP/1.1" 200 1477
::1 - - [28/Aug/2024:18:30:57 -0400] "GET /HelloPHPWorld/traitement.php?nom=Retsnow&photo=&jeu=R6&citation=yayayayaya HTTP/1.1" 200 1356
::1 - - [28/Aug/2024:18:31:37 -0400] "GET /HelloPHPWorld/traitement.php?nom=Retsnow&photo=&jeu=R6&citation=yayayayaya HTTP/1.1" 200 1356
::1 - - [28/Aug/2024:18:31:44 -0400] "GET /HelloPHPWorld/traitement.php?secret=Retsnow&photo=&jeu=R6&citation=yayayayaya HTTP/1.1" 200 970
::1 - - [28/Aug/2024:18:31:58 -0400] "GET /cours4/ HTTP/1.1" 200 395
::1 - - [28/Aug/2024:18:33:15 -0400] "GET /cours4/ HTTP/1.1" 200 399
::1 - - [28/Aug/2024:18:33:16 -0400] "GET /cours4/ HTTP/1.1" 200 399
::1 - - [28/Aug/2024:18:33:37 -0400] "GET /cours4/ HTTP/1.1" 200 387
::1 - - [28/Aug/2024:18:33:38 -0400] "GET /cours4/ HTTP/1.1" 200 387
::1 - - [28/Aug/2024:18:33:50 -0400] "GET /cours4/ HTTP/1.1" 200 3388
::1 - - [28/Aug/2024:18:34:17 -0400] "GET /cours4/ HTTP/1.1" 200 395
::1 - - [28/Aug/2024:18:35:09 -0400] "GET /cours4/ HTTP/1.1" 200 395
::1 - - [28/Aug/2024:18:35:10 -0400] "GET /cours4/ HTTP/1.1" 200 395
::1 - - [28/Aug/2024:18:35:10 -0400] "GET /cours4/ HTTP/1.1" 200 395
::1 - - [28/Aug/2024:18:35:10 -0400] "GET /cours4/ HTTP/1.1" 200 395
::1 - - [28/Aug/2024:18:36:03 -0400] "GET /cours4/ HTTP/1.1" 200 3480
::1 - - [28/Aug/2024:18:37:00 -0400] "GET /cours4/ HTTP/1.1" 200 3480
::1 - - [28/Aug/2024:18:38:06 -0400] "GET /cours4/ HTTP/1.1" 200 443
::1 - - [28/Aug/2024:18:38:22 -0400] "GET /cours4/ HTTP/1.1" 200 1679
::1 - - [28/Aug/2024:18:38:41 -0400] "GET /cours4/ HTTP/1.1" 200 2135
::1 - - [28/Aug/2024:18:38:48 -0400] "GET /cours4/ HTTP/1.1" 200 1679
::1 - - [28/Aug/2024:18:39:09 -0400] "GET /cours4/ HTTP/1.1" 200 1683
::1 - - [28/Aug/2024:18:39:40 -0400] "GET /cours4/ HTTP/1.1" 200 1682
::1 - - [28/Aug/2024:18:39:57 -0400] "GET /cours4/ HTTP/1.1" 200 1682
::1 - - [28/Aug/2024:18:40:43 -0400] "GET /cours4/ HTTP/1.1" 200 1682
::1 - - [28/Aug/2024:18:42:29 -0400] "GET /cours4/ HTTP/1.1" 200 395
::1 - - [28/Aug/2024:18:42:50 -0400] "GET /cours4/ HTTP/1.1" 200 395
::1 - - [28/Aug/2024:18:42:50 -0400] "GET /cours4/ HTTP/1.1" 200 395
::1 - - [28/Aug/2024:18:42:51 -0400] "GET /cours4/ HTTP/1.1" 200 395
::1 - - [28/Aug/2024:18:43:02 -0400] "GET /cours4/ HTTP/1.1" 200 395
::1 - - [28/Aug/2024:18:43:02 -0400] "GET /cours4/ HTTP/1.1" 200 395
::1 - - [28/Aug/2024:18:43:24 -0400] "GET /cours4/ HTTP/1.1" 200 395
::1 - - [28/Aug/2024:18:45:04 -0400] "GET /cours4/ HTTP/1.1" 200 387
::1 - - [28/Aug/2024:18:45:05 -0400] "GET /cours4/ HTTP/1.1" 200 387
::1 - - [28/Aug/2024:18:45:05 -0400] "GET /cours4/ HTTP/1.1" 200 387
::1 - - [28/Aug/2024:18:45:30 -0400] "GET /cours4/ HTTP/1.1" 200 395
::1 - - [28/Aug/2024:18:47:04 -0400] "GET /cours4/ HTTP/1.1" 200 387
::1 - - [28/Aug/2024:18:47:05 -0400] "GET /cours4/ HTTP/1.1" 200 387
::1 - - [28/Aug/2024:18:47:05 -0400] "GET /cours4/ HTTP/1.1" 200 387
::1 - - [28/Aug/2024:18:47:05 -0400] "GET /cours4/ HTTP/1.1" 200 387
::1 - - [28/Aug/2024:18:47:29 -0400] "GET /cours4/ HTTP/1.1" 200 387
::1 - - [28/Aug/2024:18:47:34 -0400] "GET /cours4/ HTTP/1.1" 200 395
::1 - - [28/Aug/2024:18:49:24 -0400] "GET /cours4/ HTTP/1.1" 200 3492
::1 - - [28/Aug/2024:18:50:32 -0400] "GET /cours4/ HTTP/1.1" 200 3492
::1 - - [28/Aug/2024:18:50:42 -0400] "GET /mysql/ HTTP/1.1" 200 3088
::1 - - [28/Aug/2024:18:50:43 -0400] "GET /mysql/themes/pmahomme/jquery/jquery-ui-1.11.2.css HTTP/1.1" 200 35212
::1 - - [28/Aug/2024:18:50:43 -0400] "GET /mysql/js/codemirror/lib/codemirror.css?v=4.5.4.1 HTTP/1.1" 200 7771
::1 - - [28/Aug/2024:18:50:43 -0400] "GET /mysql/js/codemirror/addon/hint/show-hint.css?v=4.5.4.1 HTTP/1.1" 200 662
::1 - - [28/Aug/2024:18:50:43 -0400] "GET /mysql/themes/pmahomme/css/printview.css?v=4.5.4.1 HTTP/1.1" 200 3082
::1 - - [28/Aug/2024:18:50:43 -0400] "GET /mysql/js/codemirror/addon/lint/lint.css?v=4.5.4.1 HTTP/1.1" 200 3068
::1 - - [28/Aug/2024:18:50:43 -0400] "GET /mysql/phpmyadmin.css.php?nocache=4363642758ltr HTTP/1.1" 200 20076
::1 - - [28/Aug/2024:18:50:44 -0400] "GET /mysql/themes/pmahomme/img/logo_right.png HTTP/1.1" 200 4548
::1 - - [28/Aug/2024:18:50:44 -0400] "GET /mysql/themes/dot.gif HTTP/1.1" 200 43
::1 - - [28/Aug/2024:18:50:43 -0400] "GET /mysql/js/whitelist.php?lang=fr&db=&collation_connection=utf8_unicode_ci&token=4a896a8f0bb206ba04790c49ac7e4add&v=4.5.4.1 HTTP/1.1" 200 482
::1 - - [28/Aug/2024:18:50:43 -0400] "GET /mysql/js/get_scripts.js.php?scripts%5B%5D=jquery/jquery-1.11.1.min.js&scripts%5B%5D=sprintf.js&scripts%5B%5D=ajax.js&scripts%5B%5D=keyhandler.js&scripts%5B%5D=jquery/jquery-ui-1.11.2.min.js&scripts%5B%5D=jquery/jquery.cookie.js&scripts%5B%5D=jquery/jquery.mousewheel.js&scripts%5B%5D=jquery/jquery.event.drag-2.2.js&scripts%5B%5D=jquery/jquery-ui-timepicker-addon.js&scripts%5B%5D=jquery/jquery.ba-hashchange-1.3.js&scripts%5B%5D=jquery/jquery.debounce-1.0.5.js&scripts%5B%5D=menu-resizer.js&scripts%5B%5D=cross_framing_protection.js&scripts%5B%5D=rte.js&scripts%5B%5D=tracekit/tracekit.js&scripts%5B%5D=error_report.js&scripts%5B%5D=doclinks.js&scripts%5B%5D=functions.js&scripts%5B%5D=navigation.js&scripts%5B%5D=indexes.js&v=4.5.4.1 HTTP/1.1" 200 216429
::1 - - [28/Aug/2024:18:50:43 -0400] "GET /mysql/js/get_scripts.js.php?scripts%5B%5D=common.js&scripts%5B%5D=config.js&scripts%5B%5D=page_settings.js&scripts%5B%5D=codemirror/lib/codemirror.js&scripts%5B%5D=codemirror/mode/sql/sql.js&scripts%5B%5D=codemirror/addon/runmode/runmode.js&scripts%5B%5D=codemirror/addon/hint/show-hint.js&scripts%5B%5D=codemirror/addon/hint/sql-hint.js&scripts%5B%5D=codemirror/addon/lint/lint.js&scripts%5B%5D=codemirror/addon/lint/sql-lint.js&scripts%5B%5D=console.js&v=4.5.4.1 HTTP/1.1" 200 129440
::1 - - [28/Aug/2024:18:50:43 -0400] "GET /mysql/js/get_image.js.php?theme=pmahomme&v=4.5.4.1 HTTP/1.1" 200 1822
::1 - - [28/Aug/2024:18:50:43 -0400] "GET /mysql/js/messages.php?lang=fr&db=&collation_connection=utf8_unicode_ci&token=4a896a8f0bb206ba04790c49ac7e4add&v=4.5.4.1 HTTP/1.1" 200 9507
::1 - - [28/Aug/2024:18:50:45 -0400] "GET /mysql/themes/pmahomme/img/sprites.png?v=4.5.4.1 HTTP/1.1" 200 46795
::1 - - [28/Aug/2024:18:50:46 -0400] "GET /mysql/favicon.ico HTTP/1.1" 200 22486
::1 - - [28/Aug/2024:18:50:51 -0400] "POST /mysql/index.php HTTP/1.1" 302 25
::1 - - [28/Aug/2024:18:50:51 -0400] "GET /mysql/index.php?token=4a896a8f0bb206ba04790c49ac7e4add HTTP/1.1" 200 13427
::1 - - [28/Aug/2024:18:50:52 -0400] "GET /mysql/themes/pmahomme/img/logo_left.png HTTP/1.1" 200 2327
::1 - - [28/Aug/2024:18:50:52 -0400] "GET /mysql/phpmyadmin.css.php?nocache=6088528209ltr HTTP/1.1" 200 20076
::1 - - [28/Aug/2024:18:50:52 -0400] "GET /mysql/js/messages.php?lang=fr&db=&token=4a896a8f0bb206ba04790c49ac7e4add&v=4.5.4.1 HTTP/1.1" 200 9507
::1 - - [28/Aug/2024:18:50:52 -0400] "GET /mysql/themes/pmahomme/img/ajax_clock_small.gif HTTP/1.1" 200 1810
::1 - - [28/Aug/2024:18:50:52 -0400] "GET /mysql/themes/pmahomme/img/s_collapseall.png HTTP/1.1" 200 170
::1 - - [28/Aug/2024:18:50:52 -0400] "GET /mysql/js/whitelist.php?lang=fr&db=&token=4a896a8f0bb206ba04790c49ac7e4add&v=4.5.4.1 HTTP/1.1" 200 482
::1 - - [28/Aug/2024:18:50:53 -0400] "GET /mysql/themes/pmahomme/img/left_nav_bg.png HTTP/1.1" 200 297
::1 - - [28/Aug/2024:18:50:53 -0400] "POST /mysql/db_structure.php?ajax_request=1&favorite_table=1&sync_favorite_tables=1&token=4a896a8f0bb206ba04790c49ac7e4add HTTP/1.1" 200 164
::1 - - [28/Aug/2024:18:50:53 -0400] "GET /mysql/version_check.php?server=1&_nocache=1724885453080184381 HTTP/1.1" 200 40
::1 - - [28/Aug/2024:18:50:55 -0400] "GET /mysql/db_structure.php?server=1&db=agents&token=4a896a8f0bb206ba04790c49ac7e4add&ajax_request=true&ajax_page_request=true&_nocache=172488545566668755 HTTP/1.1" 200 4719
::1 - - [28/Aug/2024:18:50:56 -0400] "GET /mysql/themes/pmahomme/img/arrow_ltr.png HTTP/1.1" 200 139
::1 - - [28/Aug/2024:18:50:56 -0400] "GET /mysql/js/get_scripts.js.php?scripts%5B%5D=db_structure.js&scripts%5B%5D=tbl_change.js&call_done=1&v=4.5.4.1 HTTP/1.1" 200 10265
::1 - - [28/Aug/2024:18:50:56 -0400] "GET /mysql/navigation.php?ajax_request=1&token=4a896a8f0bb206ba04790c49ac7e4add&aPath=cm9vdA%3D%3D.YWdlbnRz&vPath=cm9vdA%3D%3D.YWdlbnRz&pos=0&pos2_name=&pos2_value=&searchClause=&searchClause2=&_nocache=1724885456466639390 HTTP/1.1" 200 1792
::1 - - [28/Aug/2024:18:50:56 -0400] "POST /mysql/navigation.php?ajax_request=1&token=4a896a8f0bb206ba04790c49ac7e4add HTTP/1.1" 200 2156
::1 - - [28/Aug/2024:18:50:57 -0400] "GET /mysql/navigation.php?ajax_request=1&token=4a896a8f0bb206ba04790c49ac7e4add&aPath=cm9vdA%3D%3D.YWdlbnRz&vPath=cm9vdA%3D%3D.YWdlbnRz&pos=0&pos2_name=&pos2_value=&searchClause=&searchClause2=&_nocache=1724885457240865903 HTTP/1.1" 200 1792
::1 - - [28/Aug/2024:18:50:58 -0400] "GET /mysql/sql.php?server=1&db=agents&table=agents&pos=0&token=4a896a8f0bb206ba04790c49ac7e4add&ajax_request=true&ajax_page_request=true&_nocache=1724885458344944759 HTTP/1.1" 200 7830
::1 - - [28/Aug/2024:18:50:59 -0400] "GET /mysql/themes/pmahomme/img/s_fulltext.png HTTP/1.1" 200 193
::1 - - [28/Aug/2024:18:50:59 -0400] "GET /mysql/js/get_scripts.js.php?scripts%5B%5D=jquery/jquery.uitablefilter.js&scripts%5B%5D=gis_data_editor.js&scripts%5B%5D=multi_column_sort.js&scripts%5B%5D=makegrid.js&scripts%5B%5D=sql.js&call_done=1&v=4.5.4.1 HTTP/1.1" 200 30698
::1 - - [28/Aug/2024:18:50:59 -0400] "GET /mysql/themes/pmahomme/img/col_pointer.png HTTP/1.1" 200 113
::1 - - [28/Aug/2024:18:50:59 -0400] "GET /mysql/themes/pmahomme/img/col_drop.png HTTP/1.1" 200 132
::1 - - [28/Aug/2024:18:50:59 -0400] "GET /mysql/index.php?ajax_request=1&recent_table=1&token=4a896a8f0bb206ba04790c49ac7e4add&no_debug=true&_nocache=1724885459612452313 HTTP/1.1" 200 1419
::1 - - [28/Aug/2024:18:50:59 -0400] "POST /mysql/navigation.php?ajax_request=1&token=4a896a8f0bb206ba04790c49ac7e4add HTTP/1.1" 200 2449
::1 - - [28/Aug/2024:18:55:04 -0400] "GET /mysql/tbl_change.php?db=agents&table=agents&token=4a896a8f0bb206ba04790c49ac7e4add&ajax_request=true&ajax_page_request=true&_nocache=1724885704457157210 HTTP/1.1" 200 7277
::1 - - [28/Aug/2024:18:55:05 -0400] "GET /mysql/js/get_scripts.js.php?scripts%5B%5D=big_ints.js&scripts%5B%5D=jquery/jquery.validate.js&scripts%5B%5D=jquery/additional-methods.js&call_done=1&v=4.5.4.1 HTTP/1.1" 200 21848
::1 - - [28/Aug/2024:18:55:05 -0400] "GET /mysql/index.php?ajax_request=1&recent_table=1&token=4a896a8f0bb206ba04790c49ac7e4add&no_debug=true&_nocache=172488570526370978 HTTP/1.1" 200 1419
::1 - - [28/Aug/2024:18:55:41 -0400] "POST /mysql/tbl_replace.php HTTP/1.1" 200 5501
::1 - - [28/Aug/2024:18:55:42 -0400] "GET /mysql/index.php?ajax_request=1&recent_table=1&token=4a896a8f0bb206ba04790c49ac7e4add&no_debug=true&_nocache=17248857423364796 HTTP/1.1" 200 1419
::1 - - [28/Aug/2024:18:55:42 -0400] "POST /mysql/lint.php HTTP/1.1" 200 28
::1 - - [28/Aug/2024:18:55:47 -0400] "GET /mysql/sql.php?server=1&db=agents&table=agents&pos=0&token=4a896a8f0bb206ba04790c49ac7e4add&ajax_request=true&ajax_page_request=true&_nocache=1724885747346101762 HTTP/1.1" 200 7964
::1 - - [28/Aug/2024:18:55:47 -0400] "GET /mysql/index.php?ajax_request=1&recent_table=1&token=4a896a8f0bb206ba04790c49ac7e4add&no_debug=true&_nocache=1724885747744830285 HTTP/1.1" 200 1419
::1 - - [28/Aug/2024:18:55:47 -0400] "POST /mysql/navigation.php?ajax_request=1&token=4a896a8f0bb206ba04790c49ac7e4add HTTP/1.1" 200 2449
::1 - - [28/Aug/2024:18:56:01 -0400] "GET / HTTP/1.1" 200 1213
::1 - - [28/Aug/2024:18:56:03 -0400] "GET /cours4/ HTTP/1.1" 200 4076
::1 - - [28/Aug/2024:19:05:04 -0400] "GET /cours4/ HTTP/1.1" 200 4181
::1 - - [28/Aug/2024:19:18:02 -0400] "GET /cours4/ HTTP/1.1" 200 4179
::1 - - [28/Aug/2024:19:23:30 -0400] "GET /cours4/ HTTP/1.1" 200 4154
::1 - - [28/Aug/2024:19:23:57 -0400] "GET /cours4/ HTTP/1.1" 200 4155
::1 - - [28/Aug/2024:19:23:59 -0400] "GET /cours4/ajouter.php HTTP/1.1" 200 215
::1 - - [28/Aug/2024:19:27:38 -0400] "GET /cours4/ HTTP/1.1" 200 4152
::1 - - [28/Aug/2024:19:27:42 -0400] "GET /cours4/ajouter.php HTTP/1.1" 200 225
::1 - - [28/Aug/2024:19:34:47 -0400] "GET /cours4/ajouter.php HTTP/1.1" 200 1556
::1 - - [28/Aug/2024:19:35:16 -0400] "GET /cours4/ajouter.php HTTP/1.1" 200 1982
::1 - - [28/Aug/2024:19:36:11 -0400] "GET /cours4/ajouter.php HTTP/1.1" 200 1975
::1 - - [28/Aug/2024:19:36:35 -0400] "GET /cours4/ajouter.php HTTP/1.1" 200 1989
::1 - - [28/Aug/2024:19:36:36 -0400] "GET /cours4/ajouter.php HTTP/1.1" 200 1989
::1 - - [28/Aug/2024:19:36:36 -0400] "GET /cours4/ajouter.php HTTP/1.1" 200 1989
::1 - - [03/Sep/2024:15:16:36 -0400] "GET / HTTP/1.1" 200 1213
::1 - - [03/Sep/2024:15:16:36 -0400] "GET /favicon.ico HTTP/1.1" 404 309
::1 - - [03/Sep/2024:15:16:39 -0400] "GET /cours4/ HTTP/1.1" 200 4152
::1 - - [03/Sep/2024:15:16:42 -0400] "GET /cours4/ajouter.php HTTP/1.1" 200 1975
::1 - - [03/Sep/2024:15:19:45 -0400] "GET /cours4/ajouter.php HTTP/1.1" 200 1975
::1 - - [03/Sep/2024:15:53:06 -0400] "GET /cours4/ajouter.php HTTP/1.1" 200 7813
::1 - - [03/Sep/2024:15:53:29 -0400] "GET /cours4/ajouter.php HTTP/1.1" 200 7821
::1 - - [03/Sep/2024:15:53:51 -0400] "GET /cours4/ajouter.php HTTP/1.1" 200 7814
::1 - - [03/Sep/2024:15:53:51 -0400] "GET /cours4/ajouter.php HTTP/1.1" 200 7814
::1 - - [03/Sep/2024:15:53:52 -0400] "GET /cours4/ajouter.php HTTP/1.1" 200 7814
::1 - - [03/Sep/2024:15:54:03 -0400] "GET /cours4/ajouter.php HTTP/1.1" 200 8779
::1 - - [03/Sep/2024:15:54:12 -0400] "GET /cours4/ajouter.php?nom=Jeremy&position=&organisation=&arme_p=&arme_s= HTTP/1.1" 200 4904
::1 - - [03/Sep/2024:15:54:19 -0400] "GET /cours4/ajouter.php?nom=&position=&organisation=&arme_p=&arme_s= HTTP/1.1" 200 4904
::1 - - [03/Sep/2024:15:54:20 -0400] "GET /cours4/ajouter.php?nom=&position=&organisation=&arme_p=&arme_s= HTTP/1.1" 200 4904
::1 - - [03/Sep/2024:15:54:41 -0400] "GET /cours4/ajouter.php?nom=&position=&organisation=&arme_p=&arme_s= HTTP/1.1" 200 4904
::1 - - [03/Sep/2024:15:54:41 -0400] "GET /cours4/ajouter.php?nom=&position=&organisation=&arme_p=&arme_s= HTTP/1.1" 200 4904
::1 - - [03/Sep/2024:15:54:41 -0400] "GET /cours4/ajouter.php?nom=&position=&organisation=&arme_p=&arme_s= HTTP/1.1" 200 4904
::1 - - [03/Sep/2024:15:54:41 -0400] "GET /cours4/ajouter.php?nom=&position=&organisation=&arme_p=&arme_s= HTTP/1.1" 200 4904
::1 - - [03/Sep/2024:15:54:42 -0400] "GET /cours4/ajouter.php?nom=&position=&organisation=&arme_p=&arme_s= HTTP/1.1" 200 4904
::1 - - [03/Sep/2024:15:54:42 -0400] "GET /cours4/ajouter.php?nom=&position=&organisation=&arme_p=&arme_s= HTTP/1.1" 200 4904
::1 - - [03/Sep/2024:15:54:42 -0400] "GET /cours4/ajouter.php?nom=&position=&organisation=&arme_p=&arme_s= HTTP/1.1" 200 4904
::1 - - [03/Sep/2024:15:54:42 -0400] "GET /cours4/ajouter.php?nom=&position=&organisation=&arme_p=&arme_s= HTTP/1.1" 200 4904
::1 - - [03/Sep/2024:15:54:42 -0400] "GET /cours4/ajouter.php?nom=&position=&organisation=&arme_p=&arme_s= HTTP/1.1" 200 4904
::1 - - [03/Sep/2024:15:54:43 -0400] "GET /cours4/ajouter.php?nom=&position=&organisation=&arme_p=&arme_s= HTTP/1.1" 200 4904
::1 - - [03/Sep/2024:15:54:43 -0400] "GET /cours4/ajouter.php?nom=&position=&organisation=&arme_p=&arme_s= HTTP/1.1" 200 4904
::1 - - [03/Sep/2024:15:54:43 -0400] "GET /cours4/ajouter.php?nom=&position=&organisation=&arme_p=&arme_s= HTTP/1.1" 200 4904
::1 - - [03/Sep/2024:15:54:44 -0400] "GET /cours4/ajouter.php?nom=&position=&organisation=&arme_p=&arme_s= HTTP/1.1" 200 4904
::1 - - [03/Sep/2024:15:54:44 -0400] "GET /cours4/ajouter.php?nom=&position=&organisation=&arme_p=&arme_s= HTTP/1.1" 200 4904
::1 - - [03/Sep/2024:15:54:44 -0400] "GET /cours4/ajouter.php?nom=&position=&organisation=&arme_p=&arme_s= HTTP/1.1" 200 4904
::1 - - [03/Sep/2024:15:54:44 -0400] "GET /cours4/ajouter.php?nom=&position=&organisation=&arme_p=&arme_s= HTTP/1.1" 200 4904
::1 - - [03/Sep/2024:15:54:44 -0400] "GET /cours4/ajouter.php?nom=&position=&organisation=&arme_p=&arme_s= HTTP/1.1" 200 4904
::1 - - [03/Sep/2024:16:22:35 -0400] "GET /cours4/ajouter.php?nom=&position=&organisation=&arme_p=&arme_s= HTTP/1.1" 200 411
::1 - - [03/Sep/2024:16:22:59 -0400] "GET /cours4/ajouter.php?nom=&position=&organisation=&arme_p=&arme_s= HTTP/1.1" 200 3199
::1 - - [03/Sep/2024:16:28:12 -0400] "GET /cours4/ajouter.php?nom=&position=&organisation=&arme_p=&arme_s= HTTP/1.1" 200 2228
::1 - - [03/Sep/2024:16:29:02 -0400] "GET /cours4/ajouter.php?nom=&position=&organisation=&arme_p=&arme_s= HTTP/1.1" 200 2228
::1 - - [03/Sep/2024:16:29:21 -0400] "GET /cours4/ajouter.php?nom=&position=&organisation=&arme_p=&arme_s= HTTP/1.1" 200 2223
::1 - - [03/Sep/2024:16:31:07 -0400] "GET /cours4/ajouter.php?image=&nom=&position=&organisation=&arme_p=&arme_s=5.7 HTTP/1.1" 200 2183
::1 - - [03/Sep/2024:16:31:07 -0400] "GET /cours4/ajouter.php?image=&nom=&position=&organisation=&arme_p=&arme_s= HTTP/1.1" 200 2223
::1 - - [03/Sep/2024:16:37:41 -0400] "GET /cours4/ajouter.php?image=&nom=&position=&organisation=&arme_p=&arme_s= HTTP/1.1" 200 2223
::1 - - [03/Sep/2024:16:37:42 -0400] "GET /cours4/ajouter.php?image=&nom=&position=&organisation=&arme_p=&arme_s= HTTP/1.1" 200 2223
::1 - - [03/Sep/2024:16:37:43 -0400] "GET /cours4/ajouter.php?image=&nom=&position=&organisation=&arme_p=&arme_s= HTTP/1.1" 200 2223
::1 - - [03/Sep/2024:16:37:43 -0400] "GET /cours4/ajouter.php?image=&nom=&position=&organisation=&arme_p=&arme_s= HTTP/1.1" 200 2223
::1 - - [03/Sep/2024:17:04:14 -0400] "GET /cours4/ajouter.php?image=&nom=&position=&organisation=&arme_p=&arme_s= HTTP/1.1" 200 411
::1 - - [03/Sep/2024:17:04:15 -0400] "GET /cours4/ajouter.php?image=&nom=&position=&organisation=&arme_p=&arme_s= HTTP/1.1" 200 411
::1 - - [03/Sep/2024:17:04:58 -0400] "GET /cours4/ajouter.php?image=&nom=&position=&organisation=&arme_p=&arme_s= HTTP/1.1" 200 411
::1 - - [03/Sep/2024:17:04:59 -0400] "GET /cours4/ajouter.php?image=&nom=&position=&organisation=&arme_p=&arme_s= HTTP/1.1" 200 411
::1 - - [03/Sep/2024:17:04:59 -0400] "GET /cours4/ajouter.php?image=&nom=&position=&organisation=&arme_p=&arme_s= HTTP/1.1" 200 411
::1 - - [03/Sep/2024:17:04:59 -0400] "GET /cours4/ajouter.php?image=&nom=&position=&organisation=&arme_p=&arme_s= HTTP/1.1" 200 411
::1 - - [03/Sep/2024:17:05:14 -0400] "GET /cours4/ajouter.php?image=&nom=&position=&organisation=&arme_p=&arme_s= HTTP/1.1" 200 2245
::1 - - [03/Sep/2024:17:13:45 -0400] "GET /cours4/ajouter.php?image=&nom=&position=&organisation=&arme_p=&arme_s= HTTP/1.1" 200 2233
::1 - - [03/Sep/2024:17:13:46 -0400] "GET /cours4/ajouter.php?image=&nom=&position=&organisation=&arme_p=&arme_s= HTTP/1.1" 200 2233
::1 - - [03/Sep/2024:17:15:18 -0400] "GET /cours4/ajouter.php?image=&nom=&position=&organisation=&arme_p=&arme_s= HTTP/1.1" 200 2244
::1 - - [03/Sep/2024:17:15:19 -0400] "GET /cours4/ajouter.php?image=&nom=&position=&organisation=&arme_p=&arme_s= HTTP/1.1" 200 2244
::1 - - [03/Sep/2024:17:15:26 -0400] "GET /cours4/ajouter.php?image=image&nom=&position=&organisation=&arme_p=&arme_s= HTTP/1.1" 200 2191
::1 - - [03/Sep/2024:17:15:28 -0400] "GET /cours4/ajouter.php?image=image&nom=&position=&organisation=&arme_p=&arme_s= HTTP/1.1" 200 2191
::1 - - [03/Sep/2024:17:15:32 -0400] "GET /cours4/ajouter.php?image=&nom=&position=&organisation=&arme_p=&arme_s= HTTP/1.1" 200 2244
::1 - - [03/Sep/2024:17:22:53 -0400] "GET /cours4/ajouter.php?image=&nom=&position=&organisation=&arme_p=&arme_s= HTTP/1.1" 200 2271
::1 - - [03/Sep/2024:17:22:54 -0400] "GET /cours4/ajouter.php?image=&nom=&position=&organisation=&arme_p=&arme_s= HTTP/1.1" 200 2271
::1 - - [03/Sep/2024:17:22:54 -0400] "GET /cours4/ajouter.php?image=&nom=&position=&organisation=&arme_p=&arme_s= HTTP/1.1" 200 2271
::1 - - [03/Sep/2024:17:22:55 -0400] "GET /cours4/ajouter.php?image=&nom=&position=&organisation=&arme_p=&arme_s= HTTP/1.1" 200 2271
::1 - - [03/Sep/2024:17:22:55 -0400] "GET /cours4/ajouter.php?image=&nom=&position=&organisation=&arme_p=&arme_s= HTTP/1.1" 200 2271
::1 - - [03/Sep/2024:17:23:28 -0400] "GET /cours4/ajouter.php?image=&nom=&position=&organisation=&arme_p=&arme_s= HTTP/1.1" 200 2420
::1 - - [03/Sep/2024:17:24:16 -0400] "GET /cours4/ajouter.php?image=&nom=&position=&organisation=&arme_p=&arme_s= HTTP/1.1" 200 2411
::1 - - [03/Sep/2024:17:29:14 -0400] "GET /cours4/ajouter.php?image=&nom=&position=&organisation=&arme_p=&arme_s= HTTP/1.1" 200 2411
::1 - - [03/Sep/2024:17:29:25 -0400] "GET /cours4/ajouter.php?image=&nom=&position=&organisation=&arme_p=&arme_s= HTTP/1.1" 200 2177
::1 - - [08/Sep/2024:20:28:54 -0400] "GET / HTTP/1.1" 200 1213
::1 - - [08/Sep/2024:20:28:54 -0400] "GET /icons/folder.gif HTTP/1.1" 200 225
::1 - - [08/Sep/2024:20:28:54 -0400] "GET /icons/blank.gif HTTP/1.1" 200 148
::1 - - [08/Sep/2024:20:28:54 -0400] "GET /favicon.ico HTTP/1.1" 404 309
::1 - - [08/Sep/2024:20:28:56 -0400] "GET /HelloPHPWorld/ HTTP/1.1" 200 1771
::1 - - [08/Sep/2024:20:28:56 -0400] "GET /HelloPHPWorld/style.css HTTP/1.1" 200 235
::1 - - [08/Sep/2024:20:28:59 -0400] "GET /HelloPHPWorld/ HTTP/1.1" 200 1771
::1 - - [08/Sep/2024:20:30:21 -0400] "GET /HelloPHPWorld/traitement.php?nom=Jeremy&photo=https%3A%2F%2Fstatic-cdn.jtvnw.net%2Fjtv_user_pictures%2F11689d1d-c4da-42f2-9d92-6df759e8cc5b-profile_image-300x300.png&jeu=R6&citation=To+live+is+to+Die HTTP/1.1" 200 1471
::1 - - [08/Sep/2024:20:30:21 -0400] "GET /favicon.ico HTTP/1.1" 404 309
::1 - - [08/Sep/2024:20:30:34 -0400] "GET /HelloPHPWorld/traitement.php?nom=slay&photo=https%3A%2F%2Fstatic-cdn.jtvnw.net%2Fjtv_user_pictures%2F11689d1d-c4da-42f2-9d92-6df759e8cc5b-profile_image-300x300.png&jeu=R6&citation=To+live+is+to+Die HTTP/1.1" 200 1484
::1 - - [08/Sep/2024:20:30:54 -0400] "GET /HelloPHPWorld/traitement.php?nom=SLAY&photo=https%3A%2F%2Fstatic-cdn.jtvnw.net%2Fjtv_user_pictures%2F11689d1d-c4da-42f2-9d92-6df759e8cc5b-profile_image-300x300.png&jeu=R6&citation=To+live+is+to+Die HTTP/1.1" 200 1484
::1 - - [08/Sep/2024:20:30:57 -0400] "GET /HelloPHPWorld/traitement.php?nom=SLAY&photo=https%3A%2F%2Fstatic-cdn.jtvnw.net%2Fjtv_user_pictures%2F11689d1d-c4da-42f2-9d92-6df759e8cc5b-profile_image-300x300.png&jeu=R6&citation=To+live+is+to+Die HTTP/1.1" 200 1484
::1 - - [08/Sep/2024:20:31:08 -0400] "GET /HelloPHPWorld/traitement.php?nom=retsnow&photo=https%3A%2F%2Fstatic-cdn.jtvnw.net%2Fjtv_user_pictures%2F11689d1d-c4da-42f2-9d92-6df759e8cc5b-profile_image-300x300.png&jeu=R6&citation=To+live+is+to+Die HTTP/1.1" 200 1472
::1 - - [08/Sep/2024:20:31:19 -0400] "GET /HelloPHPWorld/traitement.php?secret=retsnow&photo=https%3A%2F%2Fstatic-cdn.jtvnw.net%2Fjtv_user_pictures%2F11689d1d-c4da-42f2-9d92-6df759e8cc5b-profile_image-300x300.png&jeu=R6&citation=To+live+is+to+Die HTTP/1.1" 200 970
::1 - - [08/Sep/2024:20:31:32 -0400] "GET /cours4/ HTTP/1.1" 200 4152
::1 - - [08/Sep/2024:20:31:46 -0400] "GET /cours4/ajouter.php HTTP/1.1" 200 2207
::1 - - [08/Sep/2024:20:32:00 -0400] "GET /cours2/ HTTP/1.1" 200 412
::1 - - [08/Sep/2024:20:32:09 -0400] "GET /cours4/ HTTP/1.1" 200 4152
::1 - - [08/Sep/2024:20:32:22 -0400] "GET /mysql/ HTTP/1.1" 200 3088
::1 - - [08/Sep/2024:20:32:24 -0400] "GET /mysql/js/codemirror/addon/hint/show-hint.css?v=4.5.4.1 HTTP/1.1" 200 662
::1 - - [08/Sep/2024:20:32:24 -0400] "GET /mysql/js/codemirror/lib/codemirror.css?v=4.5.4.1 HTTP/1.1" 200 7771
::1 - - [08/Sep/2024:20:32:24 -0400] "GET /mysql/themes/pmahomme/jquery/jquery-ui-1.11.2.css HTTP/1.1" 200 35212
::1 - - [08/Sep/2024:20:32:24 -0400] "GET /mysql/js/codemirror/addon/lint/lint.css?v=4.5.4.1 HTTP/1.1" 200 3068
::1 - - [08/Sep/2024:20:32:24 -0400] "GET /mysql/themes/pmahomme/css/printview.css?v=4.5.4.1 HTTP/1.1" 200 3082
::1 - - [08/Sep/2024:20:32:24 -0400] "GET /mysql/phpmyadmin.css.php?nocache=4363642758ltr HTTP/1.1" 200 20076
::1 - - [08/Sep/2024:20:32:25 -0400] "GET /mysql/themes/pmahomme/img/logo_right.png HTTP/1.1" 200 4548
::1 - - [08/Sep/2024:20:32:25 -0400] "GET /mysql/themes/dot.gif HTTP/1.1" 200 43
::1 - - [08/Sep/2024:20:32:24 -0400] "GET /mysql/js/whitelist.php?lang=fr&db=&collation_connection=utf8_unicode_ci&token=37699a8326da88034641f05a3b9788be&v=4.5.4.1 HTTP/1.1" 200 482
::1 - - [08/Sep/2024:20:32:24 -0400] "GET /mysql/js/get_scripts.js.php?scripts%5B%5D=common.js&scripts%5B%5D=config.js&scripts%5B%5D=page_settings.js&scripts%5B%5D=codemirror/lib/codemirror.js&scripts%5B%5D=codemirror/mode/sql/sql.js&scripts%5B%5D=codemirror/addon/runmode/runmode.js&scripts%5B%5D=codemirror/addon/hint/show-hint.js&scripts%5B%5D=codemirror/addon/hint/sql-hint.js&scripts%5B%5D=codemirror/addon/lint/lint.js&scripts%5B%5D=codemirror/addon/lint/sql-lint.js&scripts%5B%5D=console.js&v=4.5.4.1 HTTP/1.1" 200 129440
::1 - - [08/Sep/2024:20:32:24 -0400] "GET /mysql/js/get_scripts.js.php?scripts%5B%5D=jquery/jquery-1.11.1.min.js&scripts%5B%5D=sprintf.js&scripts%5B%5D=ajax.js&scripts%5B%5D=keyhandler.js&scripts%5B%5D=jquery/jquery-ui-1.11.2.min.js&scripts%5B%5D=jquery/jquery.cookie.js&scripts%5B%5D=jquery/jquery.mousewheel.js&scripts%5B%5D=jquery/jquery.event.drag-2.2.js&scripts%5B%5D=jquery/jquery-ui-timepicker-addon.js&scripts%5B%5D=jquery/jquery.ba-hashchange-1.3.js&scripts%5B%5D=jquery/jquery.debounce-1.0.5.js&scripts%5B%5D=menu-resizer.js&scripts%5B%5D=cross_framing_protection.js&scripts%5B%5D=rte.js&scripts%5B%5D=tracekit/tracekit.js&scripts%5B%5D=error_report.js&scripts%5B%5D=doclinks.js&scripts%5B%5D=functions.js&scripts%5B%5D=navigation.js&scripts%5B%5D=indexes.js&v=4.5.4.1 HTTP/1.1" 200 216429
::1 - - [08/Sep/2024:20:32:24 -0400] "GET /mysql/js/get_image.js.php?theme=pmahomme&v=4.5.4.1 HTTP/1.1" 200 1822
::1 - - [08/Sep/2024:20:32:24 -0400] "GET /mysql/js/messages.php?lang=fr&db=&collation_connection=utf8_unicode_ci&token=37699a8326da88034641f05a3b9788be&v=4.5.4.1 HTTP/1.1" 200 9507
::1 - - [08/Sep/2024:20:32:26 -0400] "GET /mysql/themes/pmahomme/img/sprites.png?v=4.5.4.1 HTTP/1.1" 200 46795
::1 - - [08/Sep/2024:20:32:27 -0400] "GET /mysql/favicon.ico HTTP/1.1" 200 22486
::1 - - [08/Sep/2024:20:32:32 -0400] "POST /mysql/index.php HTTP/1.1" 302 25
::1 - - [08/Sep/2024:20:32:32 -0400] "GET /mysql/index.php?token=37699a8326da88034641f05a3b9788be HTTP/1.1" 200 13426
::1 - - [08/Sep/2024:20:32:33 -0400] "GET /mysql/themes/pmahomme/img/logo_left.png HTTP/1.1" 200 2327
::1 - - [08/Sep/2024:20:32:33 -0400] "GET /mysql/phpmyadmin.css.php?nocache=6089484710ltr HTTP/1.1" 200 20076
::1 - - [08/Sep/2024:20:32:33 -0400] "GET /mysql/js/whitelist.php?lang=fr&db=&token=37699a8326da88034641f05a3b9788be&v=4.5.4.1 HTTP/1.1" 200 482
::1 - - [08/Sep/2024:20:32:33 -0400] "GET /mysql/themes/pmahomme/img/ajax_clock_small.gif HTTP/1.1" 200 1810
::1 - - [08/Sep/2024:20:32:33 -0400] "GET /mysql/themes/pmahomme/img/s_collapseall.png HTTP/1.1" 200 170
::1 - - [08/Sep/2024:20:32:33 -0400] "GET /mysql/js/messages.php?lang=fr&db=&token=37699a8326da88034641f05a3b9788be&v=4.5.4.1 HTTP/1.1" 200 9507
::1 - - [08/Sep/2024:20:32:33 -0400] "GET /mysql/themes/pmahomme/img/left_nav_bg.png HTTP/1.1" 200 297
::1 - - [08/Sep/2024:20:32:33 -0400] "POST /mysql/db_structure.php?ajax_request=1&favorite_table=1&sync_favorite_tables=1&token=37699a8326da88034641f05a3b9788be HTTP/1.1" 200 164
::1 - - [08/Sep/2024:20:32:33 -0400] "GET /mysql/version_check.php?server=1&_nocache=1725841953646774925 HTTP/1.1" 200 40
::1 - - [08/Sep/2024:20:32:35 -0400] "GET /mysql/db_structure.php?server=1&db=agents&token=37699a8326da88034641f05a3b9788be&ajax_request=true&ajax_page_request=true&_nocache=1725841955802181067 HTTP/1.1" 200 4722
::1 - - [08/Sep/2024:20:32:36 -0400] "GET /mysql/themes/pmahomme/img/arrow_ltr.png HTTP/1.1" 200 139
::1 - - [08/Sep/2024:20:32:36 -0400] "GET /mysql/js/get_scripts.js.php?scripts%5B%5D=db_structure.js&scripts%5B%5D=tbl_change.js&call_done=1&v=4.5.4.1 HTTP/1.1" 200 10265
::1 - - [08/Sep/2024:20:32:36 -0400] "GET /mysql/navigation.php?ajax_request=1&token=37699a8326da88034641f05a3b9788be&aPath=cm9vdA%3D%3D.YWdlbnRz&vPath=cm9vdA%3D%3D.YWdlbnRz&pos=0&pos2_name=&pos2_value=&searchClause=&searchClause2=&_nocache=1725841956580590015 HTTP/1.1" 200 1796
::1 - - [08/Sep/2024:20:32:36 -0400] "POST /mysql/navigation.php?ajax_request=1&token=37699a8326da88034641f05a3b9788be HTTP/1.1" 200 2158
::1 - - [08/Sep/2024:20:32:37 -0400] "GET /mysql/navigation.php?ajax_request=1&token=37699a8326da88034641f05a3b9788be&aPath=cm9vdA%3D%3D.YWdlbnRz&vPath=cm9vdA%3D%3D.YWdlbnRz&pos=0&pos2_name=&pos2_value=&searchClause=&searchClause2=&_nocache=1725841957212439887 HTTP/1.1" 200 1796
::1 - - [08/Sep/2024:20:32:38 -0400] "GET /mysql/db_structure.php?server=1&db=agents&token=37699a8326da88034641f05a3b9788be&ajax_request=true&ajax_page_request=true&_nocache=1725841958977881222 HTTP/1.1" 200 4722
::1 - - [08/Sep/2024:20:32:39 -0400] "POST /mysql/navigation.php?ajax_request=1&token=37699a8326da88034641f05a3b9788be HTTP/1.1" 200 2449
::1 - - [08/Sep/2024:20:32:42 -0400] "GET /mysql/sql.php?server=1&db=agents&table=agents&pos=0&token=37699a8326da88034641f05a3b9788be&ajax_request=true&ajax_page_request=true&_nocache=1725841962944118688 HTTP/1.1" 200 7970
::1 - - [08/Sep/2024:20:32:43 -0400] "GET /mysql/themes/pmahomme/img/s_fulltext.png HTTP/1.1" 200 193
::1 - - [08/Sep/2024:20:32:43 -0400] "GET /mysql/js/get_scripts.js.php?scripts%5B%5D=jquery/jquery.uitablefilter.js&scripts%5B%5D=gis_data_editor.js&scripts%5B%5D=multi_column_sort.js&scripts%5B%5D=makegrid.js&scripts%5B%5D=sql.js&call_done=1&v=4.5.4.1 HTTP/1.1" 200 30698
::1 - - [08/Sep/2024:20:32:44 -0400] "GET /mysql/themes/pmahomme/img/col_drop.png HTTP/1.1" 200 132
::1 - - [08/Sep/2024:20:32:44 -0400] "GET /mysql/themes/pmahomme/img/col_pointer.png HTTP/1.1" 200 113
::1 - - [08/Sep/2024:20:32:44 -0400] "GET /mysql/index.php?ajax_request=1&recent_table=1&token=37699a8326da88034641f05a3b9788be&no_debug=true&_nocache=1725841964086450901 HTTP/1.1" 200 1422
::1 - - [08/Sep/2024:20:32:44 -0400] "POST /mysql/navigation.php?ajax_request=1&token=37699a8326da88034641f05a3b9788be HTTP/1.1" 200 2452
::1 - - [08/Sep/2024:20:32:57 -0400] "GET /mysql/db_structure.php?db=agents&table=&server=1&target=&token=37699a8326da88034641f05a3b9788be&ajax_request=true&ajax_page_request=true&_nocache=1725841977621926044 HTTP/1.1" 200 4726
::1 - - [08/Sep/2024:20:32:57 -0400] "POST /mysql/navigation.php?ajax_request=1&token=37699a8326da88034641f05a3b9788be HTTP/1.1" 200 2452
::1 - - [08/Sep/2024:20:32:58 -0400] "GET /mysql/db_structure.php?db=agents&table=&server=1&target=&token=37699a8326da88034641f05a3b9788be&ajax_request=true&ajax_page_request=true&_nocache=1725841978258586096 HTTP/1.1" 200 4726
::1 - - [08/Sep/2024:20:32:58 -0400] "POST /mysql/navigation.php?ajax_request=1&token=37699a8326da88034641f05a3b9788be HTTP/1.1" 200 2452
::1 - - [09/Sep/2024:10:02:38 -0400] "GET / HTTP/1.1" 200 1213
::1 - - [09/Sep/2024:10:02:38 -0400] "GET /favicon.ico HTTP/1.1" 404 309
::1 - - [09/Sep/2024:12:32:03 -0400] "GET / HTTP/1.1" 200 1213
::1 - - [09/Sep/2024:12:32:03 -0400] "GET /icons/blank.gif HTTP/1.1" 200 148
::1 - - [09/Sep/2024:12:32:03 -0400] "GET /icons/folder.gif HTTP/1.1" 200 225
::1 - - [09/Sep/2024:12:32:03 -0400] "GET /favicon.ico HTTP/1.1" 404 309
::1 - - [09/Sep/2024:12:32:08 -0400] "GET /mysql/ HTTP/1.1" 200 3089
::1 - - [09/Sep/2024:12:32:10 -0400] "GET /mysql/themes/pmahomme/jquery/jquery-ui-1.11.2.css HTTP/1.1" 200 35212
::1 - - [09/Sep/2024:12:32:10 -0400] "GET /mysql/themes/pmahomme/css/printview.css?v=4.5.4.1 HTTP/1.1" 200 3082
::1 - - [09/Sep/2024:12:32:10 -0400] "GET /mysql/js/codemirror/lib/codemirror.css?v=4.5.4.1 HTTP/1.1" 200 7771
::1 - - [09/Sep/2024:12:32:10 -0400] "GET /mysql/js/codemirror/addon/hint/show-hint.css?v=4.5.4.1 HTTP/1.1" 200 662
::1 - - [09/Sep/2024:12:32:10 -0400] "GET /mysql/js/codemirror/addon/lint/lint.css?v=4.5.4.1 HTTP/1.1" 200 3068
::1 - - [09/Sep/2024:12:32:10 -0400] "GET /mysql/phpmyadmin.css.php?nocache=4363642758ltr HTTP/1.1" 200 20076
::1 - - [09/Sep/2024:12:32:11 -0400] "GET /mysql/themes/pmahomme/img/logo_right.png HTTP/1.1" 200 4548
::1 - - [09/Sep/2024:12:32:11 -0400] "GET /mysql/themes/dot.gif HTTP/1.1" 200 43
::1 - - [09/Sep/2024:12:32:10 -0400] "GET /mysql/js/get_scripts.js.php?scripts%5B%5D=jquery/jquery-1.11.1.min.js&scripts%5B%5D=sprintf.js&scripts%5B%5D=ajax.js&scripts%5B%5D=keyhandler.js&scripts%5B%5D=jquery/jquery-ui-1.11.2.min.js&scripts%5B%5D=jquery/jquery.cookie.js&scripts%5B%5D=jquery/jquery.mousewheel.js&scripts%5B%5D=jquery/jquery.event.drag-2.2.js&scripts%5B%5D=jquery/jquery-ui-timepicker-addon.js&scripts%5B%5D=jquery/jquery.ba-hashchange-1.3.js&scripts%5B%5D=jquery/jquery.debounce-1.0.5.js&scripts%5B%5D=menu-resizer.js&scripts%5B%5D=cross_framing_protection.js&scripts%5B%5D=rte.js&scripts%5B%5D=tracekit/tracekit.js&scripts%5B%5D=error_report.js&scripts%5B%5D=doclinks.js&scripts%5B%5D=functions.js&scripts%5B%5D=navigation.js&scripts%5B%5D=indexes.js&v=4.5.4.1 HTTP/1.1" 200 216429
::1 - - [09/Sep/2024:12:32:10 -0400] "GET /mysql/js/get_scripts.js.php?scripts%5B%5D=common.js&scripts%5B%5D=config.js&scripts%5B%5D=page_settings.js&scripts%5B%5D=codemirror/lib/codemirror.js&scripts%5B%5D=codemirror/mode/sql/sql.js&scripts%5B%5D=codemirror/addon/runmode/runmode.js&scripts%5B%5D=codemirror/addon/hint/show-hint.js&scripts%5B%5D=codemirror/addon/hint/sql-hint.js&scripts%5B%5D=codemirror/addon/lint/lint.js&scripts%5B%5D=codemirror/addon/lint/sql-lint.js&scripts%5B%5D=console.js&v=4.5.4.1 HTTP/1.1" 200 129440
::1 - - [09/Sep/2024:12:32:10 -0400] "GET /mysql/js/whitelist.php?lang=fr&db=&collation_connection=utf8_unicode_ci&token=327d6af6cb1614f599c8e871bb9f64eb&v=4.5.4.1 HTTP/1.1" 200 482
::1 - - [09/Sep/2024:12:32:10 -0400] "GET /mysql/js/get_image.js.php?theme=pmahomme&v=4.5.4.1 HTTP/1.1" 200 1822
::1 - - [09/Sep/2024:12:32:10 -0400] "GET /mysql/js/messages.php?lang=fr&db=&collation_connection=utf8_unicode_ci&token=327d6af6cb1614f599c8e871bb9f64eb&v=4.5.4.1 HTTP/1.1" 200 9507
::1 - - [09/Sep/2024:12:32:12 -0400] "GET /mysql/themes/pmahomme/img/sprites.png?v=4.5.4.1 HTTP/1.1" 200 46795
::1 - - [09/Sep/2024:12:32:12 -0400] "GET /mysql/favicon.ico HTTP/1.1" 200 22486
::1 - - [09/Sep/2024:12:32:20 -0400] "POST /mysql/index.php HTTP/1.1" 302 25
::1 - - [09/Sep/2024:12:32:21 -0400] "GET /mysql/themes/pmahomme/img/logo_left.png HTTP/1.1" 200 2327
::1 - - [09/Sep/2024:12:32:20 -0400] "GET /mysql/index.php?token=327d6af6cb1614f599c8e871bb9f64eb HTTP/1.1" 200 13427
::1 - - [09/Sep/2024:12:32:21 -0400] "GET /mysql/phpmyadmin.css.php?nocache=6089542298ltr HTTP/1.1" 200 20076
::1 - - [09/Sep/2024:12:32:21 -0400] "GET /mysql/js/whitelist.php?lang=fr&db=&token=327d6af6cb1614f599c8e871bb9f64eb&v=4.5.4.1 HTTP/1.1" 200 482
::1 - - [09/Sep/2024:12:32:21 -0400] "GET /mysql/themes/pmahomme/img/ajax_clock_small.gif HTTP/1.1" 200 1810
::1 - - [09/Sep/2024:12:32:21 -0400] "GET /mysql/themes/pmahomme/img/s_collapseall.png HTTP/1.1" 200 170
::1 - - [09/Sep/2024:12:32:21 -0400] "GET /mysql/js/messages.php?lang=fr&db=&token=327d6af6cb1614f599c8e871bb9f64eb&v=4.5.4.1 HTTP/1.1" 200 9507
::1 - - [09/Sep/2024:12:32:21 -0400] "GET /mysql/themes/pmahomme/img/left_nav_bg.png HTTP/1.1" 200 297
::1 - - [09/Sep/2024:12:32:21 -0400] "POST /mysql/db_structure.php?ajax_request=1&favorite_table=1&sync_favorite_tables=1&token=327d6af6cb1614f599c8e871bb9f64eb HTTP/1.1" 200 164
::1 - - [09/Sep/2024:12:32:21 -0400] "GET /mysql/version_check.php?server=1&_nocache=172589954190417165 HTTP/1.1" 200 40
::1 - - [09/Sep/2024:12:35:05 -0400] "GET /mysql/db_structure.php?server=1&db=agents&token=327d6af6cb1614f599c8e871bb9f64eb&ajax_request=true&ajax_page_request=true&_nocache=1725899705910995604 HTTP/1.1" 200 4719
::1 - - [09/Sep/2024:12:35:06 -0400] "GET /mysql/themes/pmahomme/img/arrow_ltr.png HTTP/1.1" 200 139
::1 - - [09/Sep/2024:12:35:06 -0400] "GET /mysql/js/get_scripts.js.php?scripts%5B%5D=db_structure.js&scripts%5B%5D=tbl_change.js&call_done=1&v=4.5.4.1 HTTP/1.1" 200 10265
::1 - - [09/Sep/2024:12:35:06 -0400] "GET /mysql/navigation.php?ajax_request=1&token=327d6af6cb1614f599c8e871bb9f64eb&aPath=cm9vdA%3D%3D.YWdlbnRz&vPath=cm9vdA%3D%3D.YWdlbnRz&pos=0&pos2_name=&pos2_value=&searchClause=&searchClause2=&_nocache=1725899706723158935 HTTP/1.1" 200 1794
::1 - - [09/Sep/2024:12:35:07 -0400] "POST /mysql/navigation.php?ajax_request=1&token=327d6af6cb1614f599c8e871bb9f64eb HTTP/1.1" 200 2157
::1 - - [09/Sep/2024:12:35:07 -0400] "GET /mysql/navigation.php?ajax_request=1&token=327d6af6cb1614f599c8e871bb9f64eb&aPath=cm9vdA%3D%3D.YWdlbnRz&vPath=cm9vdA%3D%3D.YWdlbnRz&pos=0&pos2_name=&pos2_value=&searchClause=&searchClause2=&_nocache=1725899707707396176 HTTP/1.1" 200 1794
::1 - - [09/Sep/2024:12:35:10 -0400] "GET /mysql/tbl_create.php?server=1&db=agents&token=327d6af6cb1614f599c8e871bb9f64eb&ajax_request=true&ajax_page_request=true&_nocache=172589971095649672 HTTP/1.1" 200 37769
::1 - - [09/Sep/2024:12:35:12 -0400] "GET /mysql/js/get_scripts.js.php?scripts%5B%5D=jquery/jquery.uitablefilter.js&call_done=1&v=4.5.4.1 HTTP/1.1" 200 1413
::1 - - [09/Sep/2024:12:35:12 -0400] "POST /mysql/navigation.php?ajax_request=1&token=327d6af6cb1614f599c8e871bb9f64eb HTTP/1.1" 200 2448
::1 - - [09/Sep/2024:12:39:16 -0400] "POST /mysql/tbl_indexes.php HTTP/1.1" 200 2753
::1 - - [09/Sep/2024:12:39:17 -0400] "GET /mysql/themes/pmahomme/img/s_sortable.png HTTP/1.1" 200 234
::1 - - [09/Sep/2024:12:39:17 -0400] "GET /mysql/themes/pmahomme/jquery/images/ui-bg_glass_75_e6e6e6_1x400.png HTTP/1.1" 200 301
::1 - - [09/Sep/2024:12:39:17 -0400] "GET /mysql/themes/pmahomme/jquery/images/ui-bg_highlight-soft_75_cccccc_1x100.png HTTP/1.1" 200 319
::1 - - [09/Sep/2024:12:39:17 -0400] "GET /mysql/themes/pmahomme/jquery/images/ui-bg_flat_75_ffffff_40x100.png HTTP/1.1" 200 247
::1 - - [09/Sep/2024:12:39:17 -0400] "GET /mysql/themes/pmahomme/jquery/images/ui-bg_flat_0_aaaaaa_40x100.png HTTP/1.1" 200 251
::1 - - [09/Sep/2024:12:39:17 -0400] "GET /mysql/themes/pmahomme/jquery/images/ui-icons_222222_256x240.png HTTP/1.1" 200 7006
::1 - - [09/Sep/2024:12:39:17 -0400] "GET /mysql/themes/pmahomme/jquery/images/ui-icons_888888_256x240.png HTTP/1.1" 200 7092
::1 - - [09/Sep/2024:12:39:29 -0400] "GET /mysql/themes/pmahomme/jquery/images/ui-bg_glass_75_dadada_1x400.png HTTP/1.1" 200 301
::1 - - [09/Sep/2024:12:39:30 -0400] "GET /mysql/themes/pmahomme/jquery/images/ui-bg_glass_65_ffffff_1x400.png HTTP/1.1" 200 246
::1 - - [09/Sep/2024:12:39:38 -0400] "POST /mysql/tbl_indexes.php HTTP/1.1" 200 2755
::1 - - [09/Sep/2024:12:39:53 -0400] "GET /mysql/themes/pmahomme/jquery/images/ui-icons_454545_256x240.png HTTP/1.1" 200 7071
::1 - - [09/Sep/2024:12:40:09 -0400] "POST /mysql/tbl_indexes.php HTTP/1.1" 200 2748
::1 - - [09/Sep/2024:12:42:31 -0400] "POST /mysql/tbl_structure.php HTTP/1.1" 200 107
::1 - - [09/Sep/2024:12:42:31 -0400] "POST /mysql/tbl_create.php HTTP/1.1" 200 1663
::1 - - [09/Sep/2024:12:42:32 -0400] "GET /mysql/db_structure.php?token=327d6af6cb1614f599c8e871bb9f64eb&server=1&db=agents&table=&ajax_request=true&ajax_page_request=true&_nocache=1725900152049921672 HTTP/1.1" 200 4916
::1 - - [09/Sep/2024:12:42:32 -0400] "POST /mysql/navigation.php?ajax_request=1&token=327d6af6cb1614f599c8e871bb9f64eb HTTP/1.1" 200 2509
::1 - - [09/Sep/2024:12:42:32 -0400] "GET /mysql/tbl_structure.php?server=1&db=agents&token=327d6af6cb1614f599c8e871bb9f64eb&goto=db_structure.php&table=usagers&ajax_request=true&ajax_page_request=true&_nocache=1725900152052943681 HTTP/1.1" 200 6249
::1 - - [09/Sep/2024:12:42:32 -0400] "POST /mysql/navigation.php?ajax_request=1&token=327d6af6cb1614f599c8e871bb9f64eb HTTP/1.1" 200 2509
::1 - - [09/Sep/2024:12:42:33 -0400] "GET /mysql/js/get_scripts.js.php?scripts%5B%5D=tbl_structure.js&call_done=1&v=4.5.4.1 HTTP/1.1" 200 5130
::1 - - [09/Sep/2024:12:42:34 -0400] "GET /mysql/index.php?ajax_request=1&recent_table=1&token=327d6af6cb1614f599c8e871bb9f64eb&no_debug=true&_nocache=172590015415787147 HTTP/1.1" 200 1436
::1 - - [09/Sep/2024:12:42:34 -0400] "POST /mysql/navigation.php?ajax_request=1&token=327d6af6cb1614f599c8e871bb9f64eb HTTP/1.1" 200 2509
::1 - - [09/Sep/2024:12:42:53 -0400] "GET /mysql/tbl_structure.php?db=agents&table=usagers&token=327d6af6cb1614f599c8e871bb9f64eb&goto=tbl_structure.php&back=tbl_structure.php&add_key=1&sql_query=ALTER+TABLE+%60usagers%60+ADD+UNIQUE%28%60user%60%29%3B&message_to_show=Un+index+a+%C3%A9t%C3%A9+ajout%C3%A9+sur+user.&ajax_request=true&ajax_page_request=true&_nocache=1725900173007890345 HTTP/1.1" 200 8853
::1 - - [09/Sep/2024:12:42:53 -0400] "POST /mysql/navigation.php?ajax_request=1&token=327d6af6cb1614f599c8e871bb9f64eb HTTP/1.1" 200 2511
::1 - - [09/Sep/2024:12:42:53 -0400] "GET /mysql/js/get_scripts.js.php?scripts%5B%5D=gis_data_editor.js&scripts%5B%5D=multi_column_sort.js&call_done=1&v=4.5.4.1 HTTP/1.1" 200 4575
::1 - - [09/Sep/2024:12:42:54 -0400] "GET /mysql/index.php?ajax_request=1&recent_table=1&token=327d6af6cb1614f599c8e871bb9f64eb&no_debug=true&_nocache=1725900174082603521 HTTP/1.1" 200 1437
::1 - - [09/Sep/2024:12:43:10 -0400] "GET /mysql/db_structure.php?token=327d6af6cb1614f599c8e871bb9f64eb&server=1&db=agents&table= HTTP/1.1" 200 10897
::1 - - [09/Sep/2024:12:43:10 -0400] "GET /mysql/js/whitelist.php?lang=fr&db=agents&token=327d6af6cb1614f599c8e871bb9f64eb&v=4.5.4.1 HTTP/1.1" 200 482
::1 - - [09/Sep/2024:12:43:10 -0400] "GET /mysql/js/get_scripts.js.php?scripts%5B%5D=common.js&scripts%5B%5D=config.js&scripts%5B%5D=page_settings.js&scripts%5B%5D=db_structure.js&scripts%5B%5D=tbl_change.js&scripts%5B%5D=codemirror/lib/codemirror.js&scripts%5B%5D=codemirror/mode/sql/sql.js&scripts%5B%5D=codemirror/addon/runmode/runmode.js&scripts%5B%5D=codemirror/addon/hint/show-hint.js&scripts%5B%5D=codemirror/addon/hint/sql-hint.js&scripts%5B%5D=codemirror/addon/lint/lint.js&scripts%5B%5D=codemirror/addon/lint/sql-lint.js&scripts%5B%5D=console.js&v=4.5.4.1 HTTP/1.1" 200 139024
::1 - - [09/Sep/2024:12:43:10 -0400] "GET /mysql/phpmyadmin.css.php?nocache=6088430774ltr HTTP/1.1" 200 20076
::1 - - [09/Sep/2024:12:43:10 -0400] "GET /mysql/js/messages.php?lang=fr&db=agents&token=327d6af6cb1614f599c8e871bb9f64eb&v=4.5.4.1 HTTP/1.1" 200 9507
::1 - - [09/Sep/2024:12:43:11 -0400] "POST /mysql/navigation.php?ajax_request=1&token=327d6af6cb1614f599c8e871bb9f64eb HTTP/1.1" 200 2511
::1 - - [09/Sep/2024:12:43:13 -0400] "GET /mysql/sql.php?server=1&db=agents&table=agents&pos=0&token=327d6af6cb1614f599c8e871bb9f64eb&ajax_request=true&ajax_page_request=true&_nocache=1725900193641770318 HTTP/1.1" 200 7970
::1 - - [09/Sep/2024:12:43:14 -0400] "GET /mysql/themes/pmahomme/img/s_fulltext.png HTTP/1.1" 200 193
::1 - - [09/Sep/2024:12:43:14 -0400] "GET /mysql/js/get_scripts.js.php?scripts%5B%5D=jquery/jquery.uitablefilter.js&scripts%5B%5D=gis_data_editor.js&scripts%5B%5D=multi_column_sort.js&scripts%5B%5D=makegrid.js&scripts%5B%5D=sql.js&call_done=1&v=4.5.4.1 HTTP/1.1" 200 30698
::1 - - [09/Sep/2024:12:43:14 -0400] "GET /mysql/themes/pmahomme/img/col_pointer.png HTTP/1.1" 200 113
::1 - - [09/Sep/2024:12:43:14 -0400] "GET /mysql/themes/pmahomme/img/col_drop.png HTTP/1.1" 200 132
::1 - - [09/Sep/2024:12:43:14 -0400] "POST /mysql/navigation.php?ajax_request=1&token=327d6af6cb1614f599c8e871bb9f64eb HTTP/1.1" 200 2507
::1 - - [09/Sep/2024:12:43:14 -0400] "GET /mysql/index.php?ajax_request=1&recent_table=1&token=327d6af6cb1614f599c8e871bb9f64eb&no_debug=true&_nocache=1725900194346959891 HTTP/1.1" 200 1432
::1 - - [09/Sep/2024:12:43:18 -0400] "GET /mysql/sql.php?server=1&db=agents&table=usagers&pos=0&token=327d6af6cb1614f599c8e871bb9f64eb&ajax_request=true&ajax_page_request=true&_nocache=1725900198209386522 HTTP/1.1" 200 4642
::1 - - [09/Sep/2024:12:43:18 -0400] "POST /mysql/navigation.php?ajax_request=1&token=327d6af6cb1614f599c8e871bb9f64eb HTTP/1.1" 200 2511
::1 - - [09/Sep/2024:12:43:18 -0400] "GET /mysql/index.php?ajax_request=1&recent_table=1&token=327d6af6cb1614f599c8e871bb9f64eb&no_debug=true&_nocache=1725900198569606639 HTTP/1.1" 200 1437
::1 - - [09/Sep/2024:12:43:22 -0400] "GET /mysql/sql.php?server=1&db=agents&table=agents&pos=0&token=327d6af6cb1614f599c8e871bb9f64eb&ajax_request=true&ajax_page_request=true&_nocache=1725900202237111050 HTTP/1.1" 200 7969
::1 - - [09/Sep/2024:12:43:22 -0400] "POST /mysql/navigation.php?ajax_request=1&token=327d6af6cb1614f599c8e871bb9f64eb HTTP/1.1" 200 2507
::1 - - [09/Sep/2024:12:43:22 -0400] "GET /mysql/index.php?ajax_request=1&recent_table=1&token=327d6af6cb1614f599c8e871bb9f64eb&no_debug=true&_nocache=1725900202612925493 HTTP/1.1" 200 1432
::1 - - [09/Sep/2024:12:43:44 -0400] "GET /mysql/sql.php?server=1&db=agents&table=usagers&pos=0&token=327d6af6cb1614f599c8e871bb9f64eb&ajax_request=true&ajax_page_request=true&_nocache=1725900224189885126 HTTP/1.1" 200 4642
::1 - - [09/Sep/2024:12:43:44 -0400] "GET /mysql/index.php?ajax_request=1&recent_table=1&token=327d6af6cb1614f599c8e871bb9f64eb&no_debug=true&_nocache=1725900224535635165 HTTP/1.1" 200 1437
::1 - - [09/Sep/2024:12:43:44 -0400] "POST /mysql/navigation.php?ajax_request=1&token=327d6af6cb1614f599c8e871bb9f64eb HTTP/1.1" 200 2511
::1 - - [09/Sep/2024:12:43:51 -0400] "GET /mysql/tbl_structure.php?server=1&db=agents&table=usagers&token=327d6af6cb1614f599c8e871bb9f64eb&ajax_request=true&ajax_page_request=true&_nocache=1725900231554416341 HTTP/1.1" 200 6307
::1 - - [09/Sep/2024:12:43:51 -0400] "GET /mysql/index.php?ajax_request=1&recent_table=1&token=327d6af6cb1614f599c8e871bb9f64eb&no_debug=true&_nocache=1725900231899650865 HTTP/1.1" 200 1437
::1 - - [09/Sep/2024:12:43:51 -0400] "POST /mysql/navigation.php?ajax_request=1&token=327d6af6cb1614f599c8e871bb9f64eb HTTP/1.1" 200 2511
::1 - - [09/Sep/2024:12:43:54 -0400] "GET /mysql/tbl_change.php?db=agents&table=usagers&token=327d6af6cb1614f599c8e871bb9f64eb&ajax_request=true&ajax_page_request=true&_nocache=1725900234737324904 HTTP/1.1" 200 6340
::1 - - [09/Sep/2024:12:43:55 -0400] "GET /mysql/js/get_scripts.js.php?scripts%5B%5D=big_ints.js&scripts%5B%5D=jquery/jquery.validate.js&scripts%5B%5D=jquery/additional-methods.js&call_done=1&v=4.5.4.1 HTTP/1.1" 200 21848
::1 - - [09/Sep/2024:12:43:55 -0400] "GET /mysql/index.php?ajax_request=1&recent_table=1&token=327d6af6cb1614f599c8e871bb9f64eb&no_debug=true&_nocache=172590023537220607 HTTP/1.1" 200 1437
::1 - - [09/Sep/2024:12:45:19 -0400] "POST /mysql/tbl_replace.php HTTP/1.1" 200 5304
::1 - - [09/Sep/2024:12:45:20 -0400] "GET /mysql/index.php?ajax_request=1&recent_table=1&token=327d6af6cb1614f599c8e871bb9f64eb&no_debug=true&_nocache=1725900320210692414 HTTP/1.1" 200 1437
::1 - - [09/Sep/2024:12:45:20 -0400] "POST /mysql/lint.php HTTP/1.1" 200 351
::1 - - [09/Sep/2024:12:45:27 -0400] "GET /mysql/tbl_change.php?db=agents&table=usagers&token=327d6af6cb1614f599c8e871bb9f64eb&ajax_request=true&ajax_page_request=true&_nocache=1725900327034371043 HTTP/1.1" 200 6340
::1 - - [09/Sep/2024:12:45:27 -0400] "GET /mysql/index.php?ajax_request=1&recent_table=1&token=327d6af6cb1614f599c8e871bb9f64eb&no_debug=true&_nocache=1725900327363596512 HTTP/1.1" 200 1437
::1 - - [09/Sep/2024:12:45:29 -0400] "GET /mysql/sql.php?db=agents&table=usagers&token=327d6af6cb1614f599c8e871bb9f64eb&pos=0&ajax_request=true&ajax_page_request=true&_nocache=1725900329159919800 HTTP/1.1" 200 7383
::1 - - [09/Sep/2024:12:45:29 -0400] "GET /mysql/index.php?ajax_request=1&recent_table=1&token=327d6af6cb1614f599c8e871bb9f64eb&no_debug=true&_nocache=1725900329566321753 HTTP/1.1" 200 1437
::1 - - [09/Sep/2024:12:45:46 -0400] "POST /mysql/tbl_replace.php HTTP/1.1" 200 2014
::1 - - [09/Sep/2024:12:45:51 -0400] "POST /mysql/tbl_replace.php HTTP/1.1" 200 2015
::1 - - [09/Sep/2024:12:57:43 -0400] "GET / HTTP/1.1" 200 1213
::1 - - [09/Sep/2024:12:57:44 -0400] "GET /cours2/ HTTP/1.1" 200 412
::1 - - [09/Sep/2024:12:57:46 -0400] "GET /cours4/ HTTP/1.1" 200 4152
::1 - - [09/Sep/2024:12:58:50 -0400] "GET /cours4/ HTTP/1.1" 200 4225
::1 - - [09/Sep/2024:12:58:51 -0400] "GET /cours4/login.php HTTP/1.1" 200 1240
::1 - - [09/Sep/2024:13:00:03 -0400] "GET /cours4/login.php HTTP/1.1" 200 1261
::1 - - [09/Sep/2024:13:01:41 -0400] "GET /cours4/login.php HTTP/1.1" 200 1281
::1 - - [09/Sep/2024:13:02:22 -0400] "GET /cours4/login.php HTTP/1.1" 200 1274
::1 - - [09/Sep/2024:13:10:31 -0400] "POST /mysql/index.php HTTP/1.1" 200 73
::1 - - [09/Sep/2024:13:10:32 -0400] "GET /mysql/sql.php?db=agents&table=usagers&token=327d6af6cb1614f599c8e871bb9f64eb&pos=0 HTTP/1.1" 200 3139
::1 - - [09/Sep/2024:13:10:32 -0400] "POST /mysql/sql.php?db=agents&table=usagers&token=327d6af6cb1614f599c8e871bb9f64eb&pos=0 HTTP/1.1" 200 3139
::1 - - [09/Sep/2024:13:14:59 -0400] "POST /mysql/index.php HTTP/1.1" 302 25
::1 - - [09/Sep/2024:13:14:59 -0400] "GET /mysql/index.php?db=agents&table=usagers&target=sql.php&token=327d6af6cb1614f599c8e871bb9f64eb HTTP/1.1" 200 13625
::1 - - [09/Sep/2024:13:15:00 -0400] "GET /mysql/js/get_scripts.js.php?scripts%5B%5D=common.js&scripts%5B%5D=config.js&scripts%5B%5D=page_settings.js&scripts%5B%5D=jquery/jquery.uitablefilter.js&scripts%5B%5D=tbl_change.js&scripts%5B%5D=gis_data_editor.js&scripts%5B%5D=multi_column_sort.js&scripts%5B%5D=makegrid.js&scripts%5B%5D=sql.js&scripts%5B%5D=codemirror/lib/codemirror.js&scripts%5B%5D=codemirror/mode/sql/sql.js&scripts%5B%5D=codemirror/addon/runmode/runmode.js&scripts%5B%5D=codemirror/addon/hint/show-hint.js&scripts%5B%5D=codemirror/addon/hint/sql-hint.js&scripts%5B%5D=codemirror/addon/lint/lint.js&scripts%5B%5D=codemirror/addon/lint/sql-lint.js&scripts%5B%5D=console.js&v=4.5.4.1 HTTP/1.1" 200 165856
::1 - - [09/Sep/2024:13:15:00 -0400] "GET /mysql/index.php?ajax_request=1&recent_table=1&token=327d6af6cb1614f599c8e871bb9f64eb&no_debug=true&_nocache=1725902100540195588 HTTP/1.1" 200 1437
::1 - - [09/Sep/2024:13:15:00 -0400] "POST /mysql/navigation.php?ajax_request=1&token=327d6af6cb1614f599c8e871bb9f64eb HTTP/1.1" 200 2511
::1 - - [09/Sep/2024:13:20:32 -0400] "GET /cours4/login.php HTTP/1.1" 200 387
::1 - - [09/Sep/2024:13:20:33 -0400] "GET /cours4/login.php HTTP/1.1" 200 387
::1 - - [09/Sep/2024:13:20:33 -0400] "GET /cours4/login.php HTTP/1.1" 200 387
::1 - - [09/Sep/2024:13:20:34 -0400] "GET /cours4/login.php HTTP/1.1" 200 387
::1 - - [09/Sep/2024:13:20:34 -0400] "GET /cours4/login.php HTTP/1.1" 200 387
::1 - - [09/Sep/2024:13:20:34 -0400] "GET /cours4/login.php HTTP/1.1" 200 387
::1 - - [09/Sep/2024:13:20:34 -0400] "GET /cours4/login.php HTTP/1.1" 200 387
::1 - - [09/Sep/2024:13:20:35 -0400] "GET /cours4/login.php HTTP/1.1" 200 387
::1 - - [09/Sep/2024:13:20:44 -0400] "GET /cours4/login.php HTTP/1.1" 200 387
::1 - - [09/Sep/2024:13:20:45 -0400] "GET /cours4/login.php HTTP/1.1" 200 387
::1 - - [09/Sep/2024:13:20:45 -0400] "GET /cours4/login.php HTTP/1.1" 200 387
::1 - - [09/Sep/2024:13:20:46 -0400] "GET /cours4/login.php HTTP/1.1" 200 387
::1 - - [09/Sep/2024:13:20:46 -0400] "GET /cours4/login.php HTTP/1.1" 200 387
::1 - - [09/Sep/2024:13:21:30 -0400] "GET /cours4/login.php HTTP/1.1" 200 1280
::1 - - [09/Sep/2024:13:22:52 -0400] "GET /cours4/login.php HTTP/1.1" 200 1337
::1 - - [09/Sep/2024:13:22:52 -0400] "GET /cours4/login.php HTTP/1.1" 200 1337
::1 - - [09/Sep/2024:13:23:22 -0400] "GET /cours4/login.php HTTP/1.1" 200 1464
::1 - - [09/Sep/2024:13:23:51 -0400] "GET /cours4/login.php HTTP/1.1" 200 1463
::1 - - [09/Sep/2024:13:24:17 -0400] "POST /cours4/login.php HTTP/1.1" 200 3475
::1 - - [09/Sep/2024:13:24:18 -0400] "POST /cours4/login.php HTTP/1.1" 200 3475
::1 - - [09/Sep/2024:13:24:19 -0400] "POST /cours4/login.php HTTP/1.1" 200 3475
::1 - - [09/Sep/2024:13:24:19 -0400] "POST /cours4/login.php HTTP/1.1" 200 3475
::1 - - [09/Sep/2024:13:24:59 -0400] "POST /cours4/login.php HTTP/1.1" 200 3475
::1 - - [09/Sep/2024:13:25:10 -0400] "POST /cours4/login.php HTTP/1.1" 200 3475
::1 - - [09/Sep/2024:13:25:15 -0400] "POST /cours4/login.php HTTP/1.1" 200 3475
::1 - - [09/Sep/2024:13:25:52 -0400] "GET /mysql/sql.php?db=agents&table=usagers&sql_query=DELETE+FROM+%60usagers%60+WHERE+%60usagers%60.%60id%60+%3D+2&message_to_show=La+ligne+a+%C3%A9t%C3%A9+effac%C3%A9e.&goto=sql.php%3Fdb%3Dagents%26table%3Dusagers%26sql_query%3DSELECT%2B%252A%2BFROM%2B%2560usagers%2560%26message_to_show%3DLa%2Bligne%2Ba%2B%25C3%25A9t%25C3%25A9%2Beffac%25C3%25A9e.%26goto%3Dtbl_sql.php%26token%3D327d6af6cb1614f599c8e871bb9f64eb&token=327d6af6cb1614f599c8e871bb9f64eb HTTP/1.1" 200 10324
::1 - - [09/Sep/2024:13:25:52 -0400] "GET /mysql/js/get_scripts.js.php?scripts%5B%5D=common.js&scripts%5B%5D=config.js&scripts%5B%5D=page_settings.js&scripts%5B%5D=jquery/jquery.uitablefilter.js&scripts%5B%5D=tbl_change.js&scripts%5B%5D=gis_data_editor.js&scripts%5B%5D=multi_column_sort.js&scripts%5B%5D=codemirror/lib/codemirror.js&scripts%5B%5D=codemirror/mode/sql/sql.js&scripts%5B%5D=codemirror/addon/runmode/runmode.js&scripts%5B%5D=codemirror/addon/hint/show-hint.js&scripts%5B%5D=codemirror/addon/hint/sql-hint.js&scripts%5B%5D=codemirror/addon/lint/lint.js&scripts%5B%5D=codemirror/addon/lint/sql-lint.js&scripts%5B%5D=console.js&v=4.5.4.1 HTTP/1.1" 200 141106
::1 - - [09/Sep/2024:13:25:53 -0400] "GET /mysql/index.php?ajax_request=1&recent_table=1&token=327d6af6cb1614f599c8e871bb9f64eb&no_debug=true&_nocache=1725902753191216380 HTTP/1.1" 200 1437
::1 - - [09/Sep/2024:13:25:53 -0400] "POST /mysql/navigation.php?ajax_request=1&token=327d6af6cb1614f599c8e871bb9f64eb HTTP/1.1" 200 2511
::1 - - [09/Sep/2024:13:25:57 -0400] "GET /mysql/sql.php?server=1&db=agents&table=usagers&pos=0&token=327d6af6cb1614f599c8e871bb9f64eb&ajax_request=true&ajax_page_request=true&_nocache=1725902757123646533 HTTP/1.1" 200 7027
::1 - - [09/Sep/2024:13:25:57 -0400] "GET /mysql/js/get_scripts.js.php?scripts%5B%5D=makegrid.js&scripts%5B%5D=sql.js&call_done=1&v=4.5.4.1 HTTP/1.1" 200 25300
::1 - - [09/Sep/2024:13:25:57 -0400] "GET /mysql/index.php?ajax_request=1&recent_table=1&token=327d6af6cb1614f599c8e871bb9f64eb&no_debug=true&_nocache=1725902757650410484 HTTP/1.1" 200 1437
::1 - - [09/Sep/2024:13:25:57 -0400] "POST /mysql/navigation.php?ajax_request=1&token=327d6af6cb1614f599c8e871bb9f64eb HTTP/1.1" 200 2511
::1 - - [09/Sep/2024:13:26:05 -0400] "POST /cours4/login.php HTTP/1.1" 200 3475
::1 - - [09/Sep/2024:13:26:13 -0400] "POST /cours4/login.php HTTP/1.1" 200 3475
::1 - - [09/Sep/2024:13:26:13 -0400] "POST /cours4/login.php HTTP/1.1" 200 3475
::1 - - [09/Sep/2024:13:26:14 -0400] "POST /cours4/login.php HTTP/1.1" 200 3475
::1 - - [09/Sep/2024:13:26:15 -0400] "POST /cours4/login.php HTTP/1.1" 200 3475
::1 - - [09/Sep/2024:13:26:15 -0400] "POST /cours4/login.php HTTP/1.1" 200 3475
::1 - - [09/Sep/2024:13:26:15 -0400] "POST /cours4/login.php HTTP/1.1" 200 3475
::1 - - [09/Sep/2024:13:26:15 -0400] "POST /cours4/login.php HTTP/1.1" 200 3475
::1 - - [09/Sep/2024:13:26:15 -0400] "POST /cours4/login.php HTTP/1.1" 200 3475
::1 - - [09/Sep/2024:13:26:16 -0400] "POST /cours4/login.php HTTP/1.1" 200 3475
::1 - - [09/Sep/2024:13:26:18 -0400] "POST /cours4/login.php HTTP/1.1" 200 3475
::1 - - [09/Sep/2024:13:26:22 -0400] "POST /cours4/login.php HTTP/1.1" 200 3475
::1 - - [09/Sep/2024:13:33:30 -0400] "POST /cours4/login.php HTTP/1.1" 200 3475
::1 - - [09/Sep/2024:13:33:30 -0400] "POST /cours4/login.php HTTP/1.1" 200 3475
::1 - - [09/Sep/2024:13:33:31 -0400] "POST /cours4/login.php HTTP/1.1" 200 3475
::1 - - [09/Sep/2024:13:33:31 -0400] "POST /cours4/login.php HTTP/1.1" 200 3475
::1 - - [09/Sep/2024:13:33:31 -0400] "POST /cours4/login.php HTTP/1.1" 200 3475
::1 - - [09/Sep/2024:13:33:43 -0400] "GET /cours4/login.php HTTP/1.1" 200 1463
::1 - - [09/Sep/2024:13:34:02 -0400] "GET /cours4/login.php HTTP/1.1" 200 1467
::1 - - [09/Sep/2024:13:34:12 -0400] "POST /cours4/login.php HTTP/1.1" 200 3479
::1 - - [09/Sep/2024:13:34:15 -0400] "POST /cours4/login.php HTTP/1.1" 200 3479
::1 - - [09/Sep/2024:13:34:16 -0400] "GET /cours4/login.php HTTP/1.1" 200 1467
::1 - - [09/Sep/2024:13:34:20 -0400] "POST /cours4/login.php HTTP/1.1" 200 3479
::1 - - [09/Sep/2024:13:45:30 -0400] "POST /cours4/login.php HTTP/1.1" 200 3495
::1 - - [09/Sep/2024:13:45:31 -0400] "POST /cours4/login.php HTTP/1.1" 200 3495
::1 - - [09/Sep/2024:13:45:32 -0400] "POST /cours4/login.php HTTP/1.1" 200 3495
::1 - - [09/Sep/2024:13:45:37 -0400] "POST /cours4/login.php HTTP/1.1" 200 3495
::1 - - [09/Sep/2024:13:49:07 -0400] "POST /cours4/login.php HTTP/1.1" 200 427
::1 - - [09/Sep/2024:13:49:07 -0400] "GET /mysql/sql.php?server=1&db=agents&table=usagers&pos=0&token=327d6af6cb1614f599c8e871bb9f64eb&ajax_request=true&ajax_page_request=true&_nocache=1725904082552886536 HTTP/1.1" 200 7027
::1 - - [09/Sep/2024:13:49:08 -0400] "GET /mysql/index.php?ajax_request=1&recent_table=1&token=327d6af6cb1614f599c8e871bb9f64eb&no_debug=true&_nocache=1725904148018583725 HTTP/1.1" 200 1437
::1 - - [09/Sep/2024:13:49:14 -0400] "POST /cours4/login.php HTTP/1.1" 200 3557
::1 - - [09/Sep/2024:13:49:14 -0400] "POST /mysql/navigation.php?ajax_request=1&token=327d6af6cb1614f599c8e871bb9f64eb HTTP/1.1" 200 2511
::1 - - [09/Sep/2024:13:49:58 -0400] "POST /cours4/login.php HTTP/1.1" 200 3593
::1 - - [09/Sep/2024:13:49:58 -0400] "POST /cours4/login.php HTTP/1.1" 200 3593
::1 - - [09/Sep/2024:13:49:59 -0400] "POST /cours4/login.php HTTP/1.1" 200 3593
::1 - - [09/Sep/2024:13:50:04 -0400] "POST /cours4/login.php HTTP/1.1" 200 3586
::1 - - [09/Sep/2024:13:50:14 -0400] "POST /cours4/login.php HTTP/1.1" 200 3593
::1 - - [09/Sep/2024:13:50:14 -0400] "POST /cours4/login.php HTTP/1.1" 200 3586
::1 - - [09/Sep/2024:13:50:15 -0400] "POST /cours4/login.php HTTP/1.1" 200 3586
::1 - - [09/Sep/2024:13:50:48 -0400] "POST /cours4/login.php HTTP/1.1" 200 3590
::1 - - [09/Sep/2024:13:50:49 -0400] "POST /cours4/login.php HTTP/1.1" 200 3590
::1 - - [09/Sep/2024:13:50:49 -0400] "POST /cours4/login.php HTTP/1.1" 200 3590
::1 - - [09/Sep/2024:13:51:03 -0400] "POST /cours4/login.php HTTP/1.1" 200 3590
::1 - - [09/Sep/2024:13:51:28 -0400] "POST /cours4/login.php HTTP/1.1" 200 3590
::1 - - [09/Sep/2024:13:51:28 -0400] "POST /cours4/login.php HTTP/1.1" 200 3590
::1 - - [09/Sep/2024:13:51:28 -0400] "POST /cours4/login.php HTTP/1.1" 200 3590
::1 - - [09/Sep/2024:13:58:40 -0400] "POST /cours4/login.php HTTP/1.1" 200 3597
::1 - - [09/Sep/2024:13:59:10 -0400] "POST /cours4/login.php HTTP/1.1" 200 1655
::1 - - [09/Sep/2024:13:59:53 -0400] "POST /cours4/login.php HTTP/1.1" 200 1655
::1 - - [09/Sep/2024:14:00:34 -0400] "GET /mysql/sql.php?server=1&db=agents&table=usagers&pos=0&token=327d6af6cb1614f599c8e871bb9f64eb HTTP/1.1" 200 13487
::1 - - [09/Sep/2024:14:00:35 -0400] "GET /mysql/index.php?ajax_request=1&recent_table=1&token=327d6af6cb1614f599c8e871bb9f64eb&no_debug=true&_nocache=1725904835237486689 HTTP/1.1" 200 1437
::1 - - [09/Sep/2024:14:00:35 -0400] "POST /mysql/navigation.php?ajax_request=1&token=327d6af6cb1614f599c8e871bb9f64eb HTTP/1.1" 200 2511
::1 - - [09/Sep/2024:14:00:42 -0400] "POST /mysql/tbl_replace.php HTTP/1.1" 200 1974
::1 - - [09/Sep/2024:14:00:46 -0400] "POST /cours4/login.php HTTP/1.1" 200 1627
::1 - - [09/Sep/2024:14:00:58 -0400] "POST /cours4/login.php HTTP/1.1" 200 1655
::1 - - [09/Sep/2024:14:01:08 -0400] "POST /cours4/login.php HTTP/1.1" 200 1627
::1 - - [09/Sep/2024:14:01:32 -0400] "POST /cours4/login.php HTTP/1.1" 200 1485
::1 - - [09/Sep/2024:14:02:06 -0400] "GET /mysql/tbl_change.php?db=agents&table=usagers&token=327d6af6cb1614f599c8e871bb9f64eb HTTP/1.1" 200 12679
127.0.0.1 - - [09/Sep/2024:14:02:06 -0400] "GET /mysql/js/get_scripts.js.php?scripts%5B%5D=common.js&scripts%5B%5D=config.js&scripts%5B%5D=page_settings.js&scripts%5B%5D=sql.js&scripts%5B%5D=tbl_change.js&scripts%5B%5D=big_ints.js&scripts%5B%5D=jquery/jquery.validate.js&scripts%5B%5D=jquery/additional-methods.js&scripts%5B%5D=gis_data_editor.js&scripts%5B%5D=codemirror/lib/codemirror.js&scripts%5B%5D=codemirror/mode/sql/sql.js&scripts%5B%5D=codemirror/addon/runmode/runmode.js&scripts%5B%5D=codemirror/addon/hint/show-hint.js&scripts%5B%5D=codemirror/addon/hint/sql-hint.js&scripts%5B%5D=codemirror/addon/lint/lint.js&scripts%5B%5D=codemirror/addon/lint/sql-lint.js&scripts%5B%5D=console.js&v=4.5.4.1 HTTP/1.1" 200 168414
127.0.0.1 - - [09/Sep/2024:14:02:06 -0400] "GET /mysql/index.php?ajax_request=1&recent_table=1&token=327d6af6cb1614f599c8e871bb9f64eb&no_debug=true&_nocache=1725904926786493808 HTTP/1.1" 200 1437
::1 - - [09/Sep/2024:14:02:06 -0400] "POST /mysql/navigation.php?ajax_request=1&token=327d6af6cb1614f599c8e871bb9f64eb HTTP/1.1" 200 2511
::1 - - [09/Sep/2024:14:02:18 -0400] "POST /mysql/tbl_replace.php HTTP/1.1" 200 5259
::1 - - [09/Sep/2024:14:02:18 -0400] "GET /mysql/js/get_scripts.js.php?scripts%5B%5D=makegrid.js&scripts%5B%5D=jquery/jquery.uitablefilter.js&call_done=1&v=4.5.4.1 HTTP/1.1" 200 18768
::1 - - [09/Sep/2024:14:02:18 -0400] "GET /mysql/index.php?ajax_request=1&recent_table=1&token=327d6af6cb1614f599c8e871bb9f64eb&no_debug=true&_nocache=1725904938888827810 HTTP/1.1" 200 1437
::1 - - [09/Sep/2024:14:02:18 -0400] "POST /mysql/lint.php HTTP/1.1" 200 28
::1 - - [09/Sep/2024:14:02:21 -0400] "GET /mysql/sql.php?server=1&db=agents&table=usagers&pos=0&token=327d6af6cb1614f599c8e871bb9f64eb&ajax_request=true&ajax_page_request=true&_nocache=1725904941022329805 HTTP/1.1" 200 7357
::1 - - [09/Sep/2024:14:02:21 -0400] "GET /mysql/js/get_scripts.js.php?scripts%5B%5D=multi_column_sort.js&call_done=1&v=4.5.4.1 HTTP/1.1" 200 1188
::1 - - [09/Sep/2024:14:02:21 -0400] "GET /mysql/index.php?ajax_request=1&recent_table=1&token=327d6af6cb1614f599c8e871bb9f64eb&no_debug=true&_nocache=172590494154258053 HTTP/1.1" 200 1437
::1 - - [09/Sep/2024:14:02:21 -0400] "POST /mysql/navigation.php?ajax_request=1&token=327d6af6cb1614f599c8e871bb9f64eb HTTP/1.1" 200 2511
::1 - - [09/Sep/2024:14:02:23 -0400] "GET /mysql/tbl_replace.php?db=agents&table=usagers&server=1&target=&token=327d6af6cb1614f599c8e871bb9f64eb&ajax_request=true&ajax_page_request=true&_nocache=1725904943982184682 HTTP/1.1" 200 4962
::1 - - [09/Sep/2024:14:02:24 -0400] "GET /mysql/index.php?ajax_request=1&recent_table=1&token=327d6af6cb1614f599c8e871bb9f64eb&no_debug=true&_nocache=1725904944347585586 HTTP/1.1" 200 1437
::1 - - [09/Sep/2024:14:02:24 -0400] "POST /mysql/lint.php HTTP/1.1" 200 28
::1 - - [09/Sep/2024:14:02:24 -0400] "POST /mysql/navigation.php?ajax_request=1&token=327d6af6cb1614f599c8e871bb9f64eb HTTP/1.1" 200 2511
::1 - - [09/Sep/2024:14:02:25 -0400] "GET /mysql/sql.php?db=agents&table=usagers&server=1&target=&token=327d6af6cb1614f599c8e871bb9f64eb&ajax_request=true&ajax_page_request=true&_nocache=1725904945615929239 HTTP/1.1" 200 7353
::1 - - [09/Sep/2024:14:02:25 -0400] "GET /mysql/index.php?ajax_request=1&recent_table=1&token=327d6af6cb1614f599c8e871bb9f64eb&no_debug=true&_nocache=1725904945972787128 HTTP/1.1" 200 1437
::1 - - [09/Sep/2024:14:02:25 -0400] "POST /mysql/navigation.php?ajax_request=1&token=327d6af6cb1614f599c8e871bb9f64eb HTTP/1.1" 200 2511
::1 - - [09/Sep/2024:14:02:28 -0400] "GET /mysql/sql.php?db=agents&table=usagers&sql_query=DELETE+FROM+%60usagers%60+WHERE+%60usagers%60.%60id%60+%3D+2&message_to_show=La+ligne+a+%C3%A9t%C3%A9+effac%C3%A9e.&goto=sql.php%3Fdb%3Dagents%26table%3Dusagers%26sql_query%3DSELECT%2B%252A%2BFROM%2B%2560usagers%2560%26message_to_show%3DLa%2Bligne%2Ba%2B%25C3%25A9t%25C3%25A9%2Beffac%25C3%25A9e.%26goto%3Dtbl_sql.php%26token%3D327d6af6cb1614f599c8e871bb9f64eb&token=327d6af6cb1614f599c8e871bb9f64eb&ajax_request=true&is_js_confirmed=true&_nocache=172590494810097767 HTTP/1.1" 200 1934
::1 - - [09/Sep/2024:14:02:30 -0400] "GET /mysql/tbl_change.php?db=agents&table=usagers&token=327d6af6cb1614f599c8e871bb9f64eb&ajax_request=true&ajax_page_request=true&_nocache=1725904950613356592 HTTP/1.1" 200 6340
::1 - - [09/Sep/2024:14:02:30 -0400] "GET /mysql/index.php?ajax_request=1&recent_table=1&token=327d6af6cb1614f599c8e871bb9f64eb&no_debug=true&_nocache=1725904950958235873 HTTP/1.1" 200 1437
::1 - - [09/Sep/2024:14:02:51 -0400] "POST /mysql/tbl_replace.php HTTP/1.1" 200 5271
::1 - - [09/Sep/2024:14:02:52 -0400] "GET /mysql/index.php?ajax_request=1&recent_table=1&token=327d6af6cb1614f599c8e871bb9f64eb&no_debug=true&_nocache=1725904972317313880 HTTP/1.1" 200 1437
::1 - - [09/Sep/2024:14:02:52 -0400] "POST /mysql/lint.php HTTP/1.1" 200 213
::1 - - [09/Sep/2024:14:02:57 -0400] "GET /mysql/sql.php?server=1&db=agents&table=usagers&pos=0&token=327d6af6cb1614f599c8e871bb9f64eb&ajax_request=true&ajax_page_request=true&_nocache=1725904977125718340 HTTP/1.1" 200 7347
::1 - - [09/Sep/2024:14:02:57 -0400] "GET /mysql/sql.php?server=1&db=agents&table=usagers&pos=0&token=327d6af6cb1614f599c8e871bb9f64eb&ajax_request=true&ajax_page_request=true&_nocache=1725904977276733200 HTTP/1.1" 200 7348
::1 - - [09/Sep/2024:14:02:58 -0400] "GET /mysql/index.php?ajax_request=1&recent_table=1&token=327d6af6cb1614f599c8e871bb9f64eb&no_debug=true&_nocache=1725904978396878649 HTTP/1.1" 200 1437
::1 - - [09/Sep/2024:14:02:58 -0400] "POST /mysql/navigation.php?ajax_request=1&token=327d6af6cb1614f599c8e871bb9f64eb HTTP/1.1" 200 2511
::1 - - [09/Sep/2024:14:03:03 -0400] "GET /mysql/tbl_replace.php?db=agents&table=usagers&server=1&target=&token=327d6af6cb1614f599c8e871bb9f64eb&ajax_request=true&ajax_page_request=true&_nocache=1725904983442493671 HTTP/1.1" 200 4962
::1 - - [09/Sep/2024:14:03:03 -0400] "GET /mysql/index.php?ajax_request=1&recent_table=1&token=327d6af6cb1614f599c8e871bb9f64eb&no_debug=true&_nocache=1725904983740918583 HTTP/1.1" 200 1437
::1 - - [09/Sep/2024:14:03:03 -0400] "POST /mysql/lint.php HTTP/1.1" 200 28
::1 - - [09/Sep/2024:14:03:03 -0400] "POST /mysql/navigation.php?ajax_request=1&token=327d6af6cb1614f599c8e871bb9f64eb HTTP/1.1" 200 2511
::1 - - [09/Sep/2024:14:03:04 -0400] "GET /mysql/sql.php?db=agents&table=usagers&server=1&target=&token=327d6af6cb1614f599c8e871bb9f64eb&ajax_request=true&ajax_page_request=true&_nocache=1725904984583683137 HTTP/1.1" 200 7347
::1 - - [09/Sep/2024:14:03:04 -0400] "GET /mysql/index.php?ajax_request=1&recent_table=1&token=327d6af6cb1614f599c8e871bb9f64eb&no_debug=true&_nocache=1725904984952419450 HTTP/1.1" 200 1437
::1 - - [09/Sep/2024:14:03:04 -0400] "POST /mysql/navigation.php?ajax_request=1&token=327d6af6cb1614f599c8e871bb9f64eb HTTP/1.1" 200 2511
::1 - - [09/Sep/2024:14:03:08 -0400] "GET /mysql/sql.php?db=agents&table=usagers&sql_query=DELETE+FROM+%60usagers%60+WHERE+%60usagers%60.%60id%60+%3D+3&message_to_show=La+ligne+a+%C3%A9t%C3%A9+effac%C3%A9e.&goto=sql.php%3Fdb%3Dagents%26table%3Dusagers%26sql_query%3DSELECT%2B%252A%2BFROM%2B%2560usagers%2560%26message_to_show%3DLa%2Bligne%2Ba%2B%25C3%25A9t%25C3%25A9%2Beffac%25C3%25A9e.%26goto%3Dtbl_sql.php%26token%3D327d6af6cb1614f599c8e871bb9f64eb&token=327d6af6cb1614f599c8e871bb9f64eb&ajax_request=true&is_js_confirmed=true&_nocache=1725904988544303758 HTTP/1.1" 200 1934
::1 - - [09/Sep/2024:14:03:10 -0400] "GET /mysql/tbl_change.php?db=agents&table=usagers&token=327d6af6cb1614f599c8e871bb9f64eb&ajax_request=true&ajax_page_request=true&_nocache=1725904990977585502 HTTP/1.1" 200 6340
::1 - - [09/Sep/2024:14:03:11 -0400] "GET /mysql/index.php?ajax_request=1&recent_table=1&token=327d6af6cb1614f599c8e871bb9f64eb&no_debug=true&_nocache=1725904991308522861 HTTP/1.1" 200 1437
::1 - - [09/Sep/2024:14:03:30 -0400] "POST /mysql/tbl_replace.php HTTP/1.1" 200 5274
::1 - - [09/Sep/2024:14:03:30 -0400] "POST /mysql/lint.php HTTP/1.1" 200 213
::1 - - [09/Sep/2024:14:03:30 -0400] "GET /mysql/index.php?ajax_request=1&recent_table=1&token=327d6af6cb1614f599c8e871bb9f64eb&no_debug=true&_nocache=1725905010537906422 HTTP/1.1" 200 1437
::1 - - [09/Sep/2024:14:03:32 -0400] "GET /mysql/sql.php?server=1&db=agents&table=usagers&pos=0&token=327d6af6cb1614f599c8e871bb9f64eb&ajax_request=true&ajax_page_request=true&_nocache=1725905012175490787 HTTP/1.1" 200 7387
::1 - - [09/Sep/2024:14:03:32 -0400] "GET /mysql/index.php?ajax_request=1&recent_table=1&token=327d6af6cb1614f599c8e871bb9f64eb&no_debug=true&_nocache=1725905012532946462 HTTP/1.1" 200 1437
::1 - - [09/Sep/2024:14:03:32 -0400] "POST /mysql/navigation.php?ajax_request=1&token=327d6af6cb1614f599c8e871bb9f64eb HTTP/1.1" 200 2511
::1 - - [09/Sep/2024:14:03:43 -0400] "POST /cours4/login.php HTTP/1.1" 200 1485
::1 - - [09/Sep/2024:14:03:47 -0400] "POST /cours4/login.php HTTP/1.1" 200 1513
::1 - - [09/Sep/2024:14:06:45 -0400] "GET /cours4/ HTTP/1.1" 200 4203
::1 - - [09/Sep/2024:14:07:08 -0400] "GET /cours4/ajouter.php HTTP/1.1" 200 2207
::1 - - [09/Sep/2024:14:27:27 -0400] "POST /mysql/index.php HTTP/1.1" 200 1540
::1 - - [09/Sep/2024:14:35:55 -0400] "GET /cours4/login.php HTTP/1.1" 200 1480
::1 - - [09/Sep/2024:14:36:03 -0400] "POST /cours4/login.php HTTP/1.1" 200 1498
::1 - - [09/Sep/2024:14:41:37 -0400] "POST /cours4/login.php HTTP/1.1" 200 1526
::1 - - [09/Sep/2024:14:41:42 -0400] "POST /cours4/login.php HTTP/1.1" 302 1498
::1 - - [09/Sep/2024:14:41:42 -0400] "GET /cours4/modifier.php HTTP/1.1" 200 218
::1 - - [10/Sep/2024:15:25:41 -0400] "GET / HTTP/1.1" 200 1648
::1 - - [10/Sep/2024:15:25:41 -0400] "GET /favicon.ico HTTP/1.1" 404 309
::1 - - [10/Sep/2024:15:25:43 -0400] "GET /PageWebDaftPunk/ HTTP/1.1" 200 8262
::1 - - [10/Sep/2024:15:25:43 -0400] "GET /PageWebDaftPunk/css/style.css HTTP/1.1" 200 1018
::1 - - [10/Sep/2024:15:25:43 -0400] "GET /PageWebDaftPunk/js/wow.min.js HTTP/1.1" 200 8155
::1 - - [10/Sep/2024:15:25:43 -0400] "GET /PageWebDaftPunk/img/DaftLogo.png HTTP/1.1" 200 547645
::1 - - [10/Sep/2024:15:25:43 -0400] "GET /PageWebDaftPunk/css/animate.css HTTP/1.1" 200 57095
::1 - - [10/Sep/2024:15:25:43 -0400] "GET /PageWebDaftPunk/img/DaftPunkDiscovery.jpg HTTP/1.1" 200 101342
::1 - - [10/Sep/2024:15:25:43 -0400] "GET /PageWebDaftPunk/img/DaftPunkHumanAfterall.jpg HTTP/1.1" 200 91580
::1 - - [10/Sep/2024:15:25:43 -0400] "GET /PageWebDaftPunk/img/DaftPunkHomework.jpg HTTP/1.1" 200 173176
::1 - - [10/Sep/2024:15:25:43 -0400] "GET /PageWebDaftPunk/img/DaftPunkAlive1997.jfif HTTP/1.1" 200 161526
::1 - - [10/Sep/2024:15:25:43 -0400] "GET /PageWebDaftPunk/img/DaftPunkRAM.jfif HTTP/1.1" 200 86043
::1 - - [10/Sep/2024:15:25:43 -0400] "GET /PageWebDaftPunk/img/DaftPunkMusiqueVol1.jfif HTTP/1.1" 200 116918
::1 - - [10/Sep/2024:15:25:43 -0400] "GET /PageWebDaftPunk/img/MasterCard.png HTTP/1.1" 200 50291
::1 - - [10/Sep/2024:15:25:43 -0400] "GET /PageWebDaftPunk/img/Visa%20Logo.png HTTP/1.1" 200 82082
::1 - - [10/Sep/2024:15:25:43 -0400] "GET /PageWebDaftPunk/img/InteracLogo.svg.png HTTP/1.1" 200 58659
::1 - - [10/Sep/2024:15:25:43 -0400] "GET /PageWebDaftPunk/img/DaftPunk.jpg HTTP/1.1" 200 291954
::1 - - [10/Sep/2024:15:25:43 -0400] "GET /PageWebDaftPunk/img/DaftLogo2.png HTTP/1.1" 200 677574
::1 - - [10/Sep/2024:15:25:58 -0400] "GET /PageWebDaftPunk/achat.html HTTP/1.1" 200 8279
::1 - - [10/Sep/2024:15:25:58 -0400] "GET /PageWebDaftPunk/img/Traxondarocks.jpg HTTP/1.1" 200 197390
::1 - - [10/Sep/2024:15:25:58 -0400] "GET /PageWebDaftPunk/img/TraxOnDaRocksVol.2.jpg HTTP/1.1" 200 200207
::1 - - [10/Sep/2024:15:25:58 -0400] "GET /PageWebDaftPunk/img/Spinal%20Scratch.jpg HTTP/1.1" 200 162536
::1 - - [10/Sep/2024:15:25:58 -0400] "GET /PageWebDaftPunk/img/Together.jpg HTTP/1.1" 200 189850
::1 - - [10/Sep/2024:15:25:58 -0400] "GET /PageWebDaftPunk/img/Outrage.jpg HTTP/1.1" 200 110110
::1 - - [10/Sep/2024:15:25:58 -0400] "GET /PageWebDaftPunk/img/SMLTGT.jpg HTTP/1.1" 200 151392
::1 - - [10/Sep/2024:15:25:58 -0400] "GET /PageWebDaftPunk/img/DigitalDecks.jpg HTTP/1.1" 200 141028
::1 - - [10/Sep/2024:15:25:58 -0400] "GET /PageWebDaftPunk/img/Rock%20Shock.jpg HTTP/1.1" 200 110465
::1 - - [10/Sep/2024:15:25:58 -0400] "GET /PageWebDaftPunk/img/Crydamoure%20W2.jpg HTTP/1.1" 200 212002
::1 - - [10/Sep/2024:15:25:58 -0400] "GET /PageWebDaftPunk/img/Crydamoure%20Waves.jpg HTTP/1.1" 200 153685
::1 - - [10/Sep/2024:15:26:01 -0400] "GET /PageWebHouse/index.html HTTP/1.1" 404 321
::1 - - [10/Sep/2024:15:26:04 -0400] "GET /PageWebDaftPunk/nousJoindre.html HTTP/1.1" 200 2476
::1 - - [10/Sep/2024:15:26:06 -0400] "GET /PageWebDaftPunk/achat3.html HTTP/1.1" 200 7789
::1 - - [10/Sep/2024:15:26:06 -0400] "GET /PageWebDaftPunk/img/Robot_Rock.jpg HTTP/1.1" 200 94632
::1 - - [10/Sep/2024:15:26:06 -0400] "GET /PageWebDaftPunk/img/Technologic.jpg HTTP/1.1" 200 61076
::1 - - [10/Sep/2024:15:26:06 -0400] "GET /PageWebDaftPunk/img/HumanAfterAllRemixes.jpg HTTP/1.1" 200 66353
::1 - - [10/Sep/2024:15:26:06 -0400] "GET /PageWebDaftPunk/img/TronLegacy.jpg HTTP/1.1" 200 98322
::1 - - [10/Sep/2024:15:26:06 -0400] "GET /PageWebDaftPunk/img/Alive2007.jfif HTTP/1.1" 200 142732
::1 - - [10/Sep/2024:15:26:06 -0400] "GET /PageWebDaftPunk/img/HBSF.jfif HTTP/1.1" 200 189406
::1 - - [10/Sep/2024:15:26:06 -0400] "GET /PageWebDaftPunk/img/TronLegacy%20Reconfigured.jpg HTTP/1.1" 200 100205
::1 - - [10/Sep/2024:15:26:06 -0400] "GET /PageWebDaftPunk/img/Derezzed.jpg HTTP/1.1" 200 135197
::1 - - [10/Sep/2024:15:26:06 -0400] "GET /PageWebDaftPunk/img/TronLegacyComplete.jpg HTTP/1.1" 200 707739
::1 - - [10/Sep/2024:15:26:06 -0400] "GET /PageWebDaftPunk/img/GetLucky.jpg HTTP/1.1" 200 91851
::1 - - [10/Sep/2024:15:26:07 -0400] "GET /PageWebDaftPunk/index.html HTTP/1.1" 200 8262
::1 - - [10/Sep/2024:15:26:51 -0400] "GET / HTTP/1.1" 200 1648
::1 - - [10/Sep/2024:15:28:09 -0400] "GET /mysql/ HTTP/1.1" 200 3059
::1 - - [10/Sep/2024:15:28:09 -0400] "GET /mysql/ HTTP/1.1" 200 3059
::1 - - [10/Sep/2024:15:28:11 -0400] "GET /mysql/phpmyadmin.css.php?nocache=4363642758ltr HTTP/1.1" 200 20076
::1 - - [10/Sep/2024:15:28:11 -0400] "GET /mysql/js/whitelist.php?lang=fr&db=&token=15e9fbfcc6f3ff78b6f5ac8c94497a41&v=4.5.4.1 HTTP/1.1" 200 482
::1 - - [10/Sep/2024:15:28:11 -0400] "GET /mysql/js/get_scripts.js.php?scripts%5B%5D=jquery/jquery-1.11.1.min.js&scripts%5B%5D=sprintf.js&scripts%5B%5D=ajax.js&scripts%5B%5D=keyhandler.js&scripts%5B%5D=jquery/jquery-ui-1.11.2.min.js&scripts%5B%5D=jquery/jquery.cookie.js&scripts%5B%5D=jquery/jquery.mousewheel.js&scripts%5B%5D=jquery/jquery.event.drag-2.2.js&scripts%5B%5D=jquery/jquery-ui-timepicker-addon.js&scripts%5B%5D=jquery/jquery.ba-hashchange-1.3.js&scripts%5B%5D=jquery/jquery.debounce-1.0.5.js&scripts%5B%5D=menu-resizer.js&scripts%5B%5D=cross_framing_protection.js&scripts%5B%5D=rte.js&scripts%5B%5D=tracekit/tracekit.js&scripts%5B%5D=error_report.js&scripts%5B%5D=doclinks.js&scripts%5B%5D=functions.js&scripts%5B%5D=navigation.js&scripts%5B%5D=indexes.js&v=4.5.4.1 HTTP/1.1" 200 216429
::1 - - [10/Sep/2024:15:28:11 -0400] "GET /mysql/js/get_image.js.php?theme=pmahomme&v=4.5.4.1 HTTP/1.1" 200 1822
::1 - - [10/Sep/2024:15:28:11 -0400] "GET /mysql/js/get_scripts.js.php?scripts%5B%5D=common.js&scripts%5B%5D=config.js&scripts%5B%5D=page_settings.js&scripts%5B%5D=codemirror/lib/codemirror.js&scripts%5B%5D=codemirror/mode/sql/sql.js&scripts%5B%5D=codemirror/addon/runmode/runmode.js&scripts%5B%5D=codemirror/addon/hint/show-hint.js&scripts%5B%5D=codemirror/addon/hint/sql-hint.js&scripts%5B%5D=codemirror/addon/lint/lint.js&scripts%5B%5D=codemirror/addon/lint/sql-lint.js&scripts%5B%5D=console.js&v=4.5.4.1 HTTP/1.1" 200 129440
::1 - - [10/Sep/2024:15:28:11 -0400] "GET /mysql/js/messages.php?lang=fr&db=&token=15e9fbfcc6f3ff78b6f5ac8c94497a41&v=4.5.4.1 HTTP/1.1" 200 9507
::1 - - [10/Sep/2024:15:28:17 -0400] "POST /mysql/index.php HTTP/1.1" 302 25
::1 - - [10/Sep/2024:15:28:17 -0400] "GET /mysql/index.php?token=15e9fbfcc6f3ff78b6f5ac8c94497a41 HTTP/1.1" 200 13440
::1 - - [10/Sep/2024:15:28:18 -0400] "GET /mysql/phpmyadmin.css.php?nocache=6089639256ltr HTTP/1.1" 200 20076
::1 - - [10/Sep/2024:15:28:19 -0400] "GET /mysql/version_check.php?server=1&_nocache=1725996499041278724 HTTP/1.1" 200 40
::1 - - [10/Sep/2024:15:28:19 -0400] "POST /mysql/db_structure.php?ajax_request=1&favorite_table=1&sync_favorite_tables=1&token=15e9fbfcc6f3ff78b6f5ac8c94497a41 HTTP/1.1" 200 164
::1 - - [10/Sep/2024:15:28:25 -0400] "GET /mysql/index.php?token=15e9fbfcc6f3ff78b6f5ac8c94497a41&set_fontsize=102%25 HTTP/1.1" 200 13261
::1 - - [10/Sep/2024:15:28:25 -0400] "GET /mysql/phpmyadmin.css.php?nocache=6088430794ltr HTTP/1.1" 200 20077
::1 - - [10/Sep/2024:15:28:26 -0400] "GET /mysql/version_check.php?server=1&_nocache=1725996506026651374 HTTP/1.1" 200 40
::1 - - [10/Sep/2024:15:28:26 -0400] "POST /mysql/db_structure.php?ajax_request=1&favorite_table=1&sync_favorite_tables=1&token=15e9fbfcc6f3ff78b6f5ac8c94497a41 HTTP/1.1" 200 164
::1 - - [10/Sep/2024:15:28:26 -0400] "POST /mysql/navigation.php?ajax_request=1&token=15e9fbfcc6f3ff78b6f5ac8c94497a41 HTTP/1.1" 200 2172
::1 - - [10/Sep/2024:15:28:26 -0400] "GET /mysql/index.php?token=15e9fbfcc6f3ff78b6f5ac8c94497a41 HTTP/1.1" 200 13260
::1 - - [10/Sep/2024:15:28:27 -0400] "GET /mysql/phpmyadmin.css.php?nocache=6089639283ltr HTTP/1.1" 200 20077
::1 - - [10/Sep/2024:15:28:27 -0400] "GET /mysql/version_check.php?server=1&_nocache=1725996507397339135 HTTP/1.1" 200 40
::1 - - [10/Sep/2024:15:28:27 -0400] "POST /mysql/db_structure.php?ajax_request=1&favorite_table=1&sync_favorite_tables=1&token=15e9fbfcc6f3ff78b6f5ac8c94497a41 HTTP/1.1" 200 164
::1 - - [10/Sep/2024:15:28:27 -0400] "POST /mysql/navigation.php?ajax_request=1&token=15e9fbfcc6f3ff78b6f5ac8c94497a41 HTTP/1.1" 200 2172
::1 - - [10/Sep/2024:15:28:28 -0400] "GET /mysql/ HTTP/1.1" 200 13260
::1 - - [10/Sep/2024:15:28:28 -0400] "GET /mysql/version_check.php?server=1&_nocache=1725996508828781371 HTTP/1.1" 200 40
::1 - - [10/Sep/2024:15:28:28 -0400] "POST /mysql/navigation.php?ajax_request=1&token=15e9fbfcc6f3ff78b6f5ac8c94497a41 HTTP/1.1" 200 2172
::1 - - [10/Sep/2024:15:28:28 -0400] "POST /mysql/db_structure.php?ajax_request=1&favorite_table=1&sync_favorite_tables=1&token=15e9fbfcc6f3ff78b6f5ac8c94497a41 HTTP/1.1" 200 164
::1 - - [10/Sep/2024:15:28:33 -0400] "GET /mysql/index.php?token=15e9fbfcc6f3ff78b6f5ac8c94497a41&set_theme=original HTTP/1.1" 200 13260
::1 - - [10/Sep/2024:15:28:34 -0400] "GET /mysql/phpmyadmin.css.php?nocache=6089639112ltr HTTP/1.1" 200 19205
::1 - - [10/Sep/2024:15:28:34 -0400] "GET /mysql/js/get_image.js.php?theme=original&v=4.5.4.1 HTTP/1.1" 200 1749
::1 - - [10/Sep/2024:15:28:34 -0400] "GET /mysql/version_check.php?server=1&_nocache=1725996514663755274 HTTP/1.1" 200 40
::1 - - [10/Sep/2024:15:28:34 -0400] "POST /mysql/db_structure.php?ajax_request=1&favorite_table=1&sync_favorite_tables=1&token=15e9fbfcc6f3ff78b6f5ac8c94497a41 HTTP/1.1" 200 164
::1 - - [10/Sep/2024:15:28:34 -0400] "POST /mysql/navigation.php?ajax_request=1&token=15e9fbfcc6f3ff78b6f5ac8c94497a41 HTTP/1.1" 200 2173
::1 - - [10/Sep/2024:15:28:36 -0400] "GET /mysql/index.php?token=15e9fbfcc6f3ff78b6f5ac8c94497a41&set_theme=pmahomme HTTP/1.1" 200 13260
::1 - - [10/Sep/2024:15:28:37 -0400] "GET /mysql/phpmyadmin.css.php?nocache=6089639291ltr HTTP/1.1" 200 20077
::1 - - [10/Sep/2024:15:28:37 -0400] "GET /mysql/version_check.php?server=1&_nocache=1725996517409579980 HTTP/1.1" 200 40
::1 - - [10/Sep/2024:15:28:37 -0400] "POST /mysql/db_structure.php?ajax_request=1&favorite_table=1&sync_favorite_tables=1&token=15e9fbfcc6f3ff78b6f5ac8c94497a41 HTTP/1.1" 200 164
::1 - - [10/Sep/2024:15:28:37 -0400] "POST /mysql/navigation.php?ajax_request=1&token=15e9fbfcc6f3ff78b6f5ac8c94497a41 HTTP/1.1" 200 2172
::1 - - [10/Sep/2024:15:28:39 -0400] "GET /mysql/index.php?token=15e9fbfcc6f3ff78b6f5ac8c94497a41&set_fontsize=72%25 HTTP/1.1" 200 13260
::1 - - [10/Sep/2024:15:28:40 -0400] "GET /mysql/phpmyadmin.css.php?nocache=6089639264ltr HTTP/1.1" 200 20076
::1 - - [10/Sep/2024:15:28:40 -0400] "GET /mysql/version_check.php?server=1&_nocache=172599652041379959 HTTP/1.1" 200 40
::1 - - [10/Sep/2024:15:28:40 -0400] "POST /mysql/db_structure.php?ajax_request=1&favorite_table=1&sync_favorite_tables=1&token=15e9fbfcc6f3ff78b6f5ac8c94497a41 HTTP/1.1" 200 164
::1 - - [10/Sep/2024:15:28:40 -0400] "POST /mysql/navigation.php?ajax_request=1&token=15e9fbfcc6f3ff78b6f5ac8c94497a41 HTTP/1.1" 200 2172
::1 - - [10/Sep/2024:15:28:43 -0400] "GET /mysql/index.php?token=15e9fbfcc6f3ff78b6f5ac8c94497a41&set_fontsize=82%25 HTTP/1.1" 200 13260
::1 - - [10/Sep/2024:15:28:43 -0400] "GET /mysql/phpmyadmin.css.php?nocache=6089639277ltr HTTP/1.1" 200 20076
::1 - - [10/Sep/2024:15:28:44 -0400] "GET /mysql/version_check.php?server=1&_nocache=1725996524251873777 HTTP/1.1" 200 40
::1 - - [10/Sep/2024:15:28:44 -0400] "POST /mysql/db_structure.php?ajax_request=1&favorite_table=1&sync_favorite_tables=1&token=15e9fbfcc6f3ff78b6f5ac8c94497a41 HTTP/1.1" 200 164
::1 - - [10/Sep/2024:15:28:44 -0400] "POST /mysql/navigation.php?ajax_request=1&token=15e9fbfcc6f3ff78b6f5ac8c94497a41 HTTP/1.1" 200 2172
::1 - - [10/Sep/2024:15:28:48 -0400] "GET /mysql/server_databases.php?server=1&token=15e9fbfcc6f3ff78b6f5ac8c94497a41&ajax_request=true&ajax_page_request=true&_nocache=172599652817499581 HTTP/1.1" 200 5889
::1 - - [10/Sep/2024:15:28:48 -0400] "GET /mysql/js/get_scripts.js.php?scripts%5B%5D=server_databases.js&call_done=1&v=4.5.4.1 HTTP/1.1" 200 1707
::1 - - [10/Sep/2024:15:28:48 -0400] "POST /mysql/navigation.php?ajax_request=1&token=15e9fbfcc6f3ff78b6f5ac8c94497a41 HTTP/1.1" 200 2172
::1 - - [10/Sep/2024:15:34:37 -0400] "POST /mysql/db_create.php HTTP/1.1" 200 2063
::1 - - [10/Sep/2024:15:34:39 -0400] "GET /mysql/db_structure.php?db=intra&token=15e9fbfcc6f3ff78b6f5ac8c94497a41&db=intra&ajax_request=true&ajax_page_request=true&_nocache=1725996879821187539 HTTP/1.1" 200 2833
::1 - - [10/Sep/2024:15:34:39 -0400] "POST /mysql/navigation.php?ajax_request=1&token=15e9fbfcc6f3ff78b6f5ac8c94497a41 HTTP/1.1" 200 2199
::1 - - [10/Sep/2024:15:34:40 -0400] "GET /mysql/js/get_scripts.js.php?scripts%5B%5D=db_structure.js&scripts%5B%5D=tbl_change.js&call_done=1&v=4.5.4.1 HTTP/1.1" 200 10265
::1 - - [10/Sep/2024:15:34:40 -0400] "GET /mysql/navigation.php?ajax_request=1&token=15e9fbfcc6f3ff78b6f5ac8c94497a41&aPath=cm9vdA%3D%3D.aW50cmE%3D&vPath=cm9vdA%3D%3D.aW50cmE%3D&pos=0&pos2_name=&pos2_value=&searchClause=&searchClause2=&_nocache=1725996880542394398 HTTP/1.1" 200 1403
::1 - - [10/Sep/2024:15:35:08 -0400] "POST /mysql/tbl_create.php HTTP/1.1" 200 45522
::1 - - [10/Sep/2024:15:35:10 -0400] "GET /mysql/js/get_scripts.js.php?scripts%5B%5D=jquery/jquery.uitablefilter.js&call_done=1&v=4.5.4.1 HTTP/1.1" 200 1413
::1 - - [10/Sep/2024:15:35:10 -0400] "GET /mysql/index.php?ajax_request=1&recent_table=1&token=15e9fbfcc6f3ff78b6f5ac8c94497a41&no_debug=true&_nocache=1725996910873668430 HTTP/1.1" 200 1435
::1 - - [10/Sep/2024:15:35:15 -0400] "POST /mysql/tbl_indexes.php HTTP/1.1" 200 2744
::1 - - [10/Sep/2024:15:38:07 -0400] "GET /mysql/server_databases.php?server=1&token=15e9fbfcc6f3ff78b6f5ac8c94497a41 HTTP/1.1" 200 12417
::1 - - [10/Sep/2024:15:38:08 -0400] "GET /mysql/js/get_scripts.js.php?scripts%5B%5D=common.js&scripts%5B%5D=config.js&scripts%5B%5D=page_settings.js&scripts%5B%5D=server_databases.js&scripts%5B%5D=codemirror/lib/codemirror.js&scripts%5B%5D=codemirror/mode/sql/sql.js&scripts%5B%5D=codemirror/addon/runmode/runmode.js&scripts%5B%5D=codemirror/addon/hint/show-hint.js&scripts%5B%5D=codemirror/addon/hint/sql-hint.js&scripts%5B%5D=codemirror/addon/lint/lint.js&scripts%5B%5D=codemirror/addon/lint/sql-lint.js&scripts%5B%5D=console.js&v=4.5.4.1 HTTP/1.1" 200 130675
::1 - - [10/Sep/2024:15:38:08 -0400] "GET /mysql/phpmyadmin.css.php?nocache=6089639281ltr HTTP/1.1" 200 20076
::1 - - [10/Sep/2024:15:38:09 -0400] "POST /mysql/navigation.php?ajax_request=1&token=15e9fbfcc6f3ff78b6f5ac8c94497a41 HTTP/1.1" 200 2216
::1 - - [10/Sep/2024:15:38:12 -0400] "GET /mysql/db_structure.php?server=1&db=agents&token=15e9fbfcc6f3ff78b6f5ac8c94497a41&ajax_request=true&ajax_page_request=true&_nocache=1725997092219176186 HTTP/1.1" 200 4910
::1 - - [10/Sep/2024:15:38:12 -0400] "GET /mysql/navigation.php?ajax_request=1&token=15e9fbfcc6f3ff78b6f5ac8c94497a41&aPath=cm9vdA%3D%3D.YWdlbnRz&vPath=cm9vdA%3D%3D.YWdlbnRz&pos=0&pos2_name=&pos2_value=&searchClause=&searchClause2=&_nocache=1725997092929550817 HTTP/1.1" 200 1853
::1 - - [10/Sep/2024:15:38:12 -0400] "POST /mysql/navigation.php?ajax_request=1&token=15e9fbfcc6f3ff78b6f5ac8c94497a41 HTTP/1.1" 200 2216
::1 - - [10/Sep/2024:15:38:13 -0400] "GET /mysql/navigation.php?ajax_request=1&token=15e9fbfcc6f3ff78b6f5ac8c94497a41&aPath=cm9vdA%3D%3D.YWdlbnRz&vPath=cm9vdA%3D%3D.YWdlbnRz&pos=0&pos2_name=&pos2_value=&searchClause=&searchClause2=&_nocache=172599709351420941 HTTP/1.1" 200 1853
::1 - - [10/Sep/2024:15:38:15 -0400] "GET /mysql/sql.php?db=agents&token=15e9fbfcc6f3ff78b6f5ac8c94497a41&goto=db_structure.php&table=usagers&pos=0&ajax_request=true&ajax_page_request=true&_nocache=1725997095438605461 HTTP/1.1" 200 7385
::1 - - [10/Sep/2024:15:38:16 -0400] "GET /mysql/js/get_scripts.js.php?scripts%5B%5D=jquery/jquery.uitablefilter.js&scripts%5B%5D=gis_data_editor.js&scripts%5B%5D=multi_column_sort.js&scripts%5B%5D=makegrid.js&scripts%5B%5D=sql.js&call_done=1&v=4.5.4.1 HTTP/1.1" 200 30698
::1 - - [10/Sep/2024:15:38:16 -0400] "GET /mysql/index.php?ajax_request=1&recent_table=1&token=15e9fbfcc6f3ff78b6f5ac8c94497a41&no_debug=true&_nocache=172599709666954335 HTTP/1.1" 200 1438
::1 - - [10/Sep/2024:15:38:20 -0400] "GET /mysql/tbl_structure.php?db=agents&table=usagers&token=15e9fbfcc6f3ff78b6f5ac8c94497a41&ajax_request=true&ajax_page_request=true&_nocache=172599710009193168 HTTP/1.1" 200 6305
::1 - - [10/Sep/2024:15:38:21 -0400] "GET /mysql/js/get_scripts.js.php?scripts%5B%5D=tbl_structure.js&call_done=1&v=4.5.4.1 HTTP/1.1" 200 5130
::1 - - [10/Sep/2024:15:38:21 -0400] "GET /mysql/index.php?ajax_request=1&recent_table=1&token=15e9fbfcc6f3ff78b6f5ac8c94497a41&no_debug=true&_nocache=1725997101318963674 HTTP/1.1" 200 1438
::1 - - [10/Sep/2024:15:41:51 -0400] "POST /mysql/tbl_indexes.php HTTP/1.1" 200 2758
::1 - - [10/Sep/2024:15:41:55 -0400] "POST /mysql/tbl_indexes.php HTTP/1.1" 200 2756
::1 - - [10/Sep/2024:15:59:05 -0400] "POST /mysql/index.php HTTP/1.1" 200 1539
::1 - - [10/Sep/2024:16:02:16 -0400] "POST /mysql/index.php HTTP/1.1" 200 1542
::1 - - [10/Sep/2024:16:07:11 -0400] "POST /mysql/tbl_create.php HTTP/1.1" 200 54098
::1 - - [10/Sep/2024:16:07:25 -0400] "POST /mysql/tbl_structure.php HTTP/1.1" 200 107
::1 - - [10/Sep/2024:16:07:26 -0400] "POST /mysql/tbl_create.php HTTP/1.1" 200 1698
::1 - - [10/Sep/2024:16:07:26 -0400] "GET /mysql/tbl_structure.php?server=1&db=intra&token=15e9fbfcc6f3ff78b6f5ac8c94497a41&goto=db_structure.php&table=usager&ajax_request=true&ajax_page_request=true&_nocache=1725998846691628599 HTTP/1.1" 200 7095
::1 - - [10/Sep/2024:16:07:26 -0400] "GET /mysql/db_structure.php?token=15e9fbfcc6f3ff78b6f5ac8c94497a41&server=1&db=intra&table=usager&ajax_request=true&ajax_page_request=true&_nocache=1725998846688541205 HTTP/1.1" 200 4660
::1 - - [10/Sep/2024:16:07:26 -0400] "POST /mysql/navigation.php?ajax_request=1&token=15e9fbfcc6f3ff78b6f5ac8c94497a41 HTTP/1.1" 200 2517
::1 - - [10/Sep/2024:16:07:28 -0400] "POST /mysql/navigation.php?ajax_request=1&token=15e9fbfcc6f3ff78b6f5ac8c94497a41 HTTP/1.1" 200 2517
::1 - - [10/Sep/2024:16:07:28 -0400] "GET /mysql/index.php?ajax_request=1&recent_table=1&token=15e9fbfcc6f3ff78b6f5ac8c94497a41&no_debug=true&_nocache=1725998848249530681 HTTP/1.1" 200 1454
::1 - - [10/Sep/2024:16:07:28 -0400] "POST /mysql/navigation.php?ajax_request=1&token=15e9fbfcc6f3ff78b6f5ac8c94497a41 HTTP/1.1" 200 2517
::1 - - [10/Sep/2024:16:07:28 -0400] "GET /mysql/index.php?ajax_request=1&recent_table=1&token=15e9fbfcc6f3ff78b6f5ac8c94497a41&no_debug=true&_nocache=172599884868673879 HTTP/1.1" 200 1454
::1 - - [10/Sep/2024:16:07:32 -0400] "GET /mysql/sql.php?db=intra&table=usager&token=15e9fbfcc6f3ff78b6f5ac8c94497a41&pos=0&ajax_request=true&ajax_page_request=true&_nocache=1725998852118266691 HTTP/1.1" 200 4639
::1 - - [10/Sep/2024:16:07:32 -0400] "GET /mysql/js/get_scripts.js.php?scripts%5B%5D=gis_data_editor.js&scripts%5B%5D=multi_column_sort.js&call_done=1&v=4.5.4.1 HTTP/1.1" 200 4575
::1 - - [10/Sep/2024:16:07:33 -0400] "GET /mysql/index.php?ajax_request=1&recent_table=1&token=15e9fbfcc6f3ff78b6f5ac8c94497a41&no_debug=true&_nocache=1725998853039402950 HTTP/1.1" 200 1454
::1 - - [10/Sep/2024:16:07:34 -0400] "GET /mysql/tbl_structure.php?db=intra&table=usager&token=15e9fbfcc6f3ff78b6f5ac8c94497a41&ajax_request=true&ajax_page_request=true&_nocache=1725998854212496255 HTTP/1.1" 200 7086
::1 - - [10/Sep/2024:16:07:34 -0400] "GET /mysql/index.php?ajax_request=1&recent_table=1&token=15e9fbfcc6f3ff78b6f5ac8c94497a41&no_debug=true&_nocache=1725998854624294543 HTTP/1.1" 200 1454
::1 - - [10/Sep/2024:16:07:55 -0400] "POST /mysql/tbl_structure.php HTTP/1.1" 200 570
::1 - - [10/Sep/2024:16:08:00 -0400] "POST /mysql/tbl_structure.php HTTP/1.1" 200 11726
::1 - - [10/Sep/2024:16:08:01 -0400] "GET /mysql/index.php?ajax_request=1&recent_table=1&token=15e9fbfcc6f3ff78b6f5ac8c94497a41&no_debug=true&_nocache=1725998881205207843 HTTP/1.1" 200 1454
::1 - - [10/Sep/2024:16:08:07 -0400] "POST /mysql/tbl_structure.php HTTP/1.1" 200 107
::1 - - [10/Sep/2024:16:08:07 -0400] "POST /mysql/tbl_structure.php HTTP/1.1" 200 7447
::1 - - [10/Sep/2024:16:08:08 -0400] "POST /mysql/tbl_structure.php HTTP/1.1" 200 7086
::1 - - [10/Sep/2024:16:08:08 -0400] "POST /mysql/navigation.php?ajax_request=1&token=15e9fbfcc6f3ff78b6f5ac8c94497a41 HTTP/1.1" 200 2517
::1 - - [10/Sep/2024:16:08:14 -0400] "GET /mysql/tbl_create.php?server=1&db=intra&token=15e9fbfcc6f3ff78b6f5ac8c94497a41&ajax_request=true&ajax_page_request=true&_nocache=1725998894159417616 HTTP/1.1" 200 37773
::1 - - [10/Sep/2024:16:08:14 -0400] "POST /mysql/navigation.php?ajax_request=1&token=15e9fbfcc6f3ff78b6f5ac8c94497a41 HTTP/1.1" 200 2517
::1 - - [10/Sep/2024:16:08:44 -0400] "POST /mysql/tbl_indexes.php HTTP/1.1" 200 2752
::1 - - [10/Sep/2024:16:12:11 -0400] "POST /mysql/tbl_create.php HTTP/1.1" 200 61837
::1 - - [10/Sep/2024:16:15:20 -0400] "POST /mysql/tbl_structure.php HTTP/1.1" 200 107
::1 - - [10/Sep/2024:16:15:20 -0400] "POST /mysql/tbl_create.php HTTP/1.1" 200 1693
::1 - - [10/Sep/2024:16:15:20 -0400] "GET /mysql/db_structure.php?token=15e9fbfcc6f3ff78b6f5ac8c94497a41&server=1&db=intra&table=&ajax_request=true&ajax_page_request=true&_nocache=1725999320868505840 HTTP/1.1" 200 4922
::1 - - [10/Sep/2024:16:15:20 -0400] "POST /mysql/navigation.php?ajax_request=1&token=15e9fbfcc6f3ff78b6f5ac8c94497a41 HTTP/1.1" 200 2582
::1 - - [10/Sep/2024:16:15:20 -0400] "GET /mysql/tbl_structure.php?server=1&db=intra&token=15e9fbfcc6f3ff78b6f5ac8c94497a41&goto=db_structure.php&table=periodique&ajax_request=true&ajax_page_request=true&_nocache=1725999320870414556 HTTP/1.1" 200 7362
::1 - - [10/Sep/2024:16:15:21 -0400] "POST /mysql/navigation.php?ajax_request=1&token=15e9fbfcc6f3ff78b6f5ac8c94497a41 HTTP/1.1" 200 2582
::1 - - [10/Sep/2024:16:15:21 -0400] "POST /mysql/navigation.php?ajax_request=1&token=15e9fbfcc6f3ff78b6f5ac8c94497a41 HTTP/1.1" 200 2582
::1 - - [10/Sep/2024:16:15:21 -0400] "GET /mysql/index.php?ajax_request=1&recent_table=1&token=15e9fbfcc6f3ff78b6f5ac8c94497a41&no_debug=true&_nocache=1725999321725699727 HTTP/1.1" 200 1468
::1 - - [10/Sep/2024:16:15:34 -0400] "GET /mysql/tbl_create.php?server=1&db=intra&token=15e9fbfcc6f3ff78b6f5ac8c94497a41&ajax_request=true&ajax_page_request=true&_nocache=1725999334917514456 HTTP/1.1" 200 37773
::1 - - [10/Sep/2024:16:15:35 -0400] "POST /mysql/navigation.php?ajax_request=1&token=15e9fbfcc6f3ff78b6f5ac8c94497a41 HTTP/1.1" 200 2582
::1 - - [10/Sep/2024:16:16:26 -0400] "POST /mysql/tbl_indexes.php HTTP/1.1" 200 2746
::1 - - [10/Sep/2024:16:16:42 -0400] "GET /mysql/tbl_structure.php?db=intra&table=periodique&server=1&target=&token=15e9fbfcc6f3ff78b6f5ac8c94497a41&ajax_request=true&ajax_page_request=true&_nocache=1725999402016589154 HTTP/1.1" 200 7355
::1 - - [10/Sep/2024:16:16:42 -0400] "GET /mysql/index.php?ajax_request=1&recent_table=1&token=15e9fbfcc6f3ff78b6f5ac8c94497a41&no_debug=true&_nocache=1725999402379409900 HTTP/1.1" 200 1468
::1 - - [10/Sep/2024:16:16:42 -0400] "POST /mysql/navigation.php?ajax_request=1&token=15e9fbfcc6f3ff78b6f5ac8c94497a41 HTTP/1.1" 200 2582
::1 - - [10/Sep/2024:16:16:56 -0400] "GET /mysql/sql.php?server=1&db=intra&table=periodique&pos=0&token=15e9fbfcc6f3ff78b6f5ac8c94497a41&ajax_request=true&ajax_page_request=true&_nocache=1725999416685929610 HTTP/1.1" 200 4649
::1 - - [10/Sep/2024:16:16:57 -0400] "GET /mysql/index.php?ajax_request=1&recent_table=1&token=15e9fbfcc6f3ff78b6f5ac8c94497a41&no_debug=true&_nocache=172599941700432224 HTTP/1.1" 200 1468
::1 - - [10/Sep/2024:16:16:57 -0400] "POST /mysql/navigation.php?ajax_request=1&token=15e9fbfcc6f3ff78b6f5ac8c94497a41 HTTP/1.1" 200 2582
::1 - - [10/Sep/2024:16:17:05 -0400] "GET /mysql/tbl_change.php?db=intra&table=periodique&token=15e9fbfcc6f3ff78b6f5ac8c94497a41&ajax_request=true&ajax_page_request=true&_nocache=1725999425246432286 HTTP/1.1" 200 7328
::1 - - [10/Sep/2024:16:17:05 -0400] "GET /mysql/js/get_scripts.js.php?scripts%5B%5D=sql.js&scripts%5B%5D=big_ints.js&scripts%5B%5D=jquery/jquery.validate.js&scripts%5B%5D=jquery/additional-methods.js&call_done=1&v=4.5.4.1 HTTP/1.1" 200 29861
::1 - - [10/Sep/2024:16:17:06 -0400] "GET /mysql/index.php?ajax_request=1&recent_table=1&token=15e9fbfcc6f3ff78b6f5ac8c94497a41&no_debug=true&_nocache=1725999426054699124 HTTP/1.1" 200 1468
::1 - - [10/Sep/2024:16:20:03 -0400] "GET / HTTP/1.1" 200 1648
::1 - - [10/Sep/2024:16:24:48 -0400] "POST /mysql/index.php HTTP/1.1" 200 1542
::1 - - [10/Sep/2024:16:33:30 -0400] "POST /mysql/tbl_replace.php HTTP/1.1" 200 5628
::1 - - [10/Sep/2024:16:33:32 -0400] "GET /mysql/js/get_scripts.js.php?scripts%5B%5D=makegrid.js&call_done=1&v=4.5.4.1 HTTP/1.1" 200 17517
::1 - - [10/Sep/2024:16:33:32 -0400] "GET /mysql/index.php?ajax_request=1&recent_table=1&token=15e9fbfcc6f3ff78b6f5ac8c94497a41&no_debug=true&_nocache=1726000412816424358 HTTP/1.1" 200 1468
::1 - - [10/Sep/2024:16:33:32 -0400] "POST /mysql/lint.php HTTP/1.1" 200 28
::1 - - [10/Sep/2024:16:33:36 -0400] "GET /mysql/sql.php?db=intra&table=periodique&token=15e9fbfcc6f3ff78b6f5ac8c94497a41&pos=0&ajax_request=true&ajax_page_request=true&_nocache=1726000416815363591 HTTP/1.1" 200 7598
::1 - - [10/Sep/2024:16:33:37 -0400] "GET /mysql/index.php?ajax_request=1&recent_table=1&token=15e9fbfcc6f3ff78b6f5ac8c94497a41&no_debug=true&_nocache=1726000417500236620 HTTP/1.1" 200 1468
::1 - - [10/Sep/2024:16:33:53 -0400] "GET /mysql/tbl_change.php?db=intra&table=periodique&token=15e9fbfcc6f3ff78b6f5ac8c94497a41&ajax_request=true&ajax_page_request=true&_nocache=1726000433795460543 HTTP/1.1" 200 7328
::1 - - [10/Sep/2024:16:33:54 -0400] "GET /mysql/index.php?ajax_request=1&recent_table=1&token=15e9fbfcc6f3ff78b6f5ac8c94497a41&no_debug=true&_nocache=1726000434139356657 HTTP/1.1" 200 1468
::1 - - [10/Sep/2024:16:36:38 -0400] "POST /mysql/tbl_replace.php HTTP/1.1" 200 5501
::1 - - [10/Sep/2024:16:36:39 -0400] "GET /mysql/index.php?ajax_request=1&recent_table=1&token=15e9fbfcc6f3ff78b6f5ac8c94497a41&no_debug=true&_nocache=1726000599163877977 HTTP/1.1" 200 1468
::1 - - [10/Sep/2024:16:36:39 -0400] "POST /mysql/lint.php HTTP/1.1" 200 28
::1 - - [10/Sep/2024:16:36:41 -0400] "GET /mysql/sql.php?db=intra&table=periodique&token=15e9fbfcc6f3ff78b6f5ac8c94497a41&pos=0&ajax_request=true&ajax_page_request=true&_nocache=172600060124359353 HTTP/1.1" 200 7732
::1 - - [10/Sep/2024:16:36:41 -0400] "GET /mysql/index.php?ajax_request=1&recent_table=1&token=15e9fbfcc6f3ff78b6f5ac8c94497a41&no_debug=true&_nocache=1726000601609190906 HTTP/1.1" 200 1468
::1 - - [10/Sep/2024:16:36:49 -0400] "POST /mysql/sql.php HTTP/1.1" 200 4243
::1 - - [10/Sep/2024:16:36:55 -0400] "POST /mysql/sql.php HTTP/1.1" 200 4243
::1 - - [10/Sep/2024:16:37:00 -0400] "POST /mysql/tbl_replace.php HTTP/1.1" 200 2065
::1 - - [10/Sep/2024:16:52:03 -0400] "GET / HTTP/1.1" 200 1648
::1 - - [10/Sep/2024:16:52:18 -0400] "GET /cours4/ HTTP/1.1" 200 4204
::1 - - [10/Sep/2024:17:21:11 -0400] "GET /Projet_Intra/ HTTP/1.1" 200 642
::1 - - [10/Sep/2024:17:21:14 -0400] "GET /Projet_Intra/ HTTP/1.1" 200 642
::1 - - [10/Sep/2024:17:34:51 -0400] "GET /Projet_Intra/ HTTP/1.1" 200 1902
::1 - - [10/Sep/2024:17:34:51 -0400] "GET /Projet_Intra/img/Traxondarocks.jpg HTTP/1.1" 404 332
::1 - - [10/Sep/2024:17:34:51 -0400] "GET /Projet_Intra/img/TraxOnDaRocksVol.2.jpg HTTP/1.1" 404 337
::1 - - [10/Sep/2024:17:34:51 -0400] "GET /Projet_Intra/img/Outrage.jpg HTTP/1.1" 404 326
::1 - - [10/Sep/2024:17:37:30 -0400] "GET /mysql/ HTTP/1.1" 200 3114
::1 - - [10/Sep/2024:17:37:35 -0400] "POST /mysql/index.php HTTP/1.1" 302 25
::1 - - [10/Sep/2024:17:37:35 -0400] "GET /mysql/index.php?token=15e9fbfcc6f3ff78b6f5ac8c94497a41 HTTP/1.1" 200 14187
::1 - - [10/Sep/2024:17:37:36 -0400] "GET /mysql/version_check.php?server=1&_nocache=1726004256406277368 HTTP/1.1" 200 40
::1 - - [10/Sep/2024:17:37:36 -0400] "POST /mysql/db_structure.php?ajax_request=1&favorite_table=1&sync_favorite_tables=1&token=15e9fbfcc6f3ff78b6f5ac8c94497a41 HTTP/1.1" 200 164
::1 - - [12/Sep/2024:21:05:59 -0400] "GET /mysql/ HTTP/1.1" 200 3061
::1 - - [12/Sep/2024:21:06:01 -0400] "GET /mysql/themes/pmahomme/jquery/jquery-ui-1.11.2.css HTTP/1.1" 200 35212
::1 - - [12/Sep/2024:21:06:01 -0400] "GET /mysql/js/codemirror/lib/codemirror.css?v=4.5.4.1 HTTP/1.1" 200 7771
::1 - - [12/Sep/2024:21:06:01 -0400] "GET /mysql/js/codemirror/addon/hint/show-hint.css?v=4.5.4.1 HTTP/1.1" 200 662
::1 - - [12/Sep/2024:21:06:01 -0400] "GET /mysql/themes/pmahomme/css/printview.css?v=4.5.4.1 HTTP/1.1" 200 3082
::1 - - [12/Sep/2024:21:06:01 -0400] "GET /mysql/js/codemirror/addon/lint/lint.css?v=4.5.4.1 HTTP/1.1" 200 3068
::1 - - [12/Sep/2024:21:06:01 -0400] "GET /mysql/phpmyadmin.css.php?nocache=4363642758ltr HTTP/1.1" 200 20076
::1 - - [12/Sep/2024:21:06:02 -0400] "GET /mysql/themes/pmahomme/img/logo_right.png HTTP/1.1" 200 4548
::1 - - [12/Sep/2024:21:06:02 -0400] "GET /mysql/themes/dot.gif HTTP/1.1" 200 43
::1 - - [12/Sep/2024:21:06:01 -0400] "GET /mysql/js/get_scripts.js.php?scripts%5B%5D=jquery/jquery-1.11.1.min.js&scripts%5B%5D=sprintf.js&scripts%5B%5D=ajax.js&scripts%5B%5D=keyhandler.js&scripts%5B%5D=jquery/jquery-ui-1.11.2.min.js&scripts%5B%5D=jquery/jquery.cookie.js&scripts%5B%5D=jquery/jquery.mousewheel.js&scripts%5B%5D=jquery/jquery.event.drag-2.2.js&scripts%5B%5D=jquery/jquery-ui-timepicker-addon.js&scripts%5B%5D=jquery/jquery.ba-hashchange-1.3.js&scripts%5B%5D=jquery/jquery.debounce-1.0.5.js&scripts%5B%5D=menu-resizer.js&scripts%5B%5D=cross_framing_protection.js&scripts%5B%5D=rte.js&scripts%5B%5D=tracekit/tracekit.js&scripts%5B%5D=error_report.js&scripts%5B%5D=doclinks.js&scripts%5B%5D=functions.js&scripts%5B%5D=navigation.js&scripts%5B%5D=indexes.js&v=4.5.4.1 HTTP/1.1" 200 216429
::1 - - [12/Sep/2024:21:06:01 -0400] "GET /mysql/js/get_scripts.js.php?scripts%5B%5D=common.js&scripts%5B%5D=config.js&scripts%5B%5D=page_settings.js&scripts%5B%5D=codemirror/lib/codemirror.js&scripts%5B%5D=codemirror/mode/sql/sql.js&scripts%5B%5D=codemirror/addon/runmode/runmode.js&scripts%5B%5D=codemirror/addon/hint/show-hint.js&scripts%5B%5D=codemirror/addon/hint/sql-hint.js&scripts%5B%5D=codemirror/addon/lint/lint.js&scripts%5B%5D=codemirror/addon/lint/sql-lint.js&scripts%5B%5D=console.js&v=4.5.4.1 HTTP/1.1" 200 129440
::1 - - [12/Sep/2024:21:06:01 -0400] "GET /mysql/js/whitelist.php?lang=fr&db=&token=002bafaa843a975e86a6fd48d6544e43&v=4.5.4.1 HTTP/1.1" 200 482
::1 - - [12/Sep/2024:21:06:01 -0400] "GET /mysql/js/get_image.js.php?theme=pmahomme&v=4.5.4.1 HTTP/1.1" 200 1822
::1 - - [12/Sep/2024:21:06:01 -0400] "GET /mysql/js/messages.php?lang=fr&db=&token=002bafaa843a975e86a6fd48d6544e43&v=4.5.4.1 HTTP/1.1" 200 9507
::1 - - [12/Sep/2024:21:06:03 -0400] "GET /mysql/themes/pmahomme/img/sprites.png?v=4.5.4.1 HTTP/1.1" 200 46795
::1 - - [12/Sep/2024:21:06:06 -0400] "POST /mysql/index.php HTTP/1.1" 302 25
::1 - - [12/Sep/2024:21:06:06 -0400] "GET /mysql/index.php?token=002bafaa843a975e86a6fd48d6544e43 HTTP/1.1" 200 13506
::1 - - [12/Sep/2024:21:06:07 -0400] "GET /mysql/themes/pmahomme/img/logo_left.png HTTP/1.1" 200 2327
::1 - - [12/Sep/2024:21:06:07 -0400] "GET /mysql/themes/pmahomme/img/ajax_clock_small.gif HTTP/1.1" 200 1810
::1 - - [12/Sep/2024:21:06:07 -0400] "GET /mysql/themes/pmahomme/img/s_collapseall.png HTTP/1.1" 200 170
::1 - - [12/Sep/2024:21:06:07 -0400] "GET /mysql/phpmyadmin.css.php?nocache=6089832325ltr HTTP/1.1" 200 20076
::1 - - [12/Sep/2024:21:06:08 -0400] "GET /mysql/themes/pmahomme/img/left_nav_bg.png HTTP/1.1" 200 297
::1 - - [12/Sep/2024:21:06:08 -0400] "POST /mysql/db_structure.php?ajax_request=1&favorite_table=1&sync_favorite_tables=1&token=002bafaa843a975e86a6fd48d6544e43 HTTP/1.1" 200 164
::1 - - [12/Sep/2024:21:06:08 -0400] "GET /mysql/version_check.php?server=1&_nocache=1726189568158596474 HTTP/1.1" 200 40
::1 - - [12/Sep/2024:21:06:13 -0400] "GET /mysql/navigation.php?ajax_request=1&token=002bafaa843a975e86a6fd48d6544e43&aPath=cm9vdA%3D%3D.aW50cmE%3D&vPath=cm9vdA%3D%3D.aW50cmE%3D&pos=0&pos2_name=&pos2_value=&searchClause=&searchClause2=&_nocache=1726189573602735287 HTTP/1.1" 200 1873
::1 - - [12/Sep/2024:21:06:15 -0400] "GET /mysql/sql.php?server=1&db=intra&table=usager&pos=0&token=002bafaa843a975e86a6fd48d6544e43&ajax_request=true&ajax_page_request=true&_nocache=1726189575288446146 HTTP/1.1" 200 4640
::1 - - [12/Sep/2024:21:06:17 -0400] "GET /mysql/js/get_scripts.js.php?scripts%5B%5D=jquery/jquery.uitablefilter.js&scripts%5B%5D=tbl_change.js&scripts%5B%5D=gis_data_editor.js&scripts%5B%5D=multi_column_sort.js&call_done=1&v=4.5.4.1 HTTP/1.1" 200 12242
::1 - - [12/Sep/2024:21:06:17 -0400] "POST /mysql/navigation.php?ajax_request=1&token=002bafaa843a975e86a6fd48d6544e43 HTTP/1.1" 200 2581
::1 - - [12/Sep/2024:21:06:17 -0400] "GET /mysql/index.php?ajax_request=1&recent_table=1&token=002bafaa843a975e86a6fd48d6544e43&no_debug=true&_nocache=1726189577427631744 HTTP/1.1" 200 1469
::1 - - [12/Sep/2024:21:06:42 -0400] "GET /mysql/tbl_change.php?db=intra&table=usager&token=002bafaa843a975e86a6fd48d6544e43&ajax_request=true&ajax_page_request=true&_nocache=1726189602515193325 HTTP/1.1" 200 6906
::1 - - [12/Sep/2024:21:06:43 -0400] "GET /mysql/js/get_scripts.js.php?scripts%5B%5D=sql.js&scripts%5B%5D=big_ints.js&scripts%5B%5D=jquery/jquery.validate.js&scripts%5B%5D=jquery/additional-methods.js&call_done=1&v=4.5.4.1 HTTP/1.1" 200 29861
::1 - - [12/Sep/2024:21:06:43 -0400] "GET /mysql/index.php?ajax_request=1&recent_table=1&token=002bafaa843a975e86a6fd48d6544e43&no_debug=true&_nocache=1726189603219731395 HTTP/1.1" 200 1469
::1 - - [12/Sep/2024:21:06:56 -0400] "GET /mysql/sql.php?server=1&db=intra&table=usager&pos=0&token=002bafaa843a975e86a6fd48d6544e43&ajax_request=true&ajax_page_request=true&_nocache=1726189616577400193 HTTP/1.1" 200 4640
::1 - - [12/Sep/2024:21:06:56 -0400] "GET /mysql/index.php?ajax_request=1&recent_table=1&token=002bafaa843a975e86a6fd48d6544e43&no_debug=true&_nocache=1726189616859288723 HTTP/1.1" 200 1469
::1 - - [12/Sep/2024:21:06:56 -0400] "POST /mysql/navigation.php?ajax_request=1&token=002bafaa843a975e86a6fd48d6544e43 HTTP/1.1" 200 2581
::1 - - [12/Sep/2024:21:07:02 -0400] "GET /mysql/tbl_change.php?db=intra&table=usager&token=002bafaa843a975e86a6fd48d6544e43&ajax_request=true&ajax_page_request=true&_nocache=1726189622823572879 HTTP/1.1" 200 6906
::1 - - [12/Sep/2024:21:07:03 -0400] "GET /mysql/index.php?ajax_request=1&recent_table=1&token=002bafaa843a975e86a6fd48d6544e43&no_debug=true&_nocache=1726189623074516509 HTTP/1.1" 200 1469
::1 - - [12/Sep/2024:21:09:02 -0400] "POST /mysql/tbl_replace.php HTTP/1.1" 200 5496
::1 - - [12/Sep/2024:21:09:03 -0400] "GET /mysql/js/get_scripts.js.php?scripts%5B%5D=makegrid.js&call_done=1&v=4.5.4.1 HTTP/1.1" 200 17517
::1 - - [12/Sep/2024:21:09:04 -0400] "GET /mysql/index.php?ajax_request=1&recent_table=1&token=002bafaa843a975e86a6fd48d6544e43&no_debug=true&_nocache=1726189744474377598 HTTP/1.1" 200 1469
::1 - - [12/Sep/2024:21:09:04 -0400] "POST /mysql/lint.php HTTP/1.1" 200 369
::1 - - [12/Sep/2024:21:09:13 -0400] "GET /mysql/sql.php?db=intra&table=usager&token=002bafaa843a975e86a6fd48d6544e43&pos=0&ajax_request=true&ajax_page_request=true&_nocache=1726189753358770866 HTTP/1.1" 200 7106
::1 - - [12/Sep/2024:21:09:13 -0400] "GET /mysql/themes/pmahomme/img/col_pointer.png HTTP/1.1" 200 113
::1 - - [12/Sep/2024:21:09:13 -0400] "GET /mysql/themes/pmahomme/img/col_drop.png HTTP/1.1" 200 132
::1 - - [12/Sep/2024:21:09:13 -0400] "GET /mysql/themes/pmahomme/img/arrow_ltr.png HTTP/1.1" 200 139
::1 - - [12/Sep/2024:21:09:13 -0400] "GET /mysql/themes/pmahomme/img/s_fulltext.png HTTP/1.1" 200 193
::1 - - [12/Sep/2024:21:09:13 -0400] "GET /mysql/index.php?ajax_request=1&recent_table=1&token=002bafaa843a975e86a6fd48d6544e43&no_debug=true&_nocache=1726189753640172710 HTTP/1.1" 200 1469
::1 - - [16/Sep/2024:12:22:38 -0400] "GET / HTTP/1.1" 200 1648
::1 - - [16/Sep/2024:12:22:38 -0400] "GET /icons/blank.gif HTTP/1.1" 200 148
::1 - - [16/Sep/2024:12:22:38 -0400] "GET /icons/folder.gif HTTP/1.1" 200 225
::1 - - [16/Sep/2024:12:22:38 -0400] "GET /favicon.ico HTTP/1.1" 404 309
::1 - - [16/Sep/2024:12:22:43 -0400] "GET /Projet_Intra/ HTTP/1.1" 200 1902
::1 - - [16/Sep/2024:12:22:43 -0400] "GET /Projet_Intra/img/Traxondarocks.jpg HTTP/1.1" 404 332
::1 - - [16/Sep/2024:12:22:43 -0400] "GET /Projet_Intra/img/TraxOnDaRocksVol.2.jpg HTTP/1.1" 404 337
::1 - - [16/Sep/2024:12:22:43 -0400] "GET /Projet_Intra/img/Outrage.jpg HTTP/1.1" 404 326
::1 - - [16/Sep/2024:12:24:01 -0400] "GET /mysql/ HTTP/1.1" 200 3088
::1 - - [16/Sep/2024:12:24:03 -0400] "GET /mysql/themes/pmahomme/jquery/jquery-ui-1.11.2.css HTTP/1.1" 200 35212
::1 - - [16/Sep/2024:12:24:03 -0400] "GET /mysql/js/codemirror/addon/hint/show-hint.css?v=4.5.4.1 HTTP/1.1" 200 662
::1 - - [16/Sep/2024:12:24:03 -0400] "GET /mysql/js/codemirror/lib/codemirror.css?v=4.5.4.1 HTTP/1.1" 200 7771
::1 - - [16/Sep/2024:12:24:03 -0400] "GET /mysql/themes/pmahomme/css/printview.css?v=4.5.4.1 HTTP/1.1" 200 3082
::1 - - [16/Sep/2024:12:24:03 -0400] "GET /mysql/js/codemirror/addon/lint/lint.css?v=4.5.4.1 HTTP/1.1" 200 3068
::1 - - [16/Sep/2024:12:24:03 -0400] "GET /mysql/phpmyadmin.css.php?nocache=4363642758ltr HTTP/1.1" 200 20076
::1 - - [16/Sep/2024:12:24:04 -0400] "GET /mysql/themes/pmahomme/img/logo_right.png HTTP/1.1" 200 4548
::1 - - [16/Sep/2024:12:24:04 -0400] "GET /mysql/themes/dot.gif HTTP/1.1" 200 43
::1 - - [16/Sep/2024:12:24:03 -0400] "GET /mysql/js/get_scripts.js.php?scripts%5B%5D=jquery/jquery-1.11.1.min.js&scripts%5B%5D=sprintf.js&scripts%5B%5D=ajax.js&scripts%5B%5D=keyhandler.js&scripts%5B%5D=jquery/jquery-ui-1.11.2.min.js&scripts%5B%5D=jquery/jquery.cookie.js&scripts%5B%5D=jquery/jquery.mousewheel.js&scripts%5B%5D=jquery/jquery.event.drag-2.2.js&scripts%5B%5D=jquery/jquery-ui-timepicker-addon.js&scripts%5B%5D=jquery/jquery.ba-hashchange-1.3.js&scripts%5B%5D=jquery/jquery.debounce-1.0.5.js&scripts%5B%5D=menu-resizer.js&scripts%5B%5D=cross_framing_protection.js&scripts%5B%5D=rte.js&scripts%5B%5D=tracekit/tracekit.js&scripts%5B%5D=error_report.js&scripts%5B%5D=doclinks.js&scripts%5B%5D=functions.js&scripts%5B%5D=navigation.js&scripts%5B%5D=indexes.js&v=4.5.4.1 HTTP/1.1" 200 216429
::1 - - [16/Sep/2024:12:24:03 -0400] "GET /mysql/js/get_scripts.js.php?scripts%5B%5D=common.js&scripts%5B%5D=config.js&scripts%5B%5D=page_settings.js&scripts%5B%5D=codemirror/lib/codemirror.js&scripts%5B%5D=codemirror/mode/sql/sql.js&scripts%5B%5D=codemirror/addon/runmode/runmode.js&scripts%5B%5D=codemirror/addon/hint/show-hint.js&scripts%5B%5D=codemirror/addon/hint/sql-hint.js&scripts%5B%5D=codemirror/addon/lint/lint.js&scripts%5B%5D=codemirror/addon/lint/sql-lint.js&scripts%5B%5D=console.js&v=4.5.4.1 HTTP/1.1" 200 129440
::1 - - [16/Sep/2024:12:24:03 -0400] "GET /mysql/js/whitelist.php?lang=fr&db=&collation_connection=utf8_unicode_ci&token=2f960bb81d3f3362fbfdc57292118add&v=4.5.4.1 HTTP/1.1" 200 482
::1 - - [16/Sep/2024:12:24:03 -0400] "GET /mysql/js/get_image.js.php?theme=pmahomme&v=4.5.4.1 HTTP/1.1" 200 1822
::1 - - [16/Sep/2024:12:24:03 -0400] "GET /mysql/js/messages.php?lang=fr&db=&collation_connection=utf8_unicode_ci&token=2f960bb81d3f3362fbfdc57292118add&v=4.5.4.1 HTTP/1.1" 200 9507
::1 - - [16/Sep/2024:12:24:05 -0400] "GET /mysql/themes/pmahomme/img/sprites.png?v=4.5.4.1 HTTP/1.1" 200 46795
::1 - - [16/Sep/2024:12:24:06 -0400] "GET /mysql/favicon.ico HTTP/1.1" 200 22486
::1 - - [16/Sep/2024:12:24:10 -0400] "POST /mysql/index.php HTTP/1.1" 302 25
::1 - - [16/Sep/2024:12:24:10 -0400] "GET /mysql/index.php?token=2f960bb81d3f3362fbfdc57292118add HTTP/1.1" 200 13506
::1 - - [16/Sep/2024:12:24:11 -0400] "GET /mysql/themes/pmahomme/img/logo_left.png HTTP/1.1" 200 2327
::1 - - [16/Sep/2024:12:24:11 -0400] "GET /mysql/phpmyadmin.css.php?nocache=6090146609ltr HTTP/1.1" 200 20076
::1 - - [16/Sep/2024:12:24:11 -0400] "GET /mysql/js/whitelist.php?lang=fr&db=&token=2f960bb81d3f3362fbfdc57292118add&v=4.5.4.1 HTTP/1.1" 200 482
::1 - - [16/Sep/2024:12:24:12 -0400] "GET /mysql/themes/pmahomme/img/ajax_clock_small.gif HTTP/1.1" 200 1810
::1 - - [16/Sep/2024:12:24:12 -0400] "GET /mysql/themes/pmahomme/img/s_collapseall.png HTTP/1.1" 200 170
::1 - - [16/Sep/2024:12:24:11 -0400] "GET /mysql/js/messages.php?lang=fr&db=&token=2f960bb81d3f3362fbfdc57292118add&v=4.5.4.1 HTTP/1.1" 200 9507
::1 - - [16/Sep/2024:12:24:12 -0400] "GET /mysql/themes/pmahomme/img/left_nav_bg.png HTTP/1.1" 200 297
::1 - - [16/Sep/2024:12:24:12 -0400] "POST /mysql/db_structure.php?ajax_request=1&favorite_table=1&sync_favorite_tables=1&token=2f960bb81d3f3362fbfdc57292118add HTTP/1.1" 200 164
::1 - - [16/Sep/2024:12:24:12 -0400] "GET /mysql/version_check.php?server=1&_nocache=17265038525458225 HTTP/1.1" 200 40
::1 - - [16/Sep/2024:12:24:15 -0400] "GET /mysql/db_structure.php?server=1&db=intra&token=2f960bb81d3f3362fbfdc57292118add&ajax_request=true&ajax_page_request=true&_nocache=172650385504642663 HTTP/1.1" 200 4921
::1 - - [16/Sep/2024:12:24:15 -0400] "GET /mysql/themes/pmahomme/img/arrow_ltr.png HTTP/1.1" 200 139
::1 - - [16/Sep/2024:12:24:15 -0400] "GET /mysql/js/get_scripts.js.php?scripts%5B%5D=db_structure.js&scripts%5B%5D=tbl_change.js&call_done=1&v=4.5.4.1 HTTP/1.1" 200 10265
::1 - - [16/Sep/2024:12:24:15 -0400] "GET /mysql/navigation.php?ajax_request=1&token=2f960bb81d3f3362fbfdc57292118add&aPath=cm9vdA%3D%3D.aW50cmE%3D&vPath=cm9vdA%3D%3D.aW50cmE%3D&pos=0&pos2_name=&pos2_value=&searchClause=&searchClause2=&_nocache=1726503855820794891 HTTP/1.1" 200 1872
::1 - - [16/Sep/2024:12:24:16 -0400] "POST /mysql/navigation.php?ajax_request=1&token=2f960bb81d3f3362fbfdc57292118add HTTP/1.1" 200 2234
::1 - - [16/Sep/2024:12:24:16 -0400] "GET /mysql/navigation.php?ajax_request=1&token=2f960bb81d3f3362fbfdc57292118add&aPath=cm9vdA%3D%3D.aW50cmE%3D&vPath=cm9vdA%3D%3D.aW50cmE%3D&pos=0&pos2_name=&pos2_value=&searchClause=&searchClause2=&_nocache=172650385664840464 HTTP/1.1" 200 1872
::1 - - [16/Sep/2024:12:25:47 -0400] "GET /mysql/db_structure.php?server=1&db=intra&token=2f960bb81d3f3362fbfdc57292118add HTTP/1.1" 200 10734
::1 - - [16/Sep/2024:12:25:47 -0400] "GET /mysql/js/get_scripts.js.php?scripts%5B%5D=common.js&scripts%5B%5D=config.js&scripts%5B%5D=page_settings.js&scripts%5B%5D=db_structure.js&scripts%5B%5D=tbl_change.js&scripts%5B%5D=codemirror/lib/codemirror.js&scripts%5B%5D=codemirror/mode/sql/sql.js&scripts%5B%5D=codemirror/addon/runmode/runmode.js&scripts%5B%5D=codemirror/addon/hint/show-hint.js&scripts%5B%5D=codemirror/addon/hint/sql-hint.js&scripts%5B%5D=codemirror/addon/lint/lint.js&scripts%5B%5D=codemirror/addon/lint/sql-lint.js&scripts%5B%5D=console.js&v=4.5.4.1 HTTP/1.1" 200 139024
::1 - - [16/Sep/2024:12:25:47 -0400] "GET /mysql/js/whitelist.php?lang=fr&db=intra&token=2f960bb81d3f3362fbfdc57292118add&v=4.5.4.1 HTTP/1.1" 200 482
::1 - - [16/Sep/2024:12:25:47 -0400] "GET /mysql/phpmyadmin.css.php?nocache=6089639281ltr HTTP/1.1" 200 20076
::1 - - [16/Sep/2024:12:25:47 -0400] "GET /mysql/js/messages.php?lang=fr&db=intra&token=2f960bb81d3f3362fbfdc57292118add&v=4.5.4.1 HTTP/1.1" 200 9507
::1 - - [16/Sep/2024:12:25:52 -0400] "GET / HTTP/1.1" 200 1648
::1 - - [16/Sep/2024:12:25:54 -0400] "GET /Projet_Intra/ HTTP/1.1" 200 1902
::1 - - [16/Sep/2024:12:25:54 -0400] "GET /Projet_Intra/img/Traxondarocks.jpg HTTP/1.1" 404 332
::1 - - [16/Sep/2024:12:25:54 -0400] "GET /Projet_Intra/img/TraxOnDaRocksVol.2.jpg HTTP/1.1" 404 337
::1 - - [16/Sep/2024:12:25:54 -0400] "GET /Projet_Intra/img/Outrage.jpg HTTP/1.1" 404 326
::1 - - [16/Sep/2024:12:28:26 -0400] "GET /mysql/db_structure.php?server=1&db=intra&token=2f960bb81d3f3362fbfdc57292118add HTTP/1.1" 200 10734
::1 - - [16/Sep/2024:12:28:29 -0400] "GET /mysql/db_operations.php?server=1&db=intra&token=2f960bb81d3f3362fbfdc57292118add&ajax_request=true&ajax_page_request=true&_nocache=1726504109507670216 HTTP/1.1" 200 5946
::1 - - [16/Sep/2024:12:28:29 -0400] "GET /mysql/js/get_scripts.js.php?scripts%5B%5D=db_operations.js&call_done=1&v=4.5.4.1 HTTP/1.1" 200 1484
::1 - - [16/Sep/2024:12:28:30 -0400] "POST /mysql/navigation.php?ajax_request=1&token=2f960bb81d3f3362fbfdc57292118add HTTP/1.1" 200 2234
::1 - - [16/Sep/2024:12:28:30 -0400] "GET /mysql/navigation.php?ajax_request=1&token=2f960bb81d3f3362fbfdc57292118add&aPath=cm9vdA%3D%3D.aW50cmE%3D&vPath=cm9vdA%3D%3D.aW50cmE%3D&pos=0&pos2_name=&pos2_value=&searchClause=&searchClause2=&_nocache=1726504110397626448 HTTP/1.1" 200 1872
::1 - - [16/Sep/2024:12:28:32 -0400] "GET /mysql/sql.php?server=1&db=intra&table=periodique&pos=0&token=2f960bb81d3f3362fbfdc57292118add&ajax_request=true&ajax_page_request=true&_nocache=1726504112405352617 HTTP/1.1" 200 7718
::1 - - [16/Sep/2024:12:28:34 -0400] "GET /mysql/themes/pmahomme/img/s_fulltext.png HTTP/1.1" 200 193
::1 - - [16/Sep/2024:12:28:34 -0400] "GET /mysql/js/get_scripts.js.php?scripts%5B%5D=jquery/jquery.uitablefilter.js&scripts%5B%5D=gis_data_editor.js&scripts%5B%5D=multi_column_sort.js&scripts%5B%5D=makegrid.js&scripts%5B%5D=sql.js&call_done=1&v=4.5.4.1 HTTP/1.1" 200 30698
::1 - - [16/Sep/2024:12:28:34 -0400] "GET /mysql/themes/pmahomme/img/col_drop.png HTTP/1.1" 200 132
::1 - - [16/Sep/2024:12:28:34 -0400] "GET /mysql/themes/pmahomme/img/col_pointer.png HTTP/1.1" 200 113
::1 - - [16/Sep/2024:12:28:34 -0400] "GET /mysql/index.php?ajax_request=1&recent_table=1&token=2f960bb81d3f3362fbfdc57292118add&no_debug=true&_nocache=1726504114337487008 HTTP/1.1" 200 1469
::1 - - [16/Sep/2024:12:28:34 -0400] "POST /mysql/navigation.php?ajax_request=1&token=2f960bb81d3f3362fbfdc57292118add HTTP/1.1" 200 2582
::1 - - [16/Sep/2024:12:41:01 -0400] "GET / HTTP/1.1" 200 1648
::1 - - [16/Sep/2024:12:41:03 -0400] "GET /Projet_Intra/ HTTP/1.1" 200 2179
::1 - - [16/Sep/2024:12:41:03 -0400] "GET /Projet_Intra/www.elektor.fr/cdn/shop/files/magpi-n016-janvier-fevrier-2021-fr19566-320205.jpg HTTP/1.1" 404 391
::1 - - [16/Sep/2024:12:41:03 -0400] "GET /Projet_Intra/www.elektor.fr/cdn/shop/files/magpi-n017-mars-avril-2021-fr19670-886386.jpg HTTP/1.1" 404 386
::1 - - [16/Sep/2024:12:41:03 -0400] "GET /Projet_Intra/www.elektor.fr/cdn/shop/files/magpi-n018-mai-juin-2021-fr19729-600930.png HTTP/1.1" 404 384
::1 - - [16/Sep/2024:12:41:55 -0400] "GET /Projet_Intra/ HTTP/1.1" 200 2113
::1 - - [16/Sep/2024:12:41:55 -0400] "GET /Projet_Intra/www.elektor.fr/cdn/shop/files/magpi-n016-janvier-fevrier-2021-fr19566-320205.jpg HTTP/1.1" 404 391
::1 - - [16/Sep/2024:12:41:55 -0400] "GET /Projet_Intra/www.elektor.fr/cdn/shop/files/magpi-n017-mars-avril-2021-fr19670-886386.jpg HTTP/1.1" 404 386
::1 - - [16/Sep/2024:12:41:55 -0400] "GET /Projet_Intra/www.elektor.fr/cdn/shop/files/magpi-n018-mai-juin-2021-fr19729-600930.png HTTP/1.1" 404 384
::1 - - [16/Sep/2024:12:41:57 -0400] "GET /Projet_Intra/ HTTP/1.1" 200 2113
::1 - - [16/Sep/2024:12:41:58 -0400] "GET /Projet_Intra/www.elektor.fr/cdn/shop/files/magpi-n016-janvier-fevrier-2021-fr19566-320205.jpg HTTP/1.1" 404 391
::1 - - [16/Sep/2024:12:41:58 -0400] "GET /Projet_Intra/www.elektor.fr/cdn/shop/files/magpi-n017-mars-avril-2021-fr19670-886386.jpg HTTP/1.1" 404 386
::1 - - [16/Sep/2024:12:41:58 -0400] "GET /Projet_Intra/www.elektor.fr/cdn/shop/files/magpi-n018-mai-juin-2021-fr19729-600930.png HTTP/1.1" 404 384
::1 - - [16/Sep/2024:12:43:49 -0400] "GET /Projet_Intra/ HTTP/1.1" 200 2113
::1 - - [16/Sep/2024:12:43:49 -0400] "GET /Projet_Intra/www.elektor.fr/cdn/shop/files/magpi-n016-janvier-fevrier-2021-fr19566-320205.jpg HTTP/1.1" 404 391
::1 - - [16/Sep/2024:12:43:49 -0400] "GET /Projet_Intra/www.elektor.fr/cdn/shop/files/magpi-n017-mars-avril-2021-fr19670-886386.jpg HTTP/1.1" 404 386
::1 - - [16/Sep/2024:12:43:49 -0400] "GET /Projet_Intra/www.elektor.fr/cdn/shop/files/magpi-n018-mai-juin-2021-fr19729-600930.png HTTP/1.1" 404 384
::1 - - [16/Sep/2024:12:43:50 -0400] "GET /Projet_Intra/ HTTP/1.1" 200 2113
::1 - - [16/Sep/2024:12:43:50 -0400] "GET /Projet_Intra/www.elektor.fr/cdn/shop/files/magpi-n016-janvier-fevrier-2021-fr19566-320205.jpg HTTP/1.1" 404 391
::1 - - [16/Sep/2024:12:43:50 -0400] "GET /Projet_Intra/www.elektor.fr/cdn/shop/files/magpi-n017-mars-avril-2021-fr19670-886386.jpg HTTP/1.1" 404 386
::1 - - [16/Sep/2024:12:43:50 -0400] "GET /Projet_Intra/www.elektor.fr/cdn/shop/files/magpi-n018-mai-juin-2021-fr19729-600930.png HTTP/1.1" 404 384
::1 - - [16/Sep/2024:12:44:06 -0400] "GET /mysql/db_structure.php?server=1&db=intra&token=2f960bb81d3f3362fbfdc57292118add HTTP/1.1" 200 10829
::1 - - [16/Sep/2024:12:44:09 -0400] "GET /mysql/sql.php?db=intra&token=2f960bb81d3f3362fbfdc57292118add&goto=db_structure.php&table=periodique&pos=0&ajax_request=true&ajax_page_request=true&_nocache=1726505049767950154 HTTP/1.1" 200 7723
::1 - - [16/Sep/2024:12:44:10 -0400] "GET /mysql/navigation.php?ajax_request=1&token=2f960bb81d3f3362fbfdc57292118add&aPath=cm9vdA%3D%3D.aW50cmE%3D&vPath=cm9vdA%3D%3D.aW50cmE%3D&pos=0&pos2_name=&pos2_value=&searchClause=&searchClause2=&_nocache=172650505013377677 HTTP/1.1" 200 1877
::1 - - [16/Sep/2024:12:44:10 -0400] "GET /mysql/index.php?ajax_request=1&recent_table=1&token=2f960bb81d3f3362fbfdc57292118add&no_debug=true&_nocache=1726505050149278103 HTTP/1.1" 200 1469
::1 - - [16/Sep/2024:12:44:42 -0400] "POST /mysql/sql.php HTTP/1.1" 200 4240
::1 - - [16/Sep/2024:12:46:20 -0400] "GET /mysql/db_structure.php?db=intra&table=&server=1&target=&token=2f960bb81d3f3362fbfdc57292118add&ajax_request=true&ajax_page_request=true&_nocache=1726505180441133487 HTTP/1.1" 200 4924
::1 - - [16/Sep/2024:12:46:20 -0400] "POST /mysql/navigation.php?ajax_request=1&token=2f960bb81d3f3362fbfdc57292118add HTTP/1.1" 200 2582
::1 - - [16/Sep/2024:12:46:24 -0400] "GET / HTTP/1.1" 200 1648
::1 - - [16/Sep/2024:12:46:26 -0400] "GET /Projet_Intra/ HTTP/1.1" 200 2163
::1 - - [16/Sep/2024:12:46:26 -0400] "GET /Projet_Intra/css/style.css HTTP/1.1" 200 27
::1 - - [16/Sep/2024:12:46:26 -0400] "GET /Projet_Intra/www.elektor.fr/cdn/shop/files/magpi-n016-janvier-fevrier-2021-fr19566-320205.jpg HTTP/1.1" 404 391
::1 - - [16/Sep/2024:12:46:26 -0400] "GET /Projet_Intra/www.elektor.fr/cdn/shop/files/magpi-n018-mai-juin-2021-fr19729-600930.png HTTP/1.1" 404 384
::1 - - [16/Sep/2024:12:46:26 -0400] "GET /Projet_Intra/www.elektor.fr/cdn/shop/files/magpi-n017-mars-avril-2021-fr19670-886386.jpg HTTP/1.1" 404 386
::1 - - [16/Sep/2024:12:46:57 -0400] "GET /Projet_Intra/www.elektor.fr/cdn/shop/files/magpi-n017-mars-avril-2021-fr19670-886386.jpg HTTP/1.1" 404 386
::1 - - [16/Sep/2024:12:48:30 -0400] "GET /mysql/db_structure.php?server=1&db=intra&token=2f960bb81d3f3362fbfdc57292118add HTTP/1.1" 200 10975
::1 - - [16/Sep/2024:12:48:30 -0400] "POST /mysql/navigation.php?ajax_request=1&token=2f960bb81d3f3362fbfdc57292118add HTTP/1.1" 200 2582
::1 - - [16/Sep/2024:12:48:32 -0400] "GET /mysql/sql.php?db=intra&token=2f960bb81d3f3362fbfdc57292118add&goto=db_structure.php&table=periodique&pos=0&ajax_request=true&ajax_page_request=true&_nocache=1726505312484229227 HTTP/1.1" 200 7721
::1 - - [16/Sep/2024:12:48:32 -0400] "GET /mysql/sql.php?db=intra&token=2f960bb81d3f3362fbfdc57292118add&goto=db_structure.php&table=periodique&pos=0&ajax_request=true&ajax_page_request=true&_nocache=1726505312664399604 HTTP/1.1" 200 7723
::1 - - [16/Sep/2024:12:48:33 -0400] "GET /mysql/index.php?ajax_request=1&recent_table=1&token=2f960bb81d3f3362fbfdc57292118add&no_debug=true&_nocache=1726505313247817823 HTTP/1.1" 200 1469
::1 - - [16/Sep/2024:12:48:38 -0400] "POST /mysql/sql.php HTTP/1.1" 200 4240
::1 - - [16/Sep/2024:12:48:42 -0400] "POST /mysql/sql.php HTTP/1.1" 200 4240
::1 - - [16/Sep/2024:12:48:54 -0400] "POST /mysql/tbl_replace.php HTTP/1.1" 200 2092
::1 - - [16/Sep/2024:12:48:55 -0400] "POST /mysql/sql.php HTTP/1.1" 200 4240
::1 - - [16/Sep/2024:12:49:04 -0400] "POST /mysql/tbl_replace.php HTTP/1.1" 200 2091
::1 - - [16/Sep/2024:12:49:05 -0400] "POST /mysql/sql.php HTTP/1.1" 200 4236
::1 - - [16/Sep/2024:12:49:11 -0400] "POST /mysql/sql.php HTTP/1.1" 200 4236
::1 - - [16/Sep/2024:12:49:19 -0400] "POST /mysql/tbl_replace.php HTTP/1.1" 200 2081
::1 - - [16/Sep/2024:12:49:25 -0400] "GET / HTTP/1.1" 200 1648
::1 - - [16/Sep/2024:12:49:26 -0400] "GET /Projet_Intra/ HTTP/1.1" 200 2187
::1 - - [16/Sep/2024:12:49:26 -0400] "GET /Projet_Intra/css/style.css HTTP/1.1" 304 -
::1 - - [16/Sep/2024:12:59:50 -0400] "GET /Projet_Intra/ HTTP/1.1" 200 1797
::1 - - [16/Sep/2024:12:59:50 -0400] "GET /Projet_Intra/css/style.css HTTP/1.1" 304 -
::1 - - [16/Sep/2024:13:02:18 -0400] "GET /mysql/db_structure.php?server=1&db=intra&token=2f960bb81d3f3362fbfdc57292118add HTTP/1.1" 200 11116
::1 - - [16/Sep/2024:13:02:21 -0400] "GET /mysql/sql.php?db=intra&token=2f960bb81d3f3362fbfdc57292118add&goto=db_structure.php&table=periodique&pos=0&ajax_request=true&ajax_page_request=true&_nocache=1726506141488990295 HTTP/1.1" 200 7721
::1 - - [16/Sep/2024:13:02:21 -0400] "GET /mysql/navigation.php?ajax_request=1&token=2f960bb81d3f3362fbfdc57292118add&aPath=cm9vdA%3D%3D.aW50cmE%3D&vPath=cm9vdA%3D%3D.aW50cmE%3D&pos=0&pos2_name=&pos2_value=&searchClause=&searchClause2=&_nocache=1726506141907390096 HTTP/1.1" 200 1877
::1 - - [16/Sep/2024:13:02:21 -0400] "GET /mysql/index.php?ajax_request=1&recent_table=1&token=2f960bb81d3f3362fbfdc57292118add&no_debug=true&_nocache=1726506141927768029 HTTP/1.1" 200 1469
::1 - - [16/Sep/2024:13:02:29 -0400] "GET /mysql/tbl_change.php?db=intra&table=periodique&token=2f960bb81d3f3362fbfdc57292118add&ajax_request=true&ajax_page_request=true&_nocache=1726506149785791742 HTTP/1.1" 200 7327
::1 - - [16/Sep/2024:13:02:30 -0400] "GET /mysql/js/get_scripts.js.php?scripts%5B%5D=big_ints.js&scripts%5B%5D=jquery/jquery.validate.js&scripts%5B%5D=jquery/additional-methods.js&call_done=1&v=4.5.4.1 HTTP/1.1" 200 21848
::1 - - [16/Sep/2024:13:02:30 -0400] "GET /mysql/index.php?ajax_request=1&recent_table=1&token=2f960bb81d3f3362fbfdc57292118add&no_debug=true&_nocache=1726506150454251052 HTTP/1.1" 200 1469
::1 - - [16/Sep/2024:13:04:38 -0400] "POST /mysql/tbl_replace.php HTTP/1.1" 200 5570
::1 - - [16/Sep/2024:13:04:38 -0400] "GET /mysql/index.php?ajax_request=1&recent_table=1&token=2f960bb81d3f3362fbfdc57292118add&no_debug=true&_nocache=1726506278388817593 HTTP/1.1" 200 1469
::1 - - [16/Sep/2024:13:04:38 -0400] "POST /mysql/lint.php HTTP/1.1" 200 28
::1 - - [16/Sep/2024:13:04:42 -0400] "GET /mysql/sql.php?server=1&db=intra&table=periodique&pos=0&token=2f960bb81d3f3362fbfdc57292118add&ajax_request=true&ajax_page_request=true&_nocache=1726506282128431975 HTTP/1.1" 200 7872
::1 - - [16/Sep/2024:13:04:42 -0400] "GET /mysql/index.php?ajax_request=1&recent_table=1&token=2f960bb81d3f3362fbfdc57292118add&no_debug=true&_nocache=1726506282515659747 HTTP/1.1" 200 1469
::1 - - [16/Sep/2024:13:04:42 -0400] "POST /mysql/navigation.php?ajax_request=1&token=2f960bb81d3f3362fbfdc57292118add HTTP/1.1" 200 2582
::1 - - [16/Sep/2024:13:04:49 -0400] "GET / HTTP/1.1" 200 1648
::1 - - [16/Sep/2024:13:04:51 -0400] "GET /Projet_Intra/ HTTP/1.1" 200 2126
::1 - - [16/Sep/2024:13:04:51 -0400] "GET /Projet_Intra/css/style.css HTTP/1.1" 304 -
::1 - - [16/Sep/2024:13:30:52 -0400] "GET /Projet_Intra/ HTTP/1.1" 200 6570
::1 - - [16/Sep/2024:13:30:52 -0400] "GET /Projet_Intra/css/style.css HTTP/1.1" 304 -
::1 - - [16/Sep/2024:13:31:14 -0400] "GET /Projet_Intra/ HTTP/1.1" 200 2694
::1 - - [16/Sep/2024:14:06:41 -0400] "GET /Projet_Intra/ HTTP/1.1" 200 2918
::1 - - [16/Sep/2024:14:06:41 -0400] "GET /Projet_Intra/css/style.css HTTP/1.1" 304 -
::1 - - [16/Sep/2024:14:07:44 -0400] "GET /Projet_Intra/ HTTP/1.1" 200 3214
::1 - - [16/Sep/2024:14:08:35 -0400] "GET /Projet_Intra/ HTTP/1.1" 200 3226
::1 - - [16/Sep/2024:14:10:58 -0400] "GET /Projet_Intra/ HTTP/1.1" 200 4314
::1 - - [16/Sep/2024:14:10:58 -0400] "GET /Projet_Intra/img/DaftLogo.png HTTP/1.1" 404 327
::1 - - [16/Sep/2024:14:10:59 -0400] "GET /Projet_Intra/ HTTP/1.1" 200 4314
::1 - - [16/Sep/2024:14:10:59 -0400] "GET /Projet_Intra/img/DaftLogo.png HTTP/1.1" 404 327
::1 - - [16/Sep/2024:14:11:00 -0400] "GET /Projet_Intra/ HTTP/1.1" 200 4314
::1 - - [16/Sep/2024:14:11:00 -0400] "GET /Projet_Intra/img/DaftLogo.png HTTP/1.1" 404 327
::1 - - [16/Sep/2024:14:11:00 -0400] "GET /Projet_Intra/ HTTP/1.1" 200 4314
::1 - - [16/Sep/2024:14:11:00 -0400] "GET /Projet_Intra/img/DaftLogo.png HTTP/1.1" 404 327
::1 - - [16/Sep/2024:14:11:30 -0400] "GET /Projet_Intra/ HTTP/1.1" 200 4314
::1 - - [16/Sep/2024:14:11:30 -0400] "GET /Projet_Intra/img/DaftLogo.png HTTP/1.1" 404 327
::1 - - [16/Sep/2024:14:12:39 -0400] "GET /Projet_Intra/ HTTP/1.1" 200 4324
::1 - - [16/Sep/2024:14:12:39 -0400] "GET /Projet_Intra/img/DaftLogo.png HTTP/1.1" 404 327
::1 - - [16/Sep/2024:14:12:39 -0400] "GET /Projet_Intra/ HTTP/1.1" 200 4324
::1 - - [16/Sep/2024:14:12:39 -0400] "GET /Projet_Intra/img/DaftLogo.png HTTP/1.1" 404 327
::1 - - [16/Sep/2024:14:12:40 -0400] "GET /Projet_Intra/ HTTP/1.1" 200 4324
::1 - - [16/Sep/2024:14:12:40 -0400] "GET /Projet_Intra/img/DaftLogo.png HTTP/1.1" 404 327
::1 - - [16/Sep/2024:14:13:33 -0400] "GET /Projet_Intra/ HTTP/1.1" 200 4317
::1 - - [16/Sep/2024:14:13:33 -0400] "GET /Projet_Intra/img/DaftLogo.png HTTP/1.1" 404 327
::1 - - [16/Sep/2024:14:13:34 -0400] "GET /Projet_Intra/ HTTP/1.1" 200 4317
::1 - - [16/Sep/2024:14:13:34 -0400] "GET /Projet_Intra/img/DaftLogo.png HTTP/1.1" 404 327
::1 - - [16/Sep/2024:14:28:07 -0400] "GET /Projet_Intra/ HTTP/1.1" 200 4313
::1 - - [16/Sep/2024:14:28:08 -0400] "GET /Projet_Intra/img/DaftLogo.png HTTP/1.1" 404 327
::1 - - [16/Sep/2024:14:28:08 -0400] "GET /Projet_Intra/css/style.css HTTP/1.1" 304 -
::1 - - [16/Sep/2024:14:43:05 -0400] "GET /Projet_Intra/ HTTP/1.1" 200 4251
::1 - - [16/Sep/2024:14:43:05 -0400] "GET /Projet_Intra/css/style.css HTTP/1.1" 304 -
::1 - - [16/Sep/2024:14:43:16 -0400] "GET /Projet_Intra/ HTTP/1.1" 200 4247
::1 - - [16/Sep/2024:14:43:35 -0400] "GET /Projet_Intra/ HTTP/1.1" 200 4252
::1 - - [16/Sep/2024:14:43:41 -0400] "GET /Projet_Intra/ HTTP/1.1" 200 4247
::1 - - [16/Sep/2024:14:43:48 -0400] "GET /Projet_Intra/ HTTP/1.1" 200 4252
::1 - - [16/Sep/2024:14:45:01 -0400] "GET /Projet_Intra/ HTTP/1.1" 200 4254
::1 - - [16/Sep/2024:14:45:01 -0400] "GET /Projet_Intra/ HTTP/1.1" 200 4254
::1 - - [16/Sep/2024:14:45:02 -0400] "GET /Projet_Intra/ HTTP/1.1" 200 4254
::1 - - [17/Sep/2024:15:10:49 -0400] "GET / HTTP/1.1" 200 1648
::1 - - [17/Sep/2024:15:10:51 -0400] "GET /favicon.ico HTTP/1.1" 404 309
::1 - - [17/Sep/2024:15:10:53 -0400] "GET /Projet_Intra/ HTTP/1.1" 200 4258
::1 - - [17/Sep/2024:15:10:53 -0400] "GET /Projet_Intra/css/style.css HTTP/1.1" 200 27
::1 - - [17/Sep/2024:15:25:27 -0400] "GET /Projet_Intra/ HTTP/1.1" 200 5079
::1 - - [17/Sep/2024:15:38:02 -0400] "GET /mysql/ HTTP/1.1" 200 3062
::1 - - [17/Sep/2024:15:38:04 -0400] "GET /mysql/phpmyadmin.css.php?nocache=4363642758ltr HTTP/1.1" 200 20076
::1 - - [17/Sep/2024:15:38:04 -0400] "GET /mysql/js/whitelist.php?lang=fr&db=&token=337de34d051c80d984a3cfeb95d463d5&v=4.5.4.1 HTTP/1.1" 200 482
::1 - - [17/Sep/2024:15:38:04 -0400] "GET /mysql/js/get_scripts.js.php?scripts%5B%5D=common.js&scripts%5B%5D=config.js&scripts%5B%5D=page_settings.js&scripts%5B%5D=codemirror/lib/codemirror.js&scripts%5B%5D=codemirror/mode/sql/sql.js&scripts%5B%5D=codemirror/addon/runmode/runmode.js&scripts%5B%5D=codemirror/addon/hint/show-hint.js&scripts%5B%5D=codemirror/addon/hint/sql-hint.js&scripts%5B%5D=codemirror/addon/lint/lint.js&scripts%5B%5D=codemirror/addon/lint/sql-lint.js&scripts%5B%5D=console.js&v=4.5.4.1 HTTP/1.1" 200 129440
::1 - - [17/Sep/2024:15:38:04 -0400] "GET /mysql/js/get_image.js.php?theme=pmahomme&v=4.5.4.1 HTTP/1.1" 200 1822
::1 - - [17/Sep/2024:15:38:04 -0400] "GET /mysql/js/get_scripts.js.php?scripts%5B%5D=jquery/jquery-1.11.1.min.js&scripts%5B%5D=sprintf.js&scripts%5B%5D=ajax.js&scripts%5B%5D=keyhandler.js&scripts%5B%5D=jquery/jquery-ui-1.11.2.min.js&scripts%5B%5D=jquery/jquery.cookie.js&scripts%5B%5D=jquery/jquery.mousewheel.js&scripts%5B%5D=jquery/jquery.event.drag-2.2.js&scripts%5B%5D=jquery/jquery-ui-timepicker-addon.js&scripts%5B%5D=jquery/jquery.ba-hashchange-1.3.js&scripts%5B%5D=jquery/jquery.debounce-1.0.5.js&scripts%5B%5D=menu-resizer.js&scripts%5B%5D=cross_framing_protection.js&scripts%5B%5D=rte.js&scripts%5B%5D=tracekit/tracekit.js&scripts%5B%5D=error_report.js&scripts%5B%5D=doclinks.js&scripts%5B%5D=functions.js&scripts%5B%5D=navigation.js&scripts%5B%5D=indexes.js&v=4.5.4.1 HTTP/1.1" 200 216429
::1 - - [17/Sep/2024:15:38:04 -0400] "GET /mysql/js/messages.php?lang=fr&db=&token=337de34d051c80d984a3cfeb95d463d5&v=4.5.4.1 HTTP/1.1" 200 9507
::1 - - [17/Sep/2024:15:38:08 -0400] "GET /mysql/ HTTP/1.1" 200 3088
::1 - - [17/Sep/2024:15:38:09 -0400] "GET /mysql/themes/pmahomme/jquery/jquery-ui-1.11.2.css HTTP/1.1" 200 35212
::1 - - [17/Sep/2024:15:38:09 -0400] "GET /mysql/js/codemirror/addon/hint/show-hint.css?v=4.5.4.1 HTTP/1.1" 200 662
::1 - - [17/Sep/2024:15:38:09 -0400] "GET /mysql/js/codemirror/lib/codemirror.css?v=4.5.4.1 HTTP/1.1" 200 7771
::1 - - [17/Sep/2024:15:38:09 -0400] "GET /mysql/themes/pmahomme/css/printview.css?v=4.5.4.1 HTTP/1.1" 200 3082
::1 - - [17/Sep/2024:15:38:09 -0400] "GET /mysql/js/codemirror/addon/lint/lint.css?v=4.5.4.1 HTTP/1.1" 200 3068
::1 - - [17/Sep/2024:15:38:09 -0400] "GET /mysql/phpmyadmin.css.php?nocache=4363642758ltr HTTP/1.1" 200 20076
::1 - - [17/Sep/2024:15:38:09 -0400] "GET /mysql/themes/pmahomme/img/logo_right.png HTTP/1.1" 200 4548
::1 - - [17/Sep/2024:15:38:09 -0400] "GET /mysql/themes/dot.gif HTTP/1.1" 200 43
::1 - - [17/Sep/2024:15:38:09 -0400] "GET /mysql/js/get_scripts.js.php?scripts%5B%5D=common.js&scripts%5B%5D=config.js&scripts%5B%5D=page_settings.js&scripts%5B%5D=codemirror/lib/codemirror.js&scripts%5B%5D=codemirror/mode/sql/sql.js&scripts%5B%5D=codemirror/addon/runmode/runmode.js&scripts%5B%5D=codemirror/addon/hint/show-hint.js&scripts%5B%5D=codemirror/addon/hint/sql-hint.js&scripts%5B%5D=codemirror/addon/lint/lint.js&scripts%5B%5D=codemirror/addon/lint/sql-lint.js&scripts%5B%5D=console.js&v=4.5.4.1 HTTP/1.1" 200 129440
::1 - - [17/Sep/2024:15:38:09 -0400] "GET /mysql/js/whitelist.php?lang=fr&db=&collation_connection=utf8_unicode_ci&token=734383de09a8edc590e8d761df7fa8b7&v=4.5.4.1 HTTP/1.1" 200 482
::1 - - [17/Sep/2024:15:38:09 -0400] "GET /mysql/js/messages.php?lang=fr&db=&collation_connection=utf8_unicode_ci&token=734383de09a8edc590e8d761df7fa8b7&v=4.5.4.1 HTTP/1.1" 200 9507
::1 - - [17/Sep/2024:15:38:09 -0400] "GET /mysql/js/get_scripts.js.php?scripts%5B%5D=jquery/jquery-1.11.1.min.js&scripts%5B%5D=sprintf.js&scripts%5B%5D=ajax.js&scripts%5B%5D=keyhandler.js&scripts%5B%5D=jquery/jquery-ui-1.11.2.min.js&scripts%5B%5D=jquery/jquery.cookie.js&scripts%5B%5D=jquery/jquery.mousewheel.js&scripts%5B%5D=jquery/jquery.event.drag-2.2.js&scripts%5B%5D=jquery/jquery-ui-timepicker-addon.js&scripts%5B%5D=jquery/jquery.ba-hashchange-1.3.js&scripts%5B%5D=jquery/jquery.debounce-1.0.5.js&scripts%5B%5D=menu-resizer.js&scripts%5B%5D=cross_framing_protection.js&scripts%5B%5D=rte.js&scripts%5B%5D=tracekit/tracekit.js&scripts%5B%5D=error_report.js&scripts%5B%5D=doclinks.js&scripts%5B%5D=functions.js&scripts%5B%5D=navigation.js&scripts%5B%5D=indexes.js&v=4.5.4.1 HTTP/1.1" 200 216429
::1 - - [17/Sep/2024:15:38:09 -0400] "GET /mysql/js/get_image.js.php?theme=pmahomme&v=4.5.4.1 HTTP/1.1" 200 1822
::1 - - [17/Sep/2024:15:38:10 -0400] "GET /mysql/themes/pmahomme/img/sprites.png?v=4.5.4.1 HTTP/1.1" 200 46795
::1 - - [17/Sep/2024:15:38:10 -0400] "GET /mysql/favicon.ico HTTP/1.1" 200 22486
::1 - - [17/Sep/2024:15:38:14 -0400] "POST /mysql/index.php HTTP/1.1" 302 25
::1 - - [17/Sep/2024:15:38:14 -0400] "GET /mysql/index.php?token=734383de09a8edc590e8d761df7fa8b7 HTTP/1.1" 200 13507
::1 - - [17/Sep/2024:15:38:15 -0400] "GET /mysql/themes/pmahomme/img/logo_left.png HTTP/1.1" 200 2327
::1 - - [17/Sep/2024:15:38:15 -0400] "GET /mysql/phpmyadmin.css.php?nocache=6090244652ltr HTTP/1.1" 200 20076
::1 - - [17/Sep/2024:15:38:15 -0400] "GET /mysql/js/messages.php?lang=fr&db=&token=734383de09a8edc590e8d761df7fa8b7&v=4.5.4.1 HTTP/1.1" 200 9507
::1 - - [17/Sep/2024:15:38:15 -0400] "GET /mysql/themes/pmahomme/img/ajax_clock_small.gif HTTP/1.1" 200 1810
::1 - - [17/Sep/2024:15:38:15 -0400] "GET /mysql/themes/pmahomme/img/s_collapseall.png HTTP/1.1" 200 170
::1 - - [17/Sep/2024:15:38:15 -0400] "GET /mysql/js/whitelist.php?lang=fr&db=&token=734383de09a8edc590e8d761df7fa8b7&v=4.5.4.1 HTTP/1.1" 200 482
::1 - - [17/Sep/2024:15:38:15 -0400] "GET /mysql/themes/pmahomme/img/left_nav_bg.png HTTP/1.1" 200 297
::1 - - [17/Sep/2024:15:38:15 -0400] "POST /mysql/db_structure.php?ajax_request=1&favorite_table=1&sync_favorite_tables=1&token=734383de09a8edc590e8d761df7fa8b7 HTTP/1.1" 200 164
::1 - - [17/Sep/2024:15:38:15 -0400] "GET /mysql/version_check.php?server=1&_nocache=1726601895817133268 HTTP/1.1" 200 40
::1 - - [17/Sep/2024:15:38:28 -0400] "GET /mysql/db_structure.php?server=1&db=intra&token=734383de09a8edc590e8d761df7fa8b7&ajax_request=true&ajax_page_request=true&_nocache=172660190822585432 HTTP/1.1" 200 4920
::1 - - [17/Sep/2024:15:38:29 -0400] "GET /mysql/themes/pmahomme/img/arrow_ltr.png HTTP/1.1" 200 139
::1 - - [17/Sep/2024:15:38:29 -0400] "GET /mysql/js/get_scripts.js.php?scripts%5B%5D=db_structure.js&scripts%5B%5D=tbl_change.js&call_done=1&v=4.5.4.1 HTTP/1.1" 200 10265
::1 - - [17/Sep/2024:15:38:29 -0400] "GET /mysql/navigation.php?ajax_request=1&token=734383de09a8edc590e8d761df7fa8b7&aPath=cm9vdA%3D%3D.aW50cmE%3D&vPath=cm9vdA%3D%3D.aW50cmE%3D&pos=0&pos2_name=&pos2_value=&searchClause=&searchClause2=&_nocache=1726601909009376644 HTTP/1.1" 200 1876
::1 - - [17/Sep/2024:15:38:29 -0400] "POST /mysql/navigation.php?ajax_request=1&token=734383de09a8edc590e8d761df7fa8b7 HTTP/1.1" 200 2234
::1 - - [17/Sep/2024:15:38:29 -0400] "GET /mysql/navigation.php?ajax_request=1&token=734383de09a8edc590e8d761df7fa8b7&aPath=cm9vdA%3D%3D.aW50cmE%3D&vPath=cm9vdA%3D%3D.aW50cmE%3D&pos=0&pos2_name=&pos2_value=&searchClause=&searchClause2=&_nocache=1726601909768738695 HTTP/1.1" 200 1876
::1 - - [17/Sep/2024:15:38:30 -0400] "GET /mysql/db_structure.php?server=1&db=agents&token=734383de09a8edc590e8d761df7fa8b7&ajax_request=true&ajax_page_request=true&_nocache=1726601910256737488 HTTP/1.1" 200 4909
::1 - - [17/Sep/2024:15:38:30 -0400] "POST /mysql/navigation.php?ajax_request=1&token=734383de09a8edc590e8d761df7fa8b7 HTTP/1.1" 200 2580
::1 - - [17/Sep/2024:15:38:30 -0400] "GET /mysql/navigation.php?ajax_request=1&token=734383de09a8edc590e8d761df7fa8b7&aPath=cm9vdA%3D%3D.YWdlbnRz&vPath=cm9vdA%3D%3D.YWdlbnRz&pos=0&pos2_name=&pos2_value=&searchClause=&searchClause2=&_nocache=1726601910591640618 HTTP/1.1" 200 1856
::1 - - [17/Sep/2024:15:38:30 -0400] "GET /mysql/navigation.php?ajax_request=1&token=734383de09a8edc590e8d761df7fa8b7&aPath=cm9vdA%3D%3D.YWdlbnRz&vPath=cm9vdA%3D%3D.YWdlbnRz&pos=0&pos2_name=&pos2_value=&searchClause=&searchClause2=&_nocache=1726601910865899969 HTTP/1.1" 200 1856
::1 - - [17/Sep/2024:15:38:49 -0400] "GET /mysql/tbl_structure.php?server=1&db=intra&table=usager&token=734383de09a8edc590e8d761df7fa8b7&ajax_request=true&ajax_page_request=true&_nocache=1726601929606983713 HTTP/1.1" 200 7085
::1 - - [17/Sep/2024:15:38:51 -0400] "GET /mysql/js/get_scripts.js.php?scripts%5B%5D=tbl_structure.js&call_done=1&v=4.5.4.1 HTTP/1.1" 200 5130
::1 - - [17/Sep/2024:15:38:51 -0400] "POST /mysql/navigation.php?ajax_request=1&token=734383de09a8edc590e8d761df7fa8b7 HTTP/1.1" 200 2580
::1 - - [17/Sep/2024:15:38:51 -0400] "GET /mysql/index.php?ajax_request=1&recent_table=1&token=734383de09a8edc590e8d761df7fa8b7&no_debug=true&_nocache=1726601931313152026 HTTP/1.1" 200 1467
::1 - - [17/Sep/2024:15:46:21 -0400] "GET /mysql/sql.php?db=intra&table=usager&token=734383de09a8edc590e8d761df7fa8b7&pos=0&ajax_request=true&ajax_page_request=true&_nocache=1726602381240654064 HTTP/1.1" 200 7104
::1 - - [17/Sep/2024:15:46:22 -0400] "GET /mysql/themes/pmahomme/img/s_fulltext.png HTTP/1.1" 200 193
::1 - - [17/Sep/2024:15:46:22 -0400] "GET /mysql/js/get_scripts.js.php?scripts%5B%5D=jquery/jquery.uitablefilter.js&scripts%5B%5D=gis_data_editor.js&scripts%5B%5D=multi_column_sort.js&scripts%5B%5D=makegrid.js&scripts%5B%5D=sql.js&call_done=1&v=4.5.4.1 HTTP/1.1" 200 30698
::1 - - [17/Sep/2024:15:46:22 -0400] "GET /mysql/themes/pmahomme/img/col_pointer.png HTTP/1.1" 200 113
::1 - - [17/Sep/2024:15:46:22 -0400] "GET /mysql/themes/pmahomme/img/col_drop.png HTTP/1.1" 200 132
::1 - - [17/Sep/2024:15:46:22 -0400] "GET /mysql/index.php?ajax_request=1&recent_table=1&token=734383de09a8edc590e8d761df7fa8b7&no_debug=true&_nocache=1726602382783348372 HTTP/1.1" 200 1469
::1 - - [17/Sep/2024:15:46:24 -0400] "POST /mysql/tbl_row_action.php HTTP/1.1" 200 94
::1 - - [17/Sep/2024:15:46:30 -0400] "POST /mysql/tbl_row_action.php HTTP/1.1" 200 1953
::1 - - [17/Sep/2024:15:46:30 -0400] "GET /mysql/index.php?ajax_request=1&recent_table=1&token=734383de09a8edc590e8d761df7fa8b7&no_debug=true&_nocache=1726602390697600863 HTTP/1.1" 200 1469
::1 - - [17/Sep/2024:15:46:33 -0400] "POST /mysql/tbl_row_action.php HTTP/1.1" 200 2144
::1 - - [17/Sep/2024:15:46:33 -0400] "GET /mysql/index.php?ajax_request=1&recent_table=1&token=734383de09a8edc590e8d761df7fa8b7&no_debug=true&_nocache=1726602393840709894 HTTP/1.1" 200 1469
::1 - - [17/Sep/2024:15:46:35 -0400] "GET /mysql/tbl_change.php?db=intra&table=usager&token=734383de09a8edc590e8d761df7fa8b7&ajax_request=true&ajax_page_request=true&_nocache=1726602395499948616 HTTP/1.1" 200 6910
::1 - - [17/Sep/2024:15:46:35 -0400] "GET /mysql/js/get_scripts.js.php?scripts%5B%5D=big_ints.js&scripts%5B%5D=jquery/jquery.validate.js&scripts%5B%5D=jquery/additional-methods.js&call_done=1&v=4.5.4.1 HTTP/1.1" 200 21848
::1 - - [17/Sep/2024:15:46:36 -0400] "GET /mysql/index.php?ajax_request=1&recent_table=1&token=734383de09a8edc590e8d761df7fa8b7&no_debug=true&_nocache=1726602396141551725 HTTP/1.1" 200 1469
::1 - - [17/Sep/2024:15:48:22 -0400] "POST /mysql/tbl_replace.php HTTP/1.1" 200 5345
::1 - - [17/Sep/2024:15:48:23 -0400] "GET /mysql/index.php?ajax_request=1&recent_table=1&token=734383de09a8edc590e8d761df7fa8b7&no_debug=true&_nocache=1726602503257160403 HTTP/1.1" 200 1469
::1 - - [17/Sep/2024:15:48:23 -0400] "POST /mysql/lint.php HTTP/1.1" 200 28
::1 - - [17/Sep/2024:15:48:28 -0400] "GET / HTTP/1.1" 200 1648
::1 - - [17/Sep/2024:15:49:34 -0400] "GET /Projet_Intra/ HTTP/1.1" 200 5079
::1 - - [17/Sep/2024:15:49:55 -0400] "GET /mysql/sql.php?db=intra&table=usager&token=734383de09a8edc590e8d761df7fa8b7&pos=0 HTTP/1.1" 200 13125
::1 - - [17/Sep/2024:15:49:58 -0400] "GET /mysql/js/whitelist.php?lang=fr&db=intra&token=734383de09a8edc590e8d761df7fa8b7&v=4.5.4.1 HTTP/1.1" 200 482
::1 - - [17/Sep/2024:15:49:58 -0400] "GET /mysql/phpmyadmin.css.php?nocache=6089639281ltr HTTP/1.1" 200 20076
::1 - - [17/Sep/2024:15:49:58 -0400] "GET /mysql/js/messages.php?lang=fr&db=intra&token=734383de09a8edc590e8d761df7fa8b7&v=4.5.4.1 HTTP/1.1" 200 9507
::1 - - [17/Sep/2024:15:49:58 -0400] "GET /mysql/js/get_scripts.js.php?scripts%5B%5D=common.js&scripts%5B%5D=config.js&scripts%5B%5D=page_settings.js&scripts%5B%5D=jquery/jquery.uitablefilter.js&scripts%5B%5D=tbl_change.js&scripts%5B%5D=gis_data_editor.js&scripts%5B%5D=multi_column_sort.js&scripts%5B%5D=makegrid.js&scripts%5B%5D=sql.js&scripts%5B%5D=codemirror/lib/codemirror.js&scripts%5B%5D=codemirror/mode/sql/sql.js&scripts%5B%5D=codemirror/addon/runmode/runmode.js&scripts%5B%5D=codemirror/addon/hint/show-hint.js&scripts%5B%5D=codemirror/addon/hint/sql-hint.js&scripts%5B%5D=codemirror/addon/lint/lint.js&scripts%5B%5D=codemirror/addon/lint/sql-lint.js&scripts%5B%5D=console.js&v=4.5.4.1 HTTP/1.1" 200 165856
::1 - - [17/Sep/2024:15:50:00 -0400] "GET /mysql/index.php?ajax_request=1&recent_table=1&token=734383de09a8edc590e8d761df7fa8b7&no_debug=true&_nocache=1726602600575503346 HTTP/1.1" 200 1469
::1 - - [17/Sep/2024:15:54:14 -0400] "GET / HTTP/1.1" 200 1648
::1 - - [17/Sep/2024:15:54:24 -0400] "GET /mysql/sql.php?db=intra&table=usager&token=734383de09a8edc590e8d761df7fa8b7&pos=0 HTTP/1.1" 200 13144
::1 - - [17/Sep/2024:15:54:27 -0400] "GET /mysql/index.php?ajax_request=1&recent_table=1&token=734383de09a8edc590e8d761df7fa8b7&no_debug=true&_nocache=1726602867644608982 HTTP/1.1" 200 1469
::1 - - [17/Sep/2024:15:54:27 -0400] "POST /mysql/navigation.php?ajax_request=1&token=734383de09a8edc590e8d761df7fa8b7 HTTP/1.1" 200 2237
::1 - - [17/Sep/2024:15:54:28 -0400] "GET /mysql/navigation.php?ajax_request=1&token=734383de09a8edc590e8d761df7fa8b7&aPath=cm9vdA%3D%3D.aW50cmE%3D&vPath=cm9vdA%3D%3D.aW50cmE%3D&pos=0&pos2_name=&pos2_value=&searchClause=&searchClause2=&_nocache=1726602868207762654 HTTP/1.1" 200 1876
::1 - - [17/Sep/2024:16:10:28 -0400] "GET / HTTP/1.1" 200 1648
::1 - - [17/Sep/2024:16:10:32 -0400] "GET /Projet_Intra/ HTTP/1.1" 200 5084
::1 - - [17/Sep/2024:16:12:03 -0400] "GET /Projet_Intra/ HTTP/1.1" 200 5068
::1 - - [17/Sep/2024:16:12:13 -0400] "POST /Projet_Intra/index.php HTTP/1.1" 200 5114
::1 - - [17/Sep/2024:16:12:26 -0400] "GET /mysql/sql.php?db=intra&table=usager&token=734383de09a8edc590e8d761df7fa8b7&pos=0 HTTP/1.1" 200 13154
::1 - - [17/Sep/2024:16:12:29 -0400] "GET /mysql/index.php?ajax_request=1&recent_table=1&token=734383de09a8edc590e8d761df7fa8b7&no_debug=true&_nocache=1726603949332106042 HTTP/1.1" 200 1469
::1 - - [17/Sep/2024:16:12:29 -0400] "POST /mysql/navigation.php?ajax_request=1&token=734383de09a8edc590e8d761df7fa8b7 HTTP/1.1" 200 2582
::1 - - [17/Sep/2024:16:12:34 -0400] "POST /mysql/tbl_row_action.php HTTP/1.1" 200 94
::1 - - [17/Sep/2024:16:12:36 -0400] "GET /mysql/sql.php?db=intra&table=usager&sql_query=DELETE+FROM+%60usager%60+WHERE+%60usager%60.%60id%60+%3D+2&message_to_show=La+ligne+a+%C3%A9t%C3%A9+effac%C3%A9e.&goto=sql.php%3Fdb%3Dintra%26table%3Dusager%26sql_query%3DSELECT%2B%252A%2BFROM%2B%2560usager%2560%26message_to_show%3DLa%2Bligne%2Ba%2B%25C3%25A9t%25C3%25A9%2Beffac%25C3%25A9e.%26goto%3Dtbl_sql.php%26token%3D734383de09a8edc590e8d761df7fa8b7&token=734383de09a8edc590e8d761df7fa8b7&ajax_request=true&ajax_page_request=true&_nocache=1726603956548599526 HTTP/1.1" 200 4454
::1 - - [17/Sep/2024:16:12:36 -0400] "GET /mysql/index.php?ajax_request=1&recent_table=1&token=734383de09a8edc590e8d761df7fa8b7&no_debug=true&_nocache=1726603956956362820 HTTP/1.1" 200 1469
::1 - - [17/Sep/2024:16:12:39 -0400] "GET /mysql/tbl_change.php?db=intra&table=usager&token=734383de09a8edc590e8d761df7fa8b7&ajax_request=true&ajax_page_request=true&_nocache=1726603959062578556 HTTP/1.1" 200 6910
::1 - - [17/Sep/2024:16:12:39 -0400] "GET /mysql/index.php?ajax_request=1&recent_table=1&token=734383de09a8edc590e8d761df7fa8b7&no_debug=true&_nocache=1726603959481564338 HTTP/1.1" 200 1469
::1 - - [17/Sep/2024:16:16:12 -0400] "POST /mysql/tbl_replace.php HTTP/1.1" 200 5358
::1 - - [17/Sep/2024:16:16:13 -0400] "GET /mysql/index.php?ajax_request=1&recent_table=1&token=734383de09a8edc590e8d761df7fa8b7&no_debug=true&_nocache=1726604173227104301 HTTP/1.1" 200 1469
::1 - - [17/Sep/2024:16:16:13 -0400] "POST /mysql/lint.php HTTP/1.1" 200 275
::1 - - [17/Sep/2024:16:16:20 -0400] "GET / HTTP/1.1" 200 1648
::1 - - [17/Sep/2024:16:16:22 -0400] "GET /Projet_Intra/ HTTP/1.1" 200 5068
::1 - - [17/Sep/2024:16:16:28 -0400] "POST /Projet_Intra/index.php HTTP/1.1" 200 6518
::1 - - [17/Sep/2024:16:20:27 -0400] "POST /Projet_Intra/index.php HTTP/1.1" 200 5114
::1 - - [17/Sep/2024:16:20:33 -0400] "POST /Projet_Intra/index.php HTTP/1.1" 200 6518
::1 - - [17/Sep/2024:16:24:36 -0400] "POST /Projet_Intra/index.php HTTP/1.1" 200 5086
::1 - - [17/Sep/2024:16:24:43 -0400] "POST /Projet_Intra/index.php HTTP/1.1" 200 5114
::1 - - [17/Sep/2024:16:24:50 -0400] "POST /Projet_Intra/index.php HTTP/1.1" 200 5086
::1 - - [17/Sep/2024:16:28:03 -0400] "POST /Projet_Intra/index.php HTTP/1.1" 200 5086
::1 - - [17/Sep/2024:16:28:06 -0400] "POST /Projet_Intra/index.php HTTP/1.1" 200 5086
::1 - - [17/Sep/2024:16:28:11 -0400] "POST /Projet_Intra/index.php HTTP/1.1" 200 5086
::1 - - [17/Sep/2024:16:28:11 -0400] "POST /Projet_Intra/index.php HTTP/1.1" 200 5086
::1 - - [17/Sep/2024:16:28:12 -0400] "POST /Projet_Intra/index.php HTTP/1.1" 200 5086
::1 - - [17/Sep/2024:16:28:12 -0400] "POST /Projet_Intra/index.php HTTP/1.1" 200 5086
::1 - - [17/Sep/2024:16:52:00 -0400] "POST /Projet_Intra/index.php HTTP/1.1" 200 5155
::1 - - [17/Sep/2024:16:52:01 -0400] "POST /Projet_Intra/index.php HTTP/1.1" 200 5155
::1 - - [17/Sep/2024:16:52:01 -0400] "POST /Projet_Intra/index.php HTTP/1.1" 200 5155
::1 - - [17/Sep/2024:16:52:01 -0400] "POST /Projet_Intra/index.php HTTP/1.1" 200 5155
::1 - - [17/Sep/2024:17:05:28 -0400] "POST /Projet_Intra/index.php HTTP/1.1" 200 5262
::1 - - [17/Sep/2024:17:05:28 -0400] "POST /Projet_Intra/index.php HTTP/1.1" 200 5262
::1 - - [17/Sep/2024:17:05:29 -0400] "POST /Projet_Intra/index.php HTTP/1.1" 200 5262
::1 - - [17/Sep/2024:17:05:29 -0400] "POST /Projet_Intra/index.php HTTP/1.1" 200 5262
::1 - - [17/Sep/2024:17:05:54 -0400] "POST /Projet_Intra/index.php HTTP/1.1" 200 6071
::1 - - [17/Sep/2024:17:05:55 -0400] "POST /Projet_Intra/index.php HTTP/1.1" 200 6071
::1 - - [17/Sep/2024:17:05:55 -0400] "POST /Projet_Intra/index.php HTTP/1.1" 200 6071
::1 - - [17/Sep/2024:17:07:46 -0400] "POST /Projet_Intra/index.php HTTP/1.1" 200 6157
::1 - - [17/Sep/2024:17:07:47 -0400] "GET /Projet_Intra/index.html HTTP/1.1" 404 321
::1 - - [17/Sep/2024:17:07:52 -0400] "POST /Projet_Intra/index.php HTTP/1.1" 200 6185
::1 - - [17/Sep/2024:17:07:54 -0400] "POST /Projet_Intra/index.php HTTP/1.1" 200 6185
::1 - - [17/Sep/2024:17:10:48 -0400] "POST /Projet_Intra/index.php HTTP/1.1" 200 6185
::1 - - [17/Sep/2024:17:14:15 -0400] "POST /Projet_Intra/index.php HTTP/1.1" 200 6307
::1 - - [17/Sep/2024:17:14:15 -0400] "POST /Projet_Intra/index.php HTTP/1.1" 200 6307
::1 - - [17/Sep/2024:17:14:16 -0400] "POST /Projet_Intra/index.php HTTP/1.1" 200 6307
::1 - - [17/Sep/2024:17:14:16 -0400] "POST /Projet_Intra/index.php HTTP/1.1" 200 6307
::1 - - [17/Sep/2024:17:16:29 -0400] "POST /Projet_Intra/index.php HTTP/1.1" 200 6277
::1 - - [17/Sep/2024:17:16:29 -0400] "POST /Projet_Intra/index.php HTTP/1.1" 200 6277
::1 - - [17/Sep/2024:17:16:29 -0400] "POST /Projet_Intra/index.php HTTP/1.1" 200 6277
::1 - - [17/Sep/2024:17:16:32 -0400] "POST /Projet_Intra/index.php HTTP/1.1" 200 6277
::1 - - [17/Sep/2024:17:30:44 -0400] "POST /Projet_Intra/index.php HTTP/1.1" 200 6277
::1 - - [17/Sep/2024:17:39:11 -0400] "POST /Projet_Intra/index.php HTTP/1.1" 200 6263
::1 - - [17/Sep/2024:17:39:11 -0400] "POST /Projet_Intra/index.php HTTP/1.1" 200 6263
::1 - - [17/Sep/2024:17:39:11 -0400] "POST /Projet_Intra/index.php HTTP/1.1" 200 6263
::1 - - [17/Sep/2024:17:39:11 -0400] "POST /Projet_Intra/index.php HTTP/1.1" 200 6263
::1 - - [17/Sep/2024:17:39:15 -0400] "GET /Projet_Intra/ HTTP/1.1" 200 6217
::1 - - [17/Sep/2024:17:39:14 -0400] "GET /mysql/tbl_change.php?db=intra&table=usager&token=734383de09a8edc590e8d761df7fa8b7 HTTP/1.1" 200 3143
::1 - - [23/Sep/2024:12:27:23 -0400] "GET / HTTP/1.1" 200 1648
::1 - - [23/Sep/2024:12:27:23 -0400] "GET /icons/blank.gif HTTP/1.1" 200 148
::1 - - [23/Sep/2024:12:27:23 -0400] "GET /icons/folder.gif HTTP/1.1" 200 225
::1 - - [23/Sep/2024:12:27:52 -0400] "GET /Projet_Intra/ HTTP/1.1" 200 6217
::1 - - [23/Sep/2024:12:27:52 -0400] "GET /Projet_Intra/css/style.css HTTP/1.1" 200 27
::1 - - [23/Sep/2024:13:44:13 -0400] "GET /Projet_Intra/ HTTP/1.1" 200 6216
::1 - - [23/Sep/2024:13:44:14 -0400] "GET /Projet_Intra/ HTTP/1.1" 200 6216
::1 - - [23/Sep/2024:13:44:47 -0400] "GET /Projet_Intra/ HTTP/1.1" 200 6326
::1 - - [23/Sep/2024:13:44:48 -0400] "GET /Projet_Intra/ HTTP/1.1" 200 6326
::1 - - [23/Sep/2024:14:34:30 -0400] "GET /Projet_Intra/ HTTP/1.1" 200 6328
::1 - - [23/Sep/2024:14:34:31 -0400] "GET /Projet_Intra/ HTTP/1.1" 200 6328
::1 - - [23/Sep/2024:14:34:31 -0400] "GET /Projet_Intra/ HTTP/1.1" 200 6328
::1 - - [23/Sep/2024:14:34:31 -0400] "GET /Projet_Intra/ HTTP/1.1" 200 6328
::1 - - [24/Sep/2024:15:59:28 -0400] "GET / HTTP/1.1" 200 1648
::1 - - [24/Sep/2024:15:59:28 -0400] "GET /icons/blank.gif HTTP/1.1" 200 148
::1 - - [24/Sep/2024:15:59:28 -0400] "GET /icons/folder.gif HTTP/1.1" 200 225
::1 - - [24/Sep/2024:16:15:08 -0400] "GET /Projet_Intra/ HTTP/1.1" 200 6328
::1 - - [24/Sep/2024:16:15:08 -0400] "GET /Projet_Intra/css/style.css HTTP/1.1" 200 27
::1 - - [24/Sep/2024:16:15:19 -0400] "GET /PageWebHouse/index.html HTTP/1.1" 404 321
::1 - - [24/Sep/2024:16:17:48 -0400] "GET /Projet_Intra/ HTTP/1.1" 200 6299
::1 - - [24/Sep/2024:16:17:48 -0400] "GET /Projet_Intra/ HTTP/1.1" 200 6299
::1 - - [24/Sep/2024:16:17:48 -0400] "GET /Projet_Intra/ HTTP/1.1" 200 6299
::1 - - [24/Sep/2024:16:17:48 -0400] "GET /Projet_Intra/ HTTP/1.1" 200 6299
::1 - - [24/Sep/2024:16:17:49 -0400] "GET /Projet_Intra/ HTTP/1.1" 200 6299
::1 - - [24/Sep/2024:16:18:47 -0400] "GET /Projet_Intra/ HTTP/1.1" 200 6523
::1 - - [24/Sep/2024:16:18:48 -0400] "GET /Projet_Intra/ HTTP/1.1" 200 6523
::1 - - [24/Sep/2024:16:19:16 -0400] "GET /Projet_Intra/ HTTP/1.1" 200 6514
::1 - - [24/Sep/2024:16:19:17 -0400] "GET /Projet_Intra/ HTTP/1.1" 200 6514
::1 - - [24/Sep/2024:16:20:30 -0400] "GET /Projet_Intra/ HTTP/1.1" 200 6585
::1 - - [24/Sep/2024:16:20:31 -0400] "GET /Projet_Intra/ HTTP/1.1" 200 6585
::1 - - [24/Sep/2024:16:21:17 -0400] "GET /Projet_Intra/ HTTP/1.1" 200 6573
::1 - - [24/Sep/2024:16:21:18 -0400] "GET /Projet_Intra/ HTTP/1.1" 200 6573
::1 - - [30/Sep/2024:12:49:48 -0400] "GET / HTTP/1.1" 200 1648
::1 - - [30/Sep/2024:12:49:50 -0400] "GET /favicon.ico HTTP/1.1" 404 309
::1 - - [30/Sep/2024:12:49:52 -0400] "GET /Projet_Intra/ HTTP/1.1" 200 6482
::1 - - [30/Sep/2024:12:49:52 -0400] "GET /Projet_Intra/css/style.css HTTP/1.1" 304 -
::1 - - [30/Sep/2024:12:50:03 -0400] "GET /Projet_Intra/ HTTP/1.1" 200 6476
::1 - - [30/Sep/2024:12:50:04 -0400] "GET /Projet_Intra/ HTTP/1.1" 200 6476
::1 - - [30/Sep/2024:12:50:04 -0400] "GET /Projet_Intra/ HTTP/1.1" 200 6476
::1 - - [30/Sep/2024:12:50:08 -0400] "GET /Projet_Intra/ HTTP/1.1" 200 6476
::1 - - [30/Sep/2024:13:51:27 -0400] "GET /Projet_Intra/ HTTP/1.1" 200 6482
::1 - - [30/Sep/2024:13:51:27 -0400] "GET /Projet_Intra/ HTTP/1.1" 200 6482
::1 - - [30/Sep/2024:13:51:27 -0400] "GET /Projet_Intra/ HTTP/1.1" 200 6482
::1 - - [30/Sep/2024:13:53:12 -0400] "GET /Projet_Intra/ HTTP/1.1" 200 6492
::1 - - [30/Sep/2024:13:54:58 -0400] "GET /Projet_Intra/ HTTP/1.1" 200 6219
::1 - - [30/Sep/2024:13:54:58 -0400] "GET /Projet_Intra/ HTTP/1.1" 200 6219
::1 - - [30/Sep/2024:13:54:58 -0400] "GET /Projet_Intra/ HTTP/1.1" 200 6219
::1 - - [30/Sep/2024:13:55:52 -0400] "GET /Projet_Intra/ HTTP/1.1" 200 6284
::1 - - [30/Sep/2024:13:55:53 -0400] "GET /Projet_Intra/ HTTP/1.1" 200 6284
::1 - - [30/Sep/2024:13:55:53 -0400] "GET /Projet_Intra/ HTTP/1.1" 200 6284
::1 - - [30/Sep/2024:13:55:53 -0400] "GET /Projet_Intra/ HTTP/1.1" 200 6284
::1 - - [30/Sep/2024:13:55:53 -0400] "GET /Projet_Intra/ HTTP/1.1" 200 6284
::1 - - [30/Sep/2024:13:55:54 -0400] "GET /Projet_Intra/ HTTP/1.1" 200 6284
::1 - - [30/Sep/2024:13:59:05 -0400] "GET /Projet_Intra/ HTTP/1.1" 200 6284
::1 - - [30/Sep/2024:13:59:09 -0400] "GET /Projet_Intra/ HTTP/1.1" 200 6284
::1 - - [30/Sep/2024:14:04:01 -0400] "GET /Projet_Intra/ HTTP/1.1" 200 6472
::1 - - [30/Sep/2024:14:05:55 -0400] "GET /Projet_Intra/ HTTP/1.1" 200 6413
::1 - - [30/Sep/2024:14:06:26 -0400] "GET /Projet_Intra/ HTTP/1.1" 200 6413
::1 - - [30/Sep/2024:14:07:48 -0400] "GET /Projet_Intra/ HTTP/1.1" 200 6413
::1 - - [30/Sep/2024:14:11:59 -0400] "GET /Projet_Intra/ HTTP/1.1" 200 6413
::1 - - [30/Sep/2024:14:12:00 -0400] "GET /Projet_Intra/ HTTP/1.1" 200 6413
::1 - - [30/Sep/2024:14:12:09 -0400] "GET /Projet_Intra/ HTTP/1.1" 200 6411
::1 - - [30/Sep/2024:14:12:10 -0400] "GET /Projet_Intra/ HTTP/1.1" 200 6411
::1 - - [30/Sep/2024:14:15:04 -0400] "GET /Projet_Intra/ HTTP/1.1" 200 6408
::1 - - [30/Sep/2024:14:15:12 -0400] "GET /Projet_Intra/ HTTP/1.1" 200 6410
::1 - - [01/Oct/2024:15:11:31 -0400] "GET / HTTP/1.1" 200 1785
::1 - - [01/Oct/2024:15:11:32 -0400] "GET /css/bootstrap.min.css HTTP/1.1" 404 319
::1 - - [01/Oct/2024:15:11:32 -0400] "GET /js/bootstrap.min.js HTTP/1.1" 404 317
::1 - - [01/Oct/2024:15:11:34 -0400] "GET /favicon.ico HTTP/1.1" 404 309
::1 - - [01/Oct/2024:15:11:42 -0400] "GET /css/bootstrap.min.css HTTP/1.1" 404 319
::1 - - [01/Oct/2024:15:11:42 -0400] "GET /js/bootstrap.min.js HTTP/1.1" 404 317
::1 - - [01/Oct/2024:15:11:51 -0400] "GET /?matricule=2150522&password=s872gkl3g6 HTTP/1.1" 200 1785
::1 - - [01/Oct/2024:15:11:51 -0400] "GET /css/bootstrap.min.css HTTP/1.1" 404 319
::1 - - [01/Oct/2024:15:11:51 -0400] "GET /js/bootstrap.min.js HTTP/1.1" 404 317
::1 - - [01/Oct/2024:15:12:09 -0400] "GET /Projet_Intra/ HTTP/1.1" 200 6410
::1 - - [01/Oct/2024:15:12:09 -0400] "GET /Projet_Intra/css/style.css HTTP/1.1" 304 -
::1 - - [01/Oct/2024:15:14:03 -0400] "GET /mysql/ HTTP/1.1" 200 3086
::1 - - [01/Oct/2024:15:14:05 -0400] "GET /mysql/js/get_scripts.js.php?scripts%5B%5D=common.js&scripts%5B%5D=config.js&scripts%5B%5D=page_settings.js&scripts%5B%5D=codemirror/lib/codemirror.js&scripts%5B%5D=codemirror/mode/sql/sql.js&scripts%5B%5D=codemirror/addon/runmode/runmode.js&scripts%5B%5D=codemirror/addon/hint/show-hint.js&scripts%5B%5D=codemirror/addon/hint/sql-hint.js&scripts%5B%5D=codemirror/addon/lint/lint.js&scripts%5B%5D=codemirror/addon/lint/sql-lint.js&scripts%5B%5D=console.js&v=4.5.4.1 HTTP/1.1" 200 129440
::1 - - [01/Oct/2024:15:14:05 -0400] "GET /mysql/js/whitelist.php?lang=fr&db=&collation_connection=utf8_unicode_ci&token=7d430cc95e7b2a0379027542c373638e&v=4.5.4.1 HTTP/1.1" 200 482
::1 - - [01/Oct/2024:15:14:05 -0400] "GET /mysql/js/get_scripts.js.php?scripts%5B%5D=jquery/jquery-1.11.1.min.js&scripts%5B%5D=sprintf.js&scripts%5B%5D=ajax.js&scripts%5B%5D=keyhandler.js&scripts%5B%5D=jquery/jquery-ui-1.11.2.min.js&scripts%5B%5D=jquery/jquery.cookie.js&scripts%5B%5D=jquery/jquery.mousewheel.js&scripts%5B%5D=jquery/jquery.event.drag-2.2.js&scripts%5B%5D=jquery/jquery-ui-timepicker-addon.js&scripts%5B%5D=jquery/jquery.ba-hashchange-1.3.js&scripts%5B%5D=jquery/jquery.debounce-1.0.5.js&scripts%5B%5D=menu-resizer.js&scripts%5B%5D=cross_framing_protection.js&scripts%5B%5D=rte.js&scripts%5B%5D=tracekit/tracekit.js&scripts%5B%5D=error_report.js&scripts%5B%5D=doclinks.js&scripts%5B%5D=functions.js&scripts%5B%5D=navigation.js&scripts%5B%5D=indexes.js&v=4.5.4.1 HTTP/1.1" 200 216429
::1 - - [01/Oct/2024:15:14:05 -0400] "GET /mysql/phpmyadmin.css.php?nocache=4363642758ltr HTTP/1.1" 200 20076
::1 - - [01/Oct/2024:15:14:05 -0400] "GET /mysql/js/get_image.js.php?theme=pmahomme&v=4.5.4.1 HTTP/1.1" 200 1822
::1 - - [01/Oct/2024:15:14:05 -0400] "GET /mysql/js/messages.php?lang=fr&db=&collation_connection=utf8_unicode_ci&token=7d430cc95e7b2a0379027542c373638e&v=4.5.4.1 HTTP/1.1" 200 9507
::1 - - [01/Oct/2024:15:14:14 -0400] "POST /mysql/index.php HTTP/1.1" 302 25
::1 - - [01/Oct/2024:15:14:14 -0400] "GET /mysql/index.php?token=7d430cc95e7b2a0379027542c373638e HTTP/1.1" 200 13509
::1 - - [01/Oct/2024:15:14:15 -0400] "GET /mysql/phpmyadmin.css.php?nocache=6091452812ltr HTTP/1.1" 200 20076
::1 - - [01/Oct/2024:15:14:15 -0400] "GET /mysql/js/whitelist.php?lang=fr&db=&token=7d430cc95e7b2a0379027542c373638e&v=4.5.4.1 HTTP/1.1" 200 482
::1 - - [01/Oct/2024:15:14:15 -0400] "GET /mysql/js/messages.php?lang=fr&db=&token=7d430cc95e7b2a0379027542c373638e&v=4.5.4.1 HTTP/1.1" 200 9507
::1 - - [01/Oct/2024:15:14:15 -0400] "POST /mysql/db_structure.php?ajax_request=1&favorite_table=1&sync_favorite_tables=1&token=7d430cc95e7b2a0379027542c373638e HTTP/1.1" 200 164
::1 - - [01/Oct/2024:15:14:15 -0400] "GET /mysql/version_check.php?server=1&_nocache=1727810055978689070 HTTP/1.1" 200 40
::1 - - [01/Oct/2024:15:15:02 -0400] "GET /mysql/navigation.php?ajax_request=1&token=7d430cc95e7b2a0379027542c373638e&aPath=cm9vdA%3D%3D.aW50cmE%3D&vPath=cm9vdA%3D%3D.aW50cmE%3D&pos=0&pos2_name=&pos2_value=&searchClause=&searchClause2=&_nocache=1727810102907278098 HTTP/1.1" 200 1875
::1 - - [01/Oct/2024:15:15:05 -0400] "GET /mysql/sql.php?server=1&db=intra&table=usager&pos=0&token=7d430cc95e7b2a0379027542c373638e&ajax_request=true&ajax_page_request=true&_nocache=1727810105639492721 HTTP/1.1" 200 7100
::1 - - [01/Oct/2024:15:15:07 -0400] "GET /mysql/js/get_scripts.js.php?scripts%5B%5D=jquery/jquery.uitablefilter.js&scripts%5B%5D=tbl_change.js&scripts%5B%5D=gis_data_editor.js&scripts%5B%5D=multi_column_sort.js&scripts%5B%5D=makegrid.js&scripts%5B%5D=sql.js&call_done=1&v=4.5.4.1 HTTP/1.1" 200 37074
::1 - - [01/Oct/2024:15:15:07 -0400] "GET /mysql/index.php?ajax_request=1&recent_table=1&token=7d430cc95e7b2a0379027542c373638e&no_debug=true&_nocache=1727810107457915138 HTTP/1.1" 200 1469
::1 - - [01/Oct/2024:15:15:07 -0400] "POST /mysql/navigation.php?ajax_request=1&token=7d430cc95e7b2a0379027542c373638e HTTP/1.1" 200 2585
::1 - - [01/Oct/2024:15:16:52 -0400] "GET /mysql/tbl_create.php?server=1&db=intra&token=7d430cc95e7b2a0379027542c373638e&ajax_request=true&ajax_page_request=true&_nocache=1727810212786184527 HTTP/1.1" 200 37774
::1 - - [01/Oct/2024:15:16:54 -0400] "POST /mysql/navigation.php?ajax_request=1&token=7d430cc95e7b2a0379027542c373638e HTTP/1.1" 200 2585
::1 - - [01/Oct/2024:15:17:15 -0400] "GET /mysql/sql.php?server=1&db=intra&table=usager&pos=0&token=7d430cc95e7b2a0379027542c373638e&ajax_request=true&ajax_page_request=true&_nocache=1727810235901980306 HTTP/1.1" 200 7100
::1 - - [01/Oct/2024:15:17:16 -0400] "GET /mysql/index.php?ajax_request=1&recent_table=1&token=7d430cc95e7b2a0379027542c373638e&no_debug=true&_nocache=1727810236278154387 HTTP/1.1" 200 1469
::1 - - [01/Oct/2024:15:17:16 -0400] "POST /mysql/navigation.php?ajax_request=1&token=7d430cc95e7b2a0379027542c373638e HTTP/1.1" 200 2585
::1 - - [01/Oct/2024:15:17:19 -0400] "GET /mysql/sql.php?server=1&db=intra&table=periodique&pos=0&token=7d430cc95e7b2a0379027542c373638e&ajax_request=true&ajax_page_request=true&_nocache=1727810239499769794 HTTP/1.1" 200 7874
::1 - - [01/Oct/2024:15:17:19 -0400] "GET /mysql/index.php?ajax_request=1&recent_table=1&token=7d430cc95e7b2a0379027542c373638e&no_debug=true&_nocache=1727810239891170385 HTTP/1.1" 200 1469
::1 - - [01/Oct/2024:15:17:19 -0400] "POST /mysql/navigation.php?ajax_request=1&token=7d430cc95e7b2a0379027542c373638e HTTP/1.1" 200 2585
::1 - - [01/Oct/2024:15:17:24 -0400] "GET /mysql/tbl_create.php?server=1&db=intra&token=7d430cc95e7b2a0379027542c373638e&ajax_request=true&ajax_page_request=true&_nocache=172781024413523931 HTTP/1.1" 200 37774
::1 - - [01/Oct/2024:15:17:24 -0400] "POST /mysql/navigation.php?ajax_request=1&token=7d430cc95e7b2a0379027542c373638e HTTP/1.1" 200 2585
::1 - - [01/Oct/2024:15:17:48 -0400] "POST /mysql/tbl_indexes.php HTTP/1.1" 200 2751
::1 - - [01/Oct/2024:15:37:08 -0400] "GET /mysql/tbl_create.php?server=1&db=intra&token=7d430cc95e7b2a0379027542c373638e HTTP/1.1" 200 43212
::1 - - [01/Oct/2024:15:37:16 -0400] "GET /mysql/tbl_create.php?server=1&db=intra&token=7d430cc95e7b2a0379027542c373638e HTTP/1.1" 200 43212
::1 - - [01/Oct/2024:15:37:17 -0400] "GET /mysql/js/get_scripts.js.php?scripts%5B%5D=common.js&scripts%5B%5D=config.js&scripts%5B%5D=page_settings.js&scripts%5B%5D=jquery/jquery.uitablefilter.js&scripts%5B%5D=codemirror/lib/codemirror.js&scripts%5B%5D=codemirror/mode/sql/sql.js&scripts%5B%5D=codemirror/addon/runmode/runmode.js&scripts%5B%5D=codemirror/addon/hint/show-hint.js&scripts%5B%5D=codemirror/addon/hint/sql-hint.js&scripts%5B%5D=codemirror/addon/lint/lint.js&scripts%5B%5D=codemirror/addon/lint/sql-lint.js&scripts%5B%5D=console.js&v=4.5.4.1 HTTP/1.1" 200 130627
::1 - - [01/Oct/2024:15:37:17 -0400] "GET /mysql/phpmyadmin.css.php?nocache=6089639281ltr HTTP/1.1" 200 20076
::1 - - [01/Oct/2024:15:37:17 -0400] "GET /mysql/js/whitelist.php?lang=fr&db=intra&token=7d430cc95e7b2a0379027542c373638e&v=4.5.4.1 HTTP/1.1" 200 482
::1 - - [01/Oct/2024:15:37:17 -0400] "GET /mysql/js/messages.php?lang=fr&db=intra&token=7d430cc95e7b2a0379027542c373638e&v=4.5.4.1 HTTP/1.1" 200 9507
::1 - - [01/Oct/2024:15:37:18 -0400] "POST /mysql/navigation.php?ajax_request=1&token=7d430cc95e7b2a0379027542c373638e HTTP/1.1" 200 2585
::1 - - [01/Oct/2024:15:37:23 -0400] "GET /mysql/sql.php?server=1&db=intra&table=periodique&pos=0&token=7d430cc95e7b2a0379027542c373638e&ajax_request=true&ajax_page_request=true&_nocache=1727811443122171047 HTTP/1.1" 200 7874
::1 - - [01/Oct/2024:15:37:23 -0400] "GET /mysql/js/get_scripts.js.php?scripts%5B%5D=tbl_change.js&scripts%5B%5D=gis_data_editor.js&scripts%5B%5D=multi_column_sort.js&scripts%5B%5D=makegrid.js&scripts%5B%5D=sql.js&call_done=1&v=4.5.4.1 HTTP/1.1" 200 35866
::1 - - [01/Oct/2024:15:37:24 -0400] "POST /mysql/navigation.php?ajax_request=1&token=7d430cc95e7b2a0379027542c373638e HTTP/1.1" 200 2585
::1 - - [01/Oct/2024:15:37:24 -0400] "GET /mysql/index.php?ajax_request=1&recent_table=1&token=7d430cc95e7b2a0379027542c373638e&no_debug=true&_nocache=1727811444190502429 HTTP/1.1" 200 1469
::1 - - [01/Oct/2024:15:37:26 -0400] "GET /mysql/sql.php?server=1&db=intra&table=usager&pos=0&token=7d430cc95e7b2a0379027542c373638e&ajax_request=true&ajax_page_request=true&_nocache=1727811446179756442 HTTP/1.1" 200 7100
::1 - - [01/Oct/2024:15:37:26 -0400] "GET /mysql/index.php?ajax_request=1&recent_table=1&token=7d430cc95e7b2a0379027542c373638e&no_debug=true&_nocache=1727811446578635751 HTTP/1.1" 200 1469
::1 - - [01/Oct/2024:15:37:26 -0400] "POST /mysql/navigation.php?ajax_request=1&token=7d430cc95e7b2a0379027542c373638e HTTP/1.1" 200 2585
::1 - - [01/Oct/2024:15:37:30 -0400] "GET /mysql/tbl_create.php?server=1&db=intra&token=7d430cc95e7b2a0379027542c373638e&ajax_request=true&ajax_page_request=true&_nocache=172781145050444553 HTTP/1.1" 200 37774
::1 - - [01/Oct/2024:15:37:31 -0400] "POST /mysql/navigation.php?ajax_request=1&token=7d430cc95e7b2a0379027542c373638e HTTP/1.1" 200 2585
::1 - - [01/Oct/2024:16:01:26 -0400] "POST /mysql/index.php HTTP/1.1" 200 1541
::1 - - [01/Oct/2024:16:24:01 -0400] "POST /mysql/index.php HTTP/1.1" 200 1541
::1 - - [01/Oct/2024:16:46:15 -0400] "POST /mysql/index.php HTTP/1.1" 200 1541
::1 - - [01/Oct/2024:17:08:05 -0400] "POST /mysql/index.php HTTP/1.1" 200 1541
::1 - - [01/Oct/2024:17:29:34 -0400] "POST /mysql/index.php HTTP/1.1" 200 1541
::1 - - [07/Oct/2024:13:23:46 -0400] "GET / HTTP/1.1" 200 1785
::1 - - [07/Oct/2024:13:23:46 -0400] "GET /css/bootstrap.min.css HTTP/1.1" 404 319
::1 - - [07/Oct/2024:13:23:46 -0400] "GET /js/bootstrap.min.js HTTP/1.1" 404 317
::1 - - [07/Oct/2024:13:23:48 -0400] "GET /favicon.ico HTTP/1.1" 404 309
::1 - - [07/Oct/2024:13:23:57 -0400] "GET /?matricule=root&password=rott HTTP/1.1" 200 1785
::1 - - [07/Oct/2024:13:23:57 -0400] "GET /css/bootstrap.min.css HTTP/1.1" 404 319
::1 - - [07/Oct/2024:13:23:57 -0400] "GET /js/bootstrap.min.js HTTP/1.1" 404 317
::1 - - [07/Oct/2024:13:24:07 -0400] "GET /?matricule=root&password=root HTTP/1.1" 200 1785
::1 - - [07/Oct/2024:13:24:07 -0400] "GET /css/bootstrap.min.css HTTP/1.1" 404 319
::1 - - [07/Oct/2024:13:24:07 -0400] "GET /js/bootstrap.min.js HTTP/1.1" 404 317
::1 - - [07/Oct/2024:13:24:17 -0400] "GET /?matricule=2150522&password=s872gkl3g6 HTTP/1.1" 200 1785
::1 - - [07/Oct/2024:13:24:17 -0400] "GET /css/bootstrap.min.css HTTP/1.1" 404 319
::1 - - [07/Oct/2024:13:24:17 -0400] "GET /js/bootstrap.min.js HTTP/1.1" 404 317
::1 - - [07/Oct/2024:13:24:21 -0400] "GET /css/bootstrap.min.css HTTP/1.1" 404 319
::1 - - [07/Oct/2024:13:24:21 -0400] "GET /js/bootstrap.min.js HTTP/1.1" 404 317
::1 - - [07/Oct/2024:13:24:31 -0400] "GET /Projet_Intra/ HTTP/1.1" 200 6410
::1 - - [07/Oct/2024:13:24:31 -0400] "GET /Projet_Intra/css/style.css HTTP/1.1" 304 -
::1 - - [07/Oct/2024:13:24:36 -0400] "GET /css/bootstrap.min.css HTTP/1.1" 404 319
::1 - - [07/Oct/2024:13:24:36 -0400] "GET /js/bootstrap.min.js HTTP/1.1" 404 317
::1 - - [07/Oct/2024:13:24:50 -0400] "GET /projetIntra HTTP/1.1" 404 309
::1 - - [07/Oct/2024:13:25:03 -0400] "GET /projet_intra HTTP/1.1" 301 338
::1 - - [07/Oct/2024:13:25:03 -0400] "GET /projet_intra/ HTTP/1.1" 200 6410
::1 - - [07/Oct/2024:13:25:03 -0400] "GET /projet_intra/css/style.css HTTP/1.1" 200 27
::1 - - [07/Oct/2024:13:25:07 -0400] "GET /projet_intra/index.html HTTP/1.1" 404 321
::1 - - [07/Oct/2024:13:25:32 -0400] "GET /mysql/ HTTP/1.1" 200 3062
::1 - - [07/Oct/2024:13:25:34 -0400] "GET /mysql/js/whitelist.php?lang=fr&db=&token=a1082f2f0d9bc13d793c5454296d7efc&v=4.5.4.1 HTTP/1.1" 200 482
::1 - - [07/Oct/2024:13:25:34 -0400] "GET /mysql/themes/pmahomme/img/logo_right.png HTTP/1.1" 200 4548
::1 - - [07/Oct/2024:13:25:34 -0400] "GET /mysql/phpmyadmin.css.php?nocache=4363642758ltr HTTP/1.1" 200 20076
::1 - - [07/Oct/2024:13:25:34 -0400] "GET /mysql/js/get_scripts.js.php?scripts%5B%5D=jquery/jquery-1.11.1.min.js&scripts%5B%5D=sprintf.js&scripts%5B%5D=ajax.js&scripts%5B%5D=keyhandler.js&scripts%5B%5D=jquery/jquery-ui-1.11.2.min.js&scripts%5B%5D=jquery/jquery.cookie.js&scripts%5B%5D=jquery/jquery.mousewheel.js&scripts%5B%5D=jquery/jquery.event.drag-2.2.js&scripts%5B%5D=jquery/jquery-ui-timepicker-addon.js&scripts%5B%5D=jquery/jquery.ba-hashchange-1.3.js&scripts%5B%5D=jquery/jquery.debounce-1.0.5.js&scripts%5B%5D=menu-resizer.js&scripts%5B%5D=cross_framing_protection.js&scripts%5B%5D=rte.js&scripts%5B%5D=tracekit/tracekit.js&scripts%5B%5D=error_report.js&scripts%5B%5D=doclinks.js&scripts%5B%5D=functions.js&scripts%5B%5D=navigation.js&scripts%5B%5D=indexes.js&v=4.5.4.1 HTTP/1.1" 200 216429
::1 - - [07/Oct/2024:13:25:34 -0400] "GET /mysql/js/get_scripts.js.php?scripts%5B%5D=common.js&scripts%5B%5D=config.js&scripts%5B%5D=page_settings.js&scripts%5B%5D=codemirror/lib/codemirror.js&scripts%5B%5D=codemirror/mode/sql/sql.js&scripts%5B%5D=codemirror/addon/runmode/runmode.js&scripts%5B%5D=codemirror/addon/hint/show-hint.js&scripts%5B%5D=codemirror/addon/hint/sql-hint.js&scripts%5B%5D=codemirror/addon/lint/lint.js&scripts%5B%5D=codemirror/addon/lint/sql-lint.js&scripts%5B%5D=console.js&v=4.5.4.1 HTTP/1.1" 200 129440
::1 - - [07/Oct/2024:13:25:34 -0400] "GET /mysql/js/get_image.js.php?theme=pmahomme&v=4.5.4.1 HTTP/1.1" 200 1822
::1 - - [07/Oct/2024:13:25:34 -0400] "GET /mysql/js/messages.php?lang=fr&db=&token=a1082f2f0d9bc13d793c5454296d7efc&v=4.5.4.1 HTTP/1.1" 200 9507
::1 - - [07/Oct/2024:13:25:39 -0400] "POST /mysql/index.php HTTP/1.1" 302 25
::1 - - [07/Oct/2024:13:25:39 -0400] "GET /mysql/index.php?token=a1082f2f0d9bc13d793c5454296d7efc HTTP/1.1" 200 13508
::1 - - [07/Oct/2024:13:25:40 -0400] "GET /mysql/phpmyadmin.css.php?nocache=6091964698ltr HTTP/1.1" 200 20076
::1 - - [07/Oct/2024:13:25:40 -0400] "POST /mysql/db_structure.php?ajax_request=1&favorite_table=1&sync_favorite_tables=1&token=a1082f2f0d9bc13d793c5454296d7efc HTTP/1.1" 200 164
::1 - - [07/Oct/2024:13:25:40 -0400] "GET /mysql/version_check.php?server=1&_nocache=1728321940891872191 HTTP/1.1" 200 40
::1 - - [07/Oct/2024:13:34:05 -0400] "GET /mysql/db_structure.php?server=1&db=intra&token=a1082f2f0d9bc13d793c5454296d7efc&ajax_request=true&ajax_page_request=true&_nocache=1728322445450182568 HTTP/1.1" 200 4921
::1 - - [07/Oct/2024:13:34:06 -0400] "GET /mysql/js/get_scripts.js.php?scripts%5B%5D=db_structure.js&scripts%5B%5D=tbl_change.js&call_done=1&v=4.5.4.1 HTTP/1.1" 200 10265
::1 - - [07/Oct/2024:13:34:06 -0400] "GET /mysql/navigation.php?ajax_request=1&token=a1082f2f0d9bc13d793c5454296d7efc&aPath=cm9vdA%3D%3D.aW50cmE%3D&vPath=cm9vdA%3D%3D.aW50cmE%3D&pos=0&pos2_name=&pos2_value=&searchClause=&searchClause2=&_nocache=1728322446172458075 HTTP/1.1" 200 1877
::1 - - [07/Oct/2024:13:34:06 -0400] "POST /mysql/navigation.php?ajax_request=1&token=a1082f2f0d9bc13d793c5454296d7efc HTTP/1.1" 200 2236
::1 - - [07/Oct/2024:13:34:06 -0400] "GET /mysql/navigation.php?ajax_request=1&token=a1082f2f0d9bc13d793c5454296d7efc&aPath=cm9vdA%3D%3D.aW50cmE%3D&vPath=cm9vdA%3D%3D.aW50cmE%3D&pos=0&pos2_name=&pos2_value=&searchClause=&searchClause2=&_nocache=1728322446896654375 HTTP/1.1" 200 1877
::1 - - [07/Oct/2024:13:34:08 -0400] "GET /mysql/sql.php?server=1&db=intra&table=usager&pos=0&token=a1082f2f0d9bc13d793c5454296d7efc&ajax_request=true&ajax_page_request=true&_nocache=172832244857749310 HTTP/1.1" 200 7098
::1 - - [07/Oct/2024:13:34:09 -0400] "GET /mysql/js/get_scripts.js.php?scripts%5B%5D=jquery/jquery.uitablefilter.js&scripts%5B%5D=gis_data_editor.js&scripts%5B%5D=multi_column_sort.js&scripts%5B%5D=makegrid.js&scripts%5B%5D=sql.js&call_done=1&v=4.5.4.1 HTTP/1.1" 200 30698
::1 - - [07/Oct/2024:13:34:09 -0400] "GET /mysql/index.php?ajax_request=1&recent_table=1&token=a1082f2f0d9bc13d793c5454296d7efc&no_debug=true&_nocache=1728322449791678629 HTTP/1.1" 200 1470
::1 - - [07/Oct/2024:13:34:09 -0400] "POST /mysql/navigation.php?ajax_request=1&token=a1082f2f0d9bc13d793c5454296d7efc HTTP/1.1" 200 2583
::1 - - [07/Oct/2024:13:34:12 -0400] "GET /mysql/tbl_change.php?db=intra&table=usager&token=a1082f2f0d9bc13d793c5454296d7efc&ajax_request=true&ajax_page_request=true&_nocache=1728322452713822558 HTTP/1.1" 200 6912
::1 - - [07/Oct/2024:13:34:13 -0400] "GET /mysql/js/get_scripts.js.php?scripts%5B%5D=big_ints.js&scripts%5B%5D=jquery/jquery.validate.js&scripts%5B%5D=jquery/additional-methods.js&call_done=1&v=4.5.4.1 HTTP/1.1" 200 21848
::1 - - [07/Oct/2024:13:34:13 -0400] "GET /mysql/index.php?ajax_request=1&recent_table=1&token=a1082f2f0d9bc13d793c5454296d7efc&no_debug=true&_nocache=1728322453344935513 HTTP/1.1" 200 1470
::1 - - [07/Oct/2024:13:34:47 -0400] "POST /mysql/tbl_replace.php HTTP/1.1" 200 664
::1 - - [07/Oct/2024:13:35:02 -0400] "POST /mysql/tbl_replace.php HTTP/1.1" 200 5343
::1 - - [07/Oct/2024:13:35:03 -0400] "GET /mysql/index.php?ajax_request=1&recent_table=1&token=a1082f2f0d9bc13d793c5454296d7efc&no_debug=true&_nocache=1728322503351781295 HTTP/1.1" 200 1470
::1 - - [07/Oct/2024:13:35:03 -0400] "POST /mysql/lint.php HTTP/1.1" 200 28
::1 - - [07/Oct/2024:13:35:17 -0400] "GET /?matricule=21505222&password=s872gkl3g6 HTTP/1.1" 200 1785
::1 - - [07/Oct/2024:13:35:17 -0400] "GET /css/bootstrap.min.css HTTP/1.1" 404 319
::1 - - [07/Oct/2024:13:35:17 -0400] "GET /js/bootstrap.min.js HTTP/1.1" 404 317
::1 - - [07/Oct/2024:13:35:18 -0400] "GET /?matricule=&password= HTTP/1.1" 200 1785
::1 - - [07/Oct/2024:13:35:18 -0400] "GET /css/bootstrap.min.css HTTP/1.1" 404 319
::1 - - [07/Oct/2024:13:35:18 -0400] "GET /js/bootstrap.min.js HTTP/1.1" 404 317
::1 - - [08/Oct/2024:16:32:37 -0400] "GET / HTTP/1.1" 200 1785
::1 - - [08/Oct/2024:16:32:37 -0400] "GET /css/bootstrap.min.css HTTP/1.1" 404 319
::1 - - [08/Oct/2024:16:32:37 -0400] "GET /js/bootstrap.min.js HTTP/1.1" 404 317
::1 - - [08/Oct/2024:16:32:37 -0400] "GET /favicon.ico HTTP/1.1" 404 309
::1 - - [08/Oct/2024:16:45:21 -0400] "GET /mysql/ HTTP/1.1" 200 3060
::1 - - [08/Oct/2024:16:45:23 -0400] "GET /mysql/themes/pmahomme/jquery/jquery-ui-1.11.2.css HTTP/1.1" 200 35212
::1 - - [08/Oct/2024:16:45:23 -0400] "GET /mysql/themes/pmahomme/css/printview.css?v=4.5.4.1 HTTP/1.1" 200 3082
::1 - - [08/Oct/2024:16:45:23 -0400] "GET /mysql/js/codemirror/addon/hint/show-hint.css?v=4.5.4.1 HTTP/1.1" 200 662
::1 - - [08/Oct/2024:16:45:23 -0400] "GET /mysql/js/codemirror/lib/codemirror.css?v=4.5.4.1 HTTP/1.1" 200 7771
::1 - - [08/Oct/2024:16:45:23 -0400] "GET /mysql/js/codemirror/addon/lint/lint.css?v=4.5.4.1 HTTP/1.1" 200 3068
::1 - - [08/Oct/2024:16:45:23 -0400] "GET /mysql/phpmyadmin.css.php?nocache=4363642758ltr HTTP/1.1" 200 20076
::1 - - [08/Oct/2024:16:45:24 -0400] "GET /mysql/themes/pmahomme/img/logo_right.png HTTP/1.1" 200 4548
::1 - - [08/Oct/2024:16:45:24 -0400] "GET /mysql/themes/dot.gif HTTP/1.1" 200 43
::1 - - [08/Oct/2024:16:45:23 -0400] "GET /mysql/js/whitelist.php?lang=fr&db=&token=c1e09eb693150d01c47ec0d3131b6040&v=4.5.4.1 HTTP/1.1" 200 482
::1 - - [08/Oct/2024:16:45:23 -0400] "GET /mysql/js/get_scripts.js.php?scripts%5B%5D=jquery/jquery-1.11.1.min.js&scripts%5B%5D=sprintf.js&scripts%5B%5D=ajax.js&scripts%5B%5D=keyhandler.js&scripts%5B%5D=jquery/jquery-ui-1.11.2.min.js&scripts%5B%5D=jquery/jquery.cookie.js&scripts%5B%5D=jquery/jquery.mousewheel.js&scripts%5B%5D=jquery/jquery.event.drag-2.2.js&scripts%5B%5D=jquery/jquery-ui-timepicker-addon.js&scripts%5B%5D=jquery/jquery.ba-hashchange-1.3.js&scripts%5B%5D=jquery/jquery.debounce-1.0.5.js&scripts%5B%5D=menu-resizer.js&scripts%5B%5D=cross_framing_protection.js&scripts%5B%5D=rte.js&scripts%5B%5D=tracekit/tracekit.js&scripts%5B%5D=error_report.js&scripts%5B%5D=doclinks.js&scripts%5B%5D=functions.js&scripts%5B%5D=navigation.js&scripts%5B%5D=indexes.js&v=4.5.4.1 HTTP/1.1" 200 216429
::1 - - [08/Oct/2024:16:45:23 -0400] "GET /mysql/js/get_scripts.js.php?scripts%5B%5D=common.js&scripts%5B%5D=config.js&scripts%5B%5D=page_settings.js&scripts%5B%5D=codemirror/lib/codemirror.js&scripts%5B%5D=codemirror/mode/sql/sql.js&scripts%5B%5D=codemirror/addon/runmode/runmode.js&scripts%5B%5D=codemirror/addon/hint/show-hint.js&scripts%5B%5D=codemirror/addon/hint/sql-hint.js&scripts%5B%5D=codemirror/addon/lint/lint.js&scripts%5B%5D=codemirror/addon/lint/sql-lint.js&scripts%5B%5D=console.js&v=4.5.4.1 HTTP/1.1" 200 129440
::1 - - [08/Oct/2024:16:45:23 -0400] "GET /mysql/js/get_image.js.php?theme=pmahomme&v=4.5.4.1 HTTP/1.1" 200 1822
::1 - - [08/Oct/2024:16:45:23 -0400] "GET /mysql/js/messages.php?lang=fr&db=&token=c1e09eb693150d01c47ec0d3131b6040&v=4.5.4.1 HTTP/1.1" 200 9507
::1 - - [08/Oct/2024:16:45:25 -0400] "GET /mysql/themes/pmahomme/img/sprites.png?v=4.5.4.1 HTTP/1.1" 200 46795
::1 - - [08/Oct/2024:16:45:25 -0400] "GET /mysql/favicon.ico HTTP/1.1" 200 22486
::1 - - [08/Oct/2024:16:45:30 -0400] "POST /mysql/index.php HTTP/1.1" 200 3111
::1 - - [08/Oct/2024:16:45:32 -0400] "POST /mysql/index.php HTTP/1.1" 302 25
::1 - - [08/Oct/2024:16:45:32 -0400] "GET /mysql/index.php?token=c1e09eb693150d01c47ec0d3131b6040 HTTP/1.1" 200 13505
::1 - - [08/Oct/2024:16:45:34 -0400] "GET /mysql/themes/pmahomme/img/logo_left.png HTTP/1.1" 200 2327
::1 - - [08/Oct/2024:16:45:34 -0400] "GET /mysql/themes/pmahomme/img/ajax_clock_small.gif HTTP/1.1" 200 1810
::1 - - [08/Oct/2024:16:45:34 -0400] "GET /mysql/themes/pmahomme/img/s_collapseall.png HTTP/1.1" 200 170
::1 - - [08/Oct/2024:16:45:34 -0400] "GET /mysql/phpmyadmin.css.php?nocache=6092063091ltr HTTP/1.1" 200 20076
::1 - - [08/Oct/2024:16:45:34 -0400] "GET /mysql/themes/pmahomme/img/left_nav_bg.png HTTP/1.1" 200 297
::1 - - [08/Oct/2024:16:45:34 -0400] "POST /mysql/db_structure.php?ajax_request=1&favorite_table=1&sync_favorite_tables=1&token=c1e09eb693150d01c47ec0d3131b6040 HTTP/1.1" 200 164
::1 - - [08/Oct/2024:16:45:34 -0400] "GET /mysql/version_check.php?server=1&_nocache=172842033423382504 HTTP/1.1" 200 40
::1 - - [08/Oct/2024:16:45:39 -0400] "GET /mysql/navigation.php?ajax_request=1&token=c1e09eb693150d01c47ec0d3131b6040&aPath=cm9vdA%3D%3D.aW50cmE%3D&vPath=cm9vdA%3D%3D.aW50cmE%3D&pos=0&pos2_name=&pos2_value=&searchClause=&searchClause2=&_nocache=1728420339895336544 HTTP/1.1" 200 1876
::1 - - [08/Oct/2024:16:45:42 -0400] "GET /mysql/sql.php?server=1&db=intra&table=usager&pos=0&token=c1e09eb693150d01c47ec0d3131b6040&ajax_request=true&ajax_page_request=true&_nocache=1728420342193702490 HTTP/1.1" 200 7483
::1 - - [08/Oct/2024:16:45:43 -0400] "GET /mysql/themes/pmahomme/img/s_fulltext.png HTTP/1.1" 200 193
::1 - - [08/Oct/2024:16:45:43 -0400] "GET /mysql/themes/pmahomme/img/arrow_ltr.png HTTP/1.1" 200 139
::1 - - [08/Oct/2024:16:45:43 -0400] "GET /mysql/js/get_scripts.js.php?scripts%5B%5D=jquery/jquery.uitablefilter.js&scripts%5B%5D=tbl_change.js&scripts%5B%5D=gis_data_editor.js&scripts%5B%5D=multi_column_sort.js&scripts%5B%5D=makegrid.js&scripts%5B%5D=sql.js&call_done=1&v=4.5.4.1 HTTP/1.1" 200 37074
::1 - - [08/Oct/2024:16:45:43 -0400] "GET /mysql/themes/pmahomme/img/col_drop.png HTTP/1.1" 200 132
::1 - - [08/Oct/2024:16:45:43 -0400] "GET /mysql/themes/pmahomme/img/col_pointer.png HTTP/1.1" 200 113
::1 - - [08/Oct/2024:16:45:43 -0400] "GET /mysql/index.php?ajax_request=1&recent_table=1&token=c1e09eb693150d01c47ec0d3131b6040&no_debug=true&_nocache=1728420343285547052 HTTP/1.1" 200 1469
::1 - - [08/Oct/2024:16:45:43 -0400] "POST /mysql/navigation.php?ajax_request=1&token=c1e09eb693150d01c47ec0d3131b6040 HTTP/1.1" 200 2582
::1 - - [08/Oct/2024:16:45:46 -0400] "GET /mysql/sql.php?server=1&db=intra&table=periodique&pos=0&token=c1e09eb693150d01c47ec0d3131b6040&ajax_request=true&ajax_page_request=true&_nocache=1728420346886282797 HTTP/1.1" 200 7871
::1 - - [08/Oct/2024:16:45:47 -0400] "GET /mysql/index.php?ajax_request=1&recent_table=1&token=c1e09eb693150d01c47ec0d3131b6040&no_debug=true&_nocache=1728420347174398330 HTTP/1.1" 200 1469
::1 - - [08/Oct/2024:16:45:47 -0400] "POST /mysql/navigation.php?ajax_request=1&token=c1e09eb693150d01c47ec0d3131b6040 HTTP/1.1" 200 2582
::1 - - [08/Oct/2024:16:45:55 -0400] "GET /mysql/tbl_sql.php?db=intra&table=periodique&token=c1e09eb693150d01c47ec0d3131b6040&ajax_request=true&ajax_page_request=true&_nocache=1728420355914978542 HTTP/1.1" 200 4926
::1 - - [08/Oct/2024:16:45:56 -0400] "GET /mysql/index.php?ajax_request=1&recent_table=1&token=c1e09eb693150d01c47ec0d3131b6040&no_debug=true&_nocache=1728420356209406272 HTTP/1.1" 200 1469
::1 - - [08/Oct/2024:16:45:56 -0400] "POST /mysql/lint.php HTTP/1.1" 200 28
::1 - - [08/Oct/2024:16:46:13 -0400] "GET /mysql/sql.php?db=intra&table=periodique&token=c1e09eb693150d01c47ec0d3131b6040&pos=0&ajax_request=true&ajax_page_request=true&_nocache=1728420373856113513 HTTP/1.1" 200 7871
::1 - - [08/Oct/2024:16:46:14 -0400] "GET /mysql/index.php?ajax_request=1&recent_table=1&token=c1e09eb693150d01c47ec0d3131b6040&no_debug=true&_nocache=1728420374131982466 HTTP/1.1" 200 1469
::1 - - [08/Oct/2024:16:46:14 -0400] "GET /mysql/tbl_structure.php?db=intra&table=periodique&token=c1e09eb693150d01c47ec0d3131b6040&ajax_request=true&ajax_page_request=true&_nocache=1728420374497206184 HTTP/1.1" 200 7360
::1 - - [08/Oct/2024:16:46:15 -0400] "GET /mysql/js/get_scripts.js.php?scripts%5B%5D=tbl_structure.js&call_done=1&v=4.5.4.1 HTTP/1.1" 200 5130
::1 - - [08/Oct/2024:16:46:15 -0400] "GET /mysql/index.php?ajax_request=1&recent_table=1&token=c1e09eb693150d01c47ec0d3131b6040&no_debug=true&_nocache=1728420375509631716 HTTP/1.1" 200 1469
::1 - - [08/Oct/2024:16:46:26 -0400] "GET /mysql/tbl_export.php?db=intra&table=periodique&token=c1e09eb693150d01c47ec0d3131b6040&single_table=true&ajax_request=true&ajax_page_request=true&_nocache=1728420386118688858 HTTP/1.1" 200 13490
::1 - - [08/Oct/2024:16:46:27 -0400] "GET /mysql/js/get_scripts.js.php?scripts%5B%5D=export.js&call_done=1&v=4.5.4.1 HTTP/1.1" 200 5665
::1 - - [08/Oct/2024:16:46:27 -0400] "GET /mysql/index.php?ajax_request=1&recent_table=1&token=c1e09eb693150d01c47ec0d3131b6040&no_debug=true&_nocache=1728420387846322977 HTTP/1.1" 200 1469
::1 - - [08/Oct/2024:16:46:36 -0400] "POST /mysql/export.php HTTP/1.1" 200 2499
::1 - - [08/Oct/2024:16:47:37 -0400] "GET /mysql/ HTTP/1.1" 200 13525
::1 - - [08/Oct/2024:16:47:38 -0400] "GET /mysql/phpmyadmin.css.php?nocache=6089639281ltr HTTP/1.1" 200 20076
::1 - - [08/Oct/2024:16:47:38 -0400] "POST /mysql/db_structure.php?ajax_request=1&favorite_table=1&sync_favorite_tables=1&token=c1e09eb693150d01c47ec0d3131b6040 HTTP/1.1" 200 164
::1 - - [08/Oct/2024:16:47:38 -0400] "GET /mysql/version_check.php?server=1&_nocache=1728420458510949208 HTTP/1.1" 200 40
::1 - - [08/Oct/2024:17:11:34 -0400] "POST /mysql/index.php HTTP/1.1" 200 1372
::1 - - [08/Oct/2024:17:34:26 -0400] "POST /mysql/index.php HTTP/1.1" 200 1372
::1 - - [08/Oct/2024:17:56:54 -0400] "POST /mysql/index.php HTTP/1.1" 200 1372
::1 - - [08/Oct/2024:20:19:10 -0400] "GET /mysql/db_structure.php?server=1&db=intra&token=c1e09eb693150d01c47ec0d3131b6040 HTTP/1.1" 200 3133
::1 - - [08/Oct/2024:20:19:10 -0400] "GET /mysql/js/whitelist.php?lang=fr&db=intra&token=c1e09eb693150d01c47ec0d3131b6040&v=4.5.4.1 HTTP/1.1" 200 482
::1 - - [08/Oct/2024:20:19:10 -0400] "GET /mysql/phpmyadmin.css.php?nocache=4363642758ltr HTTP/1.1" 200 20076
::1 - - [08/Oct/2024:20:19:10 -0400] "GET /mysql/js/messages.php?lang=fr&db=intra&token=c1e09eb693150d01c47ec0d3131b6040&v=4.5.4.1 HTTP/1.1" 200 9507
::1 - - [08/Oct/2024:20:19:10 -0400] "GET /mysql/js/get_scripts.js.php?scripts%5B%5D=jquery/jquery-1.11.1.min.js&scripts%5B%5D=sprintf.js&scripts%5B%5D=ajax.js&scripts%5B%5D=keyhandler.js&scripts%5B%5D=jquery/jquery-ui-1.11.2.min.js&scripts%5B%5D=jquery/jquery.cookie.js&scripts%5B%5D=jquery/jquery.mousewheel.js&scripts%5B%5D=jquery/jquery.event.drag-2.2.js&scripts%5B%5D=jquery/jquery-ui-timepicker-addon.js&scripts%5B%5D=jquery/jquery.ba-hashchange-1.3.js&scripts%5B%5D=jquery/jquery.debounce-1.0.5.js&scripts%5B%5D=menu-resizer.js&scripts%5B%5D=cross_framing_protection.js&scripts%5B%5D=rte.js&scripts%5B%5D=tracekit/tracekit.js&scripts%5B%5D=error_report.js&scripts%5B%5D=doclinks.js&scripts%5B%5D=functions.js&scripts%5B%5D=navigation.js&scripts%5B%5D=indexes.js&v=4.5.4.1 HTTP/1.1" 200 216429
::1 - - [08/Oct/2024:20:19:10 -0400] "GET /mysql/js/get_image.js.php?theme=pmahomme&v=4.5.4.1 HTTP/1.1" 200 1822
::1 - - [08/Oct/2024:20:19:10 -0400] "GET /mysql/js/get_scripts.js.php?scripts%5B%5D=common.js&scripts%5B%5D=config.js&scripts%5B%5D=page_settings.js&scripts%5B%5D=codemirror/lib/codemirror.js&scripts%5B%5D=codemirror/mode/sql/sql.js&scripts%5B%5D=codemirror/addon/runmode/runmode.js&scripts%5B%5D=codemirror/addon/hint/show-hint.js&scripts%5B%5D=codemirror/addon/hint/sql-hint.js&scripts%5B%5D=codemirror/addon/lint/lint.js&scripts%5B%5D=codemirror/addon/lint/sql-lint.js&scripts%5B%5D=console.js&v=4.5.4.1 HTTP/1.1" 200 129440
::1 - - [08/Oct/2024:20:19:11 -0400] "POST /mysql/db_structure.php?server=1&db=intra&token=c1e09eb693150d01c47ec0d3131b6040 HTTP/1.1" 200 3133
::1 - - [08/Oct/2024:20:19:14 -0400] "POST /mysql/index.php HTTP/1.1" 302 25
::1 - - [08/Oct/2024:20:19:14 -0400] "GET /mysql/index.php?db=intra&target=db_structure.php&token=c1e09eb693150d01c47ec0d3131b6040 HTTP/1.1" 200 11015
::1 - - [08/Oct/2024:20:19:15 -0400] "GET /mysql/phpmyadmin.css.php?nocache=6089639281ltr HTTP/1.1" 200 20076
::1 - - [08/Oct/2024:20:19:15 -0400] "GET /mysql/js/get_scripts.js.php?scripts%5B%5D=common.js&scripts%5B%5D=config.js&scripts%5B%5D=page_settings.js&scripts%5B%5D=db_structure.js&scripts%5B%5D=tbl_change.js&scripts%5B%5D=codemirror/lib/codemirror.js&scripts%5B%5D=codemirror/mode/sql/sql.js&scripts%5B%5D=codemirror/addon/runmode/runmode.js&scripts%5B%5D=codemirror/addon/hint/show-hint.js&scripts%5B%5D=codemirror/addon/hint/sql-hint.js&scripts%5B%5D=codemirror/addon/lint/lint.js&scripts%5B%5D=codemirror/addon/lint/sql-lint.js&scripts%5B%5D=console.js&v=4.5.4.1 HTTP/1.1" 200 139024
::1 - - [08/Oct/2024:20:19:16 -0400] "POST /mysql/navigation.php?ajax_request=1&token=c1e09eb693150d01c47ec0d3131b6040 HTTP/1.1" 200 2236
::1 - - [08/Oct/2024:20:19:16 -0400] "GET /mysql/navigation.php?ajax_request=1&token=c1e09eb693150d01c47ec0d3131b6040&aPath=cm9vdA%3D%3D.aW50cmE%3D&vPath=cm9vdA%3D%3D.aW50cmE%3D&pos=0&pos2_name=&pos2_value=&searchClause=&searchClause2=&_nocache=1728433156399586087 HTTP/1.1" 200 1878
::1 - - [08/Oct/2024:20:20:09 -0400] "GET /mysql/sql.php?server=1&db=intra&table=usager&pos=0&token=c1e09eb693150d01c47ec0d3131b6040&ajax_request=true&ajax_page_request=true&_nocache=1728433209500414665 HTTP/1.1" 200 7484
::1 - - [08/Oct/2024:20:20:09 -0400] "GET /mysql/js/get_scripts.js.php?scripts%5B%5D=jquery/jquery.uitablefilter.js&scripts%5B%5D=gis_data_editor.js&scripts%5B%5D=multi_column_sort.js&scripts%5B%5D=makegrid.js&scripts%5B%5D=sql.js&call_done=1&v=4.5.4.1 HTTP/1.1" 200 30698
::1 - - [08/Oct/2024:20:20:09 -0400] "POST /mysql/navigation.php?ajax_request=1&token=c1e09eb693150d01c47ec0d3131b6040 HTTP/1.1" 200 2582
::1 - - [08/Oct/2024:20:20:09 -0400] "GET /mysql/index.php?ajax_request=1&recent_table=1&token=c1e09eb693150d01c47ec0d3131b6040&no_debug=true&_nocache=1728433209986730517 HTTP/1.1" 200 1469
::1 - - [08/Oct/2024:20:20:16 -0400] "GET /mysql/tbl_create.php?server=1&db=intra&token=c1e09eb693150d01c47ec0d3131b6040&ajax_request=true&ajax_page_request=true&_nocache=1728433216594264309 HTTP/1.1" 200 37771
::1 - - [08/Oct/2024:20:20:18 -0400] "POST /mysql/navigation.php?ajax_request=1&token=c1e09eb693150d01c47ec0d3131b6040 HTTP/1.1" 200 2582
::1 - - [08/Oct/2024:20:20:19 -0400] "GET /mysql/db_sql.php?db=intra&token=c1e09eb693150d01c47ec0d3131b6040&ajax_request=true&ajax_page_request=true&_nocache=172843321987310976 HTTP/1.1" 200 4670
::1 - - [08/Oct/2024:20:20:35 -0400] "POST /mysql/db_sql_autocomplete.php HTTP/1.1" 200 1788
::1 - - [08/Oct/2024:20:20:36 -0400] "POST /mysql/lint.php HTTP/1.1" 200 28
::1 - - [08/Oct/2024:20:20:42 -0400] "POST /mysql/lint.php HTTP/1.1" 200 28
::1 - - [08/Oct/2024:20:29:12 -0400] "POST /mysql/lint.php HTTP/1.1" 200 28
::1 - - [08/Oct/2024:20:29:13 -0400] "POST /mysql/lint.php HTTP/1.1" 200 28
::1 - - [08/Oct/2024:20:29:48 -0400] "POST /mysql/lint.php HTTP/1.1" 200 28
::1 - - [08/Oct/2024:20:29:56 -0400] "POST /mysql/lint.php HTTP/1.1" 200 28
::1 - - [08/Oct/2024:20:29:57 -0400] "POST /mysql/lint.php HTTP/1.1" 200 28
::1 - - [08/Oct/2024:20:30:09 -0400] "POST /mysql/lint.php HTTP/1.1" 200 28
::1 - - [08/Oct/2024:20:30:10 -0400] "POST /mysql/lint.php HTTP/1.1" 200 28
::1 - - [08/Oct/2024:20:30:10 -0400] "POST /mysql/lint.php HTTP/1.1" 200 28
::1 - - [08/Oct/2024:20:30:12 -0400] "POST /mysql/lint.php HTTP/1.1" 200 28
::1 - - [08/Oct/2024:20:30:13 -0400] "POST /mysql/lint.php HTTP/1.1" 200 28
::1 - - [08/Oct/2024:20:30:38 -0400] "POST /mysql/lint.php HTTP/1.1" 200 28
::1 - - [08/Oct/2024:20:30:43 -0400] "POST /mysql/lint.php HTTP/1.1" 200 28
::1 - - [08/Oct/2024:20:31:55 -0400] "POST /mysql/import.php HTTP/1.1" 200 485
::1 - - [08/Oct/2024:20:32:19 -0400] "GET /mysql/sql.php?server=1&db=intra&table=usager&pos=0&token=c1e09eb693150d01c47ec0d3131b6040 HTTP/1.1" 200 14085
::1 - - [08/Oct/2024:20:32:19 -0400] "GET /mysql/js/get_scripts.js.php?scripts%5B%5D=common.js&scripts%5B%5D=config.js&scripts%5B%5D=page_settings.js&scripts%5B%5D=jquery/jquery.uitablefilter.js&scripts%5B%5D=tbl_change.js&scripts%5B%5D=gis_data_editor.js&scripts%5B%5D=multi_column_sort.js&scripts%5B%5D=makegrid.js&scripts%5B%5D=sql.js&scripts%5B%5D=codemirror/lib/codemirror.js&scripts%5B%5D=codemirror/mode/sql/sql.js&scripts%5B%5D=codemirror/addon/runmode/runmode.js&scripts%5B%5D=codemirror/addon/hint/show-hint.js&scripts%5B%5D=codemirror/addon/hint/sql-hint.js&scripts%5B%5D=codemirror/addon/lint/lint.js&scripts%5B%5D=codemirror/addon/lint/sql-lint.js&scripts%5B%5D=console.js&v=4.5.4.1 HTTP/1.1" 200 165856
::1 - - [08/Oct/2024:20:32:20 -0400] "GET /mysql/index.php?ajax_request=1&recent_table=1&token=c1e09eb693150d01c47ec0d3131b6040&no_debug=true&_nocache=1728433940106815913 HTTP/1.1" 200 1469
::1 - - [08/Oct/2024:20:32:39 -0400] "POST /mysql/lint.php HTTP/1.1" 200 3090
::1 - - [08/Oct/2024:20:32:40 -0400] "POST /mysql/lint.php HTTP/1.1" 200 3060
::1 - - [08/Oct/2024:20:32:49 -0400] "POST /mysql/import.php HTTP/1.1" 200 73
::1 - - [08/Oct/2024:20:32:51 -0400] "GET /mysql/sql.php?server=1&db=intra&table=periodique&pos=0&token=c1e09eb693150d01c47ec0d3131b6040&ajax_request=true&ajax_page_request=true&_nocache=1728433971521818906 HTTP/1.1" 200 181
::1 - - [08/Oct/2024:20:32:51 -0400] "GET /mysql/sql.php?server=1&db=intra&table=periodique&pos=0&token=c1e09eb693150d01c47ec0d3131b6040 HTTP/1.1" 200 3084
::1 - - [08/Oct/2024:20:32:51 -0400] "GET /mysql/js/whitelist.php?lang=fr&db=intra&token=071f9d879ce2641e7241f1ea52b46f78&v=4.5.4.1 HTTP/1.1" 200 482
::1 - - [08/Oct/2024:20:32:51 -0400] "GET /mysql/js/messages.php?lang=fr&db=intra&token=071f9d879ce2641e7241f1ea52b46f78&v=4.5.4.1 HTTP/1.1" 200 9507
::1 - - [08/Oct/2024:20:32:54 -0400] "GET /mysql/db_sql.php?db=intra&table=&server=1&target=&token=c1e09eb693150d01c47ec0d3131b6040&ajax_request=true&ajax_page_request=true&_nocache=1728433974951709295 HTTP/1.1" 200 73
::1 - - [08/Oct/2024:20:32:55 -0400] "GET /mysql/db_sql.php?db=intra&token=c1e09eb693150d01c47ec0d3131b6040 HTTP/1.1" 200 3076
::1 - - [08/Oct/2024:20:32:55 -0400] "GET /mysql/js/whitelist.php?lang=fr&db=intra&token=761939b7a6c51bb4d8c3d94c943153a1&v=4.5.4.1 HTTP/1.1" 200 482
::1 - - [08/Oct/2024:20:32:55 -0400] "GET /mysql/js/messages.php?lang=fr&db=intra&token=761939b7a6c51bb4d8c3d94c943153a1&v=4.5.4.1 HTTP/1.1" 200 9507
::1 - - [08/Oct/2024:20:32:59 -0400] "POST /mysql/index.php HTTP/1.1" 302 25
::1 - - [08/Oct/2024:20:32:59 -0400] "GET /mysql/index.php?db=intra&target=db_sql.php&token=761939b7a6c51bb4d8c3d94c943153a1 HTTP/1.1" 200 10574
::1 - - [08/Oct/2024:20:33:00 -0400] "GET /mysql/phpmyadmin.css.php?nocache=6092076738ltr HTTP/1.1" 200 20076
::1 - - [08/Oct/2024:20:33:00 -0400] "GET /mysql/js/get_scripts.js.php?scripts%5B%5D=common.js&scripts%5B%5D=config.js&scripts%5B%5D=page_settings.js&scripts%5B%5D=makegrid.js&scripts%5B%5D=jquery/jquery.uitablefilter.js&scripts%5B%5D=sql.js&scripts%5B%5D=codemirror/lib/codemirror.js&scripts%5B%5D=codemirror/mode/sql/sql.js&scripts%5B%5D=codemirror/addon/runmode/runmode.js&scripts%5B%5D=codemirror/addon/hint/show-hint.js&scripts%5B%5D=codemirror/addon/hint/sql-hint.js&scripts%5B%5D=codemirror/addon/lint/lint.js&scripts%5B%5D=codemirror/addon/lint/sql-lint.js&scripts%5B%5D=console.js&v=4.5.4.1 HTTP/1.1" 200 155457
::1 - - [08/Oct/2024:20:33:04 -0400] "GET /mysql/navigation.php?ajax_request=1&token=761939b7a6c51bb4d8c3d94c943153a1&aPath=cm9vdA%3D%3D.aW50cmE%3D&vPath=cm9vdA%3D%3D.aW50cmE%3D&pos=0&pos2_name=&pos2_value=&searchClause=&searchClause2=&_nocache=1728433984133253590 HTTP/1.1" 200 1874
::1 - - [08/Oct/2024:20:33:09 -0400] "GET /mysql/db_structure.php?server=1&db=intra&token=761939b7a6c51bb4d8c3d94c943153a1&ajax_request=true&ajax_page_request=true&_nocache=1728433989215701367 HTTP/1.1" 200 4920
::1 - - [08/Oct/2024:20:33:09 -0400] "GET /mysql/js/get_scripts.js.php?scripts%5B%5D=db_structure.js&scripts%5B%5D=tbl_change.js&call_done=1&v=4.5.4.1 HTTP/1.1" 200 10265
::1 - - [08/Oct/2024:20:33:09 -0400] "POST /mysql/navigation.php?ajax_request=1&token=761939b7a6c51bb4d8c3d94c943153a1 HTTP/1.1" 200 2580
::1 - - [08/Oct/2024:20:33:13 -0400] "GET /mysql/db_sql.php?db=intra&token=761939b7a6c51bb4d8c3d94c943153a1&ajax_request=true&ajax_page_request=true&_nocache=1728433993185450812 HTTP/1.1" 200 4672
::1 - - [08/Oct/2024:20:33:15 -0400] "POST /mysql/db_sql_autocomplete.php HTTP/1.1" 200 1787
::1 - - [08/Oct/2024:20:33:15 -0400] "POST /mysql/lint.php HTTP/1.1" 200 28
::1 - - [08/Oct/2024:20:34:15 -0400] "POST /mysql/lint.php HTTP/1.1" 200 28
::1 - - [08/Oct/2024:20:34:21 -0400] "POST /mysql/import.php HTTP/1.1" 200 2186
::1 - - [08/Oct/2024:20:34:21 -0400] "POST /mysql/navigation.php?ajax_request=1&token=761939b7a6c51bb4d8c3d94c943153a1 HTTP/1.1" 200 2632
::1 - - [08/Oct/2024:20:34:24 -0400] "GET /mysql/sql.php?server=1&db=intra&table=emprunt&pos=0&token=761939b7a6c51bb4d8c3d94c943153a1&ajax_request=true&ajax_page_request=true&_nocache=1728434064615826151 HTTP/1.1" 200 4647
::1 - - [08/Oct/2024:20:34:24 -0400] "GET /mysql/js/get_scripts.js.php?scripts%5B%5D=gis_data_editor.js&scripts%5B%5D=multi_column_sort.js&call_done=1&v=4.5.4.1 HTTP/1.1" 200 4575
::1 - - [08/Oct/2024:20:34:25 -0400] "GET /mysql/index.php?ajax_request=1&recent_table=1&token=761939b7a6c51bb4d8c3d94c943153a1&no_debug=true&_nocache=1728434065003622964 HTTP/1.1" 200 1482
::1 - - [08/Oct/2024:20:34:25 -0400] "POST /mysql/navigation.php?ajax_request=1&token=761939b7a6c51bb4d8c3d94c943153a1 HTTP/1.1" 200 2640
::1 - - [08/Oct/2024:20:34:26 -0400] "GET /mysql/sql.php?server=1&db=intra&table=emprunt&pos=0&token=761939b7a6c51bb4d8c3d94c943153a1&ajax_request=true&ajax_page_request=true&_nocache=1728434066362172369 HTTP/1.1" 200 4647
::1 - - [08/Oct/2024:20:34:26 -0400] "GET /mysql/sql.php?server=1&db=intra&table=emprunt&pos=0&token=761939b7a6c51bb4d8c3d94c943153a1&ajax_request=true&ajax_page_request=true&_nocache=1728434066578259321 HTTP/1.1" 200 4647
::1 - - [08/Oct/2024:20:34:26 -0400] "GET /mysql/index.php?ajax_request=1&recent_table=1&token=761939b7a6c51bb4d8c3d94c943153a1&no_debug=true&_nocache=1728434066825799966 HTTP/1.1" 200 1482
::1 - - [08/Oct/2024:20:34:26 -0400] "POST /mysql/navigation.php?ajax_request=1&token=761939b7a6c51bb4d8c3d94c943153a1 HTTP/1.1" 200 2640
::1 - - [08/Oct/2024:20:34:27 -0400] "GET /mysql/tbl_structure.php?db=intra&table=emprunt&token=761939b7a6c51bb4d8c3d94c943153a1&ajax_request=true&ajax_page_request=true&_nocache=1728434067960366153 HTTP/1.1" 200 6631
::1 - - [08/Oct/2024:20:34:28 -0400] "GET /mysql/js/get_scripts.js.php?scripts%5B%5D=tbl_structure.js&call_done=1&v=4.5.4.1 HTTP/1.1" 200 5130
::1 - - [08/Oct/2024:20:34:28 -0400] "GET /mysql/index.php?ajax_request=1&recent_table=1&token=761939b7a6c51bb4d8c3d94c943153a1&no_debug=true&_nocache=1728434068353212937 HTTP/1.1" 200 1482
::1 - - [08/Oct/2024:20:34:31 -0400] "GET /mysql/sql.php?server=1&db=intra&table=periodique&pos=0&token=761939b7a6c51bb4d8c3d94c943153a1&ajax_request=true&ajax_page_request=true&_nocache=1728434071898431506 HTTP/1.1" 200 7877
::1 - - [08/Oct/2024:20:34:32 -0400] "GET /mysql/index.php?ajax_request=1&recent_table=1&token=761939b7a6c51bb4d8c3d94c943153a1&no_debug=true&_nocache=172843407220731694 HTTP/1.1" 200 1482
::1 - - [08/Oct/2024:20:34:32 -0400] "POST /mysql/navigation.php?ajax_request=1&token=761939b7a6c51bb4d8c3d94c943153a1 HTTP/1.1" 200 2639
::1 - - [08/Oct/2024:20:34:34 -0400] "GET /mysql/tbl_structure.php?db=intra&table=periodique&token=761939b7a6c51bb4d8c3d94c943153a1&ajax_request=true&ajax_page_request=true&_nocache=1728434074481736337 HTTP/1.1" 200 7360
::1 - - [08/Oct/2024:20:34:34 -0400] "GET /mysql/index.php?ajax_request=1&recent_table=1&token=761939b7a6c51bb4d8c3d94c943153a1&no_debug=true&_nocache=172843407476769499 HTTP/1.1" 200 1482
::1 - - [08/Oct/2024:20:34:38 -0400] "GET /mysql/sql.php?server=1&db=intra&table=usager&pos=0&token=761939b7a6c51bb4d8c3d94c943153a1&ajax_request=true&ajax_page_request=true&_nocache=1728434078627171756 HTTP/1.1" 200 7487
::1 - - [08/Oct/2024:20:34:38 -0400] "GET /mysql/index.php?ajax_request=1&recent_table=1&token=761939b7a6c51bb4d8c3d94c943153a1&no_debug=true&_nocache=1728434078900631849 HTTP/1.1" 200 1482
::1 - - [08/Oct/2024:20:34:38 -0400] "POST /mysql/navigation.php?ajax_request=1&token=761939b7a6c51bb4d8c3d94c943153a1 HTTP/1.1" 200 2639
::1 - - [08/Oct/2024:20:34:41 -0400] "GET /mysql/tbl_structure.php?db=intra&table=usager&token=761939b7a6c51bb4d8c3d94c943153a1&ajax_request=true&ajax_page_request=true&_nocache=1728434081629928068 HTTP/1.1" 200 7089
::1 - - [08/Oct/2024:20:34:41 -0400] "GET /mysql/index.php?ajax_request=1&recent_table=1&token=761939b7a6c51bb4d8c3d94c943153a1&no_debug=true&_nocache=1728434081887411250 HTTP/1.1" 200 1482
::1 - - [08/Oct/2024:20:34:49 -0400] "GET /mysql/sql.php?db=intra&table=usager&token=761939b7a6c51bb4d8c3d94c943153a1&pos=0&ajax_request=true&ajax_page_request=true&_nocache=1728434089462612058 HTTP/1.1" 200 7470
::1 - - [08/Oct/2024:20:34:49 -0400] "GET /mysql/index.php?ajax_request=1&recent_table=1&token=761939b7a6c51bb4d8c3d94c943153a1&no_debug=true&_nocache=1728434089757533898 HTTP/1.1" 200 1482
::1 - - [08/Oct/2024:20:35:31 -0400] "GET /mysql/themes/pmahomme/jquery/images/ui-bg_flat_75_ffffff_40x100.png HTTP/1.1" 200 247
::1 - - [08/Oct/2024:20:35:31 -0400] "GET /mysql/themes/pmahomme/jquery/images/ui-bg_highlight-soft_75_cccccc_1x100.png HTTP/1.1" 200 319
::1 - - [08/Oct/2024:20:35:31 -0400] "GET /mysql/themes/pmahomme/jquery/images/ui-bg_glass_75_e6e6e6_1x400.png HTTP/1.1" 200 301
::1 - - [08/Oct/2024:20:35:31 -0400] "GET /mysql/themes/pmahomme/jquery/images/ui-icons_888888_256x240.png HTTP/1.1" 200 7092
::1 - - [08/Oct/2024:20:35:31 -0400] "GET /mysql/themes/pmahomme/jquery/images/ui-icons_222222_256x240.png HTTP/1.1" 200 7006
::1 - - [08/Oct/2024:20:35:31 -0400] "GET /mysql/themes/pmahomme/jquery/images/ui-bg_flat_0_aaaaaa_40x100.png HTTP/1.1" 200 251
::1 - - [08/Oct/2024:20:35:31 -0400] "GET /mysql/themes/pmahomme/jquery/images/ui-bg_glass_75_dadada_1x400.png HTTP/1.1" 200 301
::1 - - [08/Oct/2024:20:35:32 -0400] "GET /mysql/themes/pmahomme/jquery/images/ui-bg_glass_65_ffffff_1x400.png HTTP/1.1" 200 246
::1 - - [08/Oct/2024:20:35:32 -0400] "GET /mysql/sql.php?db=intra&table=usager&sql_query=DELETE+FROM+%60usager%60+WHERE+%60usager%60.%60id%60+%3D+3&message_to_show=La+ligne+a+%C3%A9t%C3%A9+effac%C3%A9e.&goto=sql.php%3Fdb%3Dintra%26table%3Dusager%26sql_query%3DSELECT%2B%252A%2BFROM%2B%2560usager%2560%26message_to_show%3DLa%2Bligne%2Ba%2B%25C3%25A9t%25C3%25A9%2Beffac%25C3%25A9e.%26goto%3Dtbl_sql.php%26token%3D761939b7a6c51bb4d8c3d94c943153a1&token=761939b7a6c51bb4d8c3d94c943153a1&ajax_request=true&is_js_confirmed=true&_nocache=1728434132316754436 HTTP/1.1" 200 1930
::1 - - [08/Oct/2024:20:35:34 -0400] "GET /mysql/sql.php?db=intra&table=usager&sql_query=DELETE+FROM+%60usager%60+WHERE+%60usager%60.%60id%60+%3D+5&message_to_show=La+ligne+a+%C3%A9t%C3%A9+effac%C3%A9e.&goto=sql.php%3Fdb%3Dintra%26table%3Dusager%26sql_query%3DSELECT%2B%252A%2BFROM%2B%2560usager%2560%26message_to_show%3DLa%2Bligne%2Ba%2B%25C3%25A9t%25C3%25A9%2Beffac%25C3%25A9e.%26goto%3Dtbl_sql.php%26token%3D761939b7a6c51bb4d8c3d94c943153a1&token=761939b7a6c51bb4d8c3d94c943153a1&ajax_request=true&is_js_confirmed=true&_nocache=1728434134436534128 HTTP/1.1" 200 1932
::1 - - [08/Oct/2024:20:36:28 -0400] "GET /mysql/sql.php?server=1&db=intra&table=usager&pos=0&token=c1e09eb693150d01c47ec0d3131b6040 HTTP/1.1" 200 10928
::1 - - [08/Oct/2024:20:36:28 -0400] "GET /mysql/js/get_scripts.js.php?scripts%5B%5D=common.js&scripts%5B%5D=config.js&scripts%5B%5D=page_settings.js&scripts%5B%5D=jquery/jquery.uitablefilter.js&scripts%5B%5D=tbl_change.js&scripts%5B%5D=gis_data_editor.js&scripts%5B%5D=multi_column_sort.js&scripts%5B%5D=codemirror/lib/codemirror.js&scripts%5B%5D=codemirror/mode/sql/sql.js&scripts%5B%5D=codemirror/addon/runmode/runmode.js&scripts%5B%5D=codemirror/addon/hint/show-hint.js&scripts%5B%5D=codemirror/addon/hint/sql-hint.js&scripts%5B%5D=codemirror/addon/lint/lint.js&scripts%5B%5D=codemirror/addon/lint/sql-lint.js&scripts%5B%5D=console.js&v=4.5.4.1 HTTP/1.1" 200 141106
::1 - - [08/Oct/2024:20:36:28 -0400] "GET /mysql/index.php?ajax_request=1&recent_table=1&token=761939b7a6c51bb4d8c3d94c943153a1&no_debug=true&_nocache=1728434188747896236 HTTP/1.1" 200 1482
::1 - - [08/Oct/2024:20:36:34 -0400] "GET /mysql/navigation.php?ajax_request=1&token=761939b7a6c51bb4d8c3d94c943153a1&aPath=cm9vdA%3D%3D.aW50cmE%3D&vPath=cm9vdA%3D%3D.aW50cmE%3D&pos=0&pos2_name=&pos2_value=&searchClause=&searchClause2=&_nocache=1728434194343820215 HTTP/1.1" 200 1922
::1 - - [08/Oct/2024:20:58:45 -0400] "POST /mysql/index.php HTTP/1.1" 200 1540
::1 - - [08/Oct/2024:21:00:24 -0400] "POST /mysql/index.php HTTP/1.1" 200 1540
::1 - - [08/Oct/2024:21:01:11 -0400] "GET /mysql/sql.php?server=1&db=intra&table=usager&pos=0&token=c1e09eb693150d01c47ec0d3131b6040 HTTP/1.1" 200 10952
::1 - - [08/Oct/2024:21:01:11 -0400] "GET /mysql/index.php?ajax_request=1&recent_table=1&token=761939b7a6c51bb4d8c3d94c943153a1&no_debug=true&_nocache=1728435671478932504 HTTP/1.1" 200 1482
::1 - - [08/Oct/2024:21:01:14 -0400] "GET /css/bootstrap.min.css HTTP/1.1" 404 319
::1 - - [08/Oct/2024:21:01:14 -0400] "GET /js/bootstrap.min.js HTTP/1.1" 404 317
::1 - - [08/Oct/2024:21:01:14 -0400] "GET /favicon.ico HTTP/1.1" 404 309
::1 - - [08/Oct/2024:21:01:53 -0400] "GET /projet_intra HTTP/1.1" 301 338
::1 - - [08/Oct/2024:21:01:53 -0400] "GET /projet_intra/ HTTP/1.1" 200 5267
::1 - - [08/Oct/2024:21:01:53 -0400] "GET /projet_intra/css/style.css HTTP/1.1" 200 27
::1 - - [08/Oct/2024:21:04:48 -0400] "GET /projet_intra/ HTTP/1.1" 200 5272
::1 - - [08/Oct/2024:21:04:49 -0400] "GET /projet_intra/connexion.php HTTP/1.1" 200 2411
::1 - - [08/Oct/2024:21:37:47 -0400] "GET /projet_intra/connexion.php HTTP/1.1" 200 1150
::1 - - [08/Oct/2024:21:37:47 -0400] "GET /favicon.ico HTTP/1.1" 404 309
::1 - - [08/Oct/2024:21:37:48 -0400] "GET /projet_intra/connexion.php HTTP/1.1" 200 1150
::1 - - [08/Oct/2024:21:37:48 -0400] "GET /projet_intra/connexion.php HTTP/1.1" 200 1150
::1 - - [08/Oct/2024:22:01:12 -0400] "GET /projet_intra/ HTTP/1.1" 200 5262
::1 - - [08/Oct/2024:22:01:33 -0400] "GET /projet_intra/ HTTP/1.1" 200 4458
::1 - - [08/Oct/2024:22:04:22 -0400] "GET /mysql/ HTTP/1.1" 200 3115
::1 - - [08/Oct/2024:22:04:22 -0400] "GET /mysql/js/whitelist.php?lang=fr&db=&token=761939b7a6c51bb4d8c3d94c943153a1&v=4.5.4.1 HTTP/1.1" 200 482
::1 - - [08/Oct/2024:22:04:22 -0400] "GET /mysql/js/messages.php?lang=fr&db=&token=761939b7a6c51bb4d8c3d94c943153a1&v=4.5.4.1 HTTP/1.1" 200 9507
::1 - - [08/Oct/2024:22:04:26 -0400] "POST /mysql/index.php HTTP/1.1" 302 25
::1 - - [08/Oct/2024:22:04:26 -0400] "GET /mysql/index.php?token=761939b7a6c51bb4d8c3d94c943153a1 HTTP/1.1" 200 13796
::1 - - [08/Oct/2024:22:04:26 -0400] "POST /mysql/db_structure.php?ajax_request=1&favorite_table=1&sync_favorite_tables=1&token=761939b7a6c51bb4d8c3d94c943153a1 HTTP/1.1" 200 164
::1 - - [08/Oct/2024:22:04:26 -0400] "GET /mysql/version_check.php?server=1&_nocache=1728439466596688642 HTTP/1.1" 200 40
::1 - - [08/Oct/2024:22:04:32 -0400] "GET /mysql/navigation.php?ajax_request=1&token=761939b7a6c51bb4d8c3d94c943153a1&aPath=cm9vdA%3D%3D.aW50cmE%3D&vPath=cm9vdA%3D%3D.aW50cmE%3D&pos=0&pos2_name=&pos2_value=&searchClause=&searchClause2=&_nocache=1728439472002131921 HTTP/1.1" 200 1922
::1 - - [08/Oct/2024:22:04:34 -0400] "GET /mysql/sql.php?server=1&db=intra&table=usager&pos=0&token=761939b7a6c51bb4d8c3d94c943153a1&ajax_request=true&ajax_page_request=true&_nocache=172843947447630639 HTTP/1.1" 200 4643
::1 - - [08/Oct/2024:22:04:34 -0400] "GET /mysql/js/get_scripts.js.php?scripts%5B%5D=jquery/jquery.uitablefilter.js&scripts%5B%5D=tbl_change.js&scripts%5B%5D=gis_data_editor.js&scripts%5B%5D=multi_column_sort.js&call_done=1&v=4.5.4.1 HTTP/1.1" 200 12242
::1 - - [08/Oct/2024:22:04:34 -0400] "POST /mysql/navigation.php?ajax_request=1&token=761939b7a6c51bb4d8c3d94c943153a1 HTTP/1.1" 200 2639
::1 - - [08/Oct/2024:22:04:34 -0400] "GET /mysql/index.php?ajax_request=1&recent_table=1&token=761939b7a6c51bb4d8c3d94c943153a1&no_debug=true&_nocache=172843947488924506 HTTP/1.1" 200 1482
::1 - - [08/Oct/2024:22:04:39 -0400] "GET /mysql/tbl_change.php?db=intra&table=usager&token=761939b7a6c51bb4d8c3d94c943153a1&ajax_request=true&ajax_page_request=true&_nocache=172843947967044866 HTTP/1.1" 200 6911
::1 - - [08/Oct/2024:22:04:40 -0400] "GET /mysql/js/get_scripts.js.php?scripts%5B%5D=sql.js&scripts%5B%5D=big_ints.js&scripts%5B%5D=jquery/jquery.validate.js&scripts%5B%5D=jquery/additional-methods.js&call_done=1&v=4.5.4.1 HTTP/1.1" 200 29861
::1 - - [08/Oct/2024:22:04:40 -0400] "GET /mysql/index.php?ajax_request=1&recent_table=1&token=761939b7a6c51bb4d8c3d94c943153a1&no_debug=true&_nocache=1728439480198782308 HTTP/1.1" 200 1482
::1 - - [08/Oct/2024:22:05:59 -0400] "POST /mysql/tbl_replace.php HTTP/1.1" 200 5347
::1 - - [08/Oct/2024:22:06:00 -0400] "GET /mysql/js/get_scripts.js.php?scripts%5B%5D=makegrid.js&call_done=1&v=4.5.4.1 HTTP/1.1" 200 17517
::1 - - [08/Oct/2024:22:06:00 -0400] "GET /mysql/index.php?ajax_request=1&recent_table=1&token=761939b7a6c51bb4d8c3d94c943153a1&no_debug=true&_nocache=1728439560150778549 HTTP/1.1" 200 1482
::1 - - [08/Oct/2024:22:06:00 -0400] "POST /mysql/lint.php HTTP/1.1" 200 269
::1 - - [08/Oct/2024:22:06:46 -0400] "GET /mysql/sql.php?db=intra&table=usager&server=1&target=&token=761939b7a6c51bb4d8c3d94c943153a1&ajax_request=true&ajax_page_request=true&_nocache=1728439606015912425 HTTP/1.1" 200 7091
::1 - - [08/Oct/2024:22:06:46 -0400] "GET /mysql/index.php?ajax_request=1&recent_table=1&token=761939b7a6c51bb4d8c3d94c943153a1&no_debug=true&_nocache=1728439606340659546 HTTP/1.1" 200 1482
::1 - - [08/Oct/2024:22:06:46 -0400] "POST /mysql/navigation.php?ajax_request=1&token=761939b7a6c51bb4d8c3d94c943153a1 HTTP/1.1" 200 2639
::1 - - [08/Oct/2024:22:07:54 -0400] "POST /projet_intra/connexion.php HTTP/1.1" 200 2320
::1 - - [08/Oct/2024:22:08:00 -0400] "GET /projet_intra/connexion.php HTTP/1.1" 200 1150
::1 - - [08/Oct/2024:22:08:04 -0400] "POST /projet_intra/connexion.php HTTP/1.1" 200 2320
::1 - - [08/Oct/2024:22:08:10 -0400] "GET /projet_intra/connexion.php HTTP/1.1" 200 1150
::1 - - [08/Oct/2024:22:08:15 -0400] "POST /projet_intra/connexion.php HTTP/1.1" 200 2320
::1 - - [08/Oct/2024:22:14:15 -0400] "POST /projet_intra/connexion.php HTTP/1.1" 200 2320
::1 - - [08/Oct/2024:22:14:16 -0400] "POST /projet_intra/connexion.php HTTP/1.1" 200 2320
::1 - - [08/Oct/2024:22:14:17 -0400] "GET /projet_intra/connexion.php HTTP/1.1" 200 1150
::1 - - [08/Oct/2024:22:14:20 -0400] "POST /projet_intra/connexion.php HTTP/1.1" 200 2320
::1 - - [08/Oct/2024:22:23:45 -0400] "POST /projet_intra/connexion.php HTTP/1.1" 200 400
::1 - - [08/Oct/2024:22:23:45 -0400] "GET /favicon.ico HTTP/1.1" 404 309
::1 - - [08/Oct/2024:22:23:58 -0400] "POST /projet_intra/connexion.php HTTP/1.1" 200 2411
::1 - - [08/Oct/2024:22:23:58 -0400] "POST /projet_intra/connexion.php HTTP/1.1" 200 2411
::1 - - [08/Oct/2024:22:23:59 -0400] "POST /projet_intra/connexion.php HTTP/1.1" 200 2411
::1 - - [08/Oct/2024:22:24:11 -0400] "POST /projet_intra/connexion.php HTTP/1.1" 200 2320
::1 - - [08/Oct/2024:22:24:11 -0400] "POST /projet_intra/connexion.php HTTP/1.1" 200 2320
::1 - - [08/Oct/2024:22:25:13 -0400] "POST /projet_intra/connexion.php HTTP/1.1" 200 2320
::1 - - [08/Oct/2024:22:25:13 -0400] "POST /projet_intra/connexion.php HTTP/1.1" 200 2320
::1 - - [08/Oct/2024:22:30:42 -0400] "POST /mysql/index.php HTTP/1.1" 200 1540
::1 - - [08/Oct/2024:22:33:01 -0400] "POST /projet_intra/connexion.php HTTP/1.1" 200 2179
::1 - - [08/Oct/2024:22:33:56 -0400] "POST /projet_intra/connexion.php HTTP/1.1" 200 2179
::1 - - [08/Oct/2024:22:34:01 -0400] "POST /projet_intra/connexion.php HTTP/1.1" 200 1162
::1 - - [08/Oct/2024:22:34:13 -0400] "POST /projet_intra/connexion.php HTTP/1.1" 200 1190
::1 - - [08/Oct/2024:22:52:31 -0400] "POST /mysql/index.php HTTP/1.1" 200 1540
::1 - - [08/Oct/2024:23:08:37 -0400] "POST /projet_intra/connexion.php HTTP/1.1" 200 397
::1 - - [08/Oct/2024:23:08:38 -0400] "POST /projet_intra/connexion.php HTTP/1.1" 200 397
::1 - - [08/Oct/2024:23:08:38 -0400] "POST /projet_intra/connexion.php HTTP/1.1" 200 397
::1 - - [08/Oct/2024:23:13:53 -0400] "GET /projet_intra/connexion.php HTTP/1.1" 200 397
::1 - - [08/Oct/2024:23:13:53 -0400] "GET /favicon.ico HTTP/1.1" 404 309
::1 - - [08/Oct/2024:23:13:58 -0400] "POST /mysql/index.php HTTP/1.1" 200 1540
::1 - - [08/Oct/2024:23:15:50 -0400] "GET /projet_intra/connexion.php HTTP/1.1" 200 397
::1 - - [08/Oct/2024:23:15:50 -0400] "GET /favicon.ico HTTP/1.1" 404 309
::1 - - [08/Oct/2024:23:18:40 -0400] "GET /mysql/index.php?db=&table=&server=1&target=&token=761939b7a6c51bb4d8c3d94c943153a1&ajax_request=true&ajax_page_request=true&_nocache=1728443920449702396 HTTP/1.1" 200 6853
::1 - - [08/Oct/2024:23:18:40 -0400] "POST /mysql/db_structure.php?ajax_request=1&favorite_table=1&sync_favorite_tables=1&token=761939b7a6c51bb4d8c3d94c943153a1 HTTP/1.1" 200 164
::1 - - [08/Oct/2024:23:18:40 -0400] "GET /mysql/version_check.php?server=1&_nocache=1728443920746252910 HTTP/1.1" 200 40
::1 - - [08/Oct/2024:23:18:40 -0400] "POST /mysql/navigation.php?ajax_request=1&token=761939b7a6c51bb4d8c3d94c943153a1 HTTP/1.1" 200 2639
::1 - - [08/Oct/2024:23:21:41 -0400] "GET /projet_intra/connexion.php HTTP/1.1" 200 1144
::1 - - [09/Oct/2024:18:57:09 -0400] "GET /projet_intra HTTP/1.1" 301 338
::1 - - [09/Oct/2024:18:57:09 -0400] "GET /projet_intra HTTP/1.1" 301 338
::1 - - [09/Oct/2024:18:57:09 -0400] "GET /projet_intra/ HTTP/1.1" 302 478
::1 - - [09/Oct/2024:18:57:10 -0400] "GET /projet_intra/connexion.php HTTP/1.1" 200 1144
::1 - - [09/Oct/2024:18:57:19 -0400] "GET /projetintra HTTP/1.1" 404 309
::1 - - [09/Oct/2024:18:57:21 -0400] "GET /projetintra HTTP/1.1" 404 309
::1 - - [09/Oct/2024:18:57:22 -0400] "GET /projetintra HTTP/1.1" 404 309
::1 - - [09/Oct/2024:18:57:22 -0400] "GET /projetintra HTTP/1.1" 404 309
::1 - - [09/Oct/2024:18:57:27 -0400] "GET /projet_intra/ HTTP/1.1" 302 478
::1 - - [09/Oct/2024:18:57:27 -0400] "GET /projet_intra/connexion.php HTTP/1.1" 200 1144
::1 - - [09/Oct/2024:18:57:38 -0400] "POST /projet_intra/connexion.php HTTP/1.1" 200 1162
::1 - - [09/Oct/2024:19:49:30 -0400] "POST /projet_intra/connexion.php HTTP/1.1" 302 316
::1 - - [09/Oct/2024:19:49:30 -0400] "GET /projet_intra/index.php HTTP/1.1" 200 5257
::1 - - [09/Oct/2024:19:49:31 -0400] "GET /projet_intra/css/style.css HTTP/1.1" 200 27
::1 - - [09/Oct/2024:19:49:33 -0400] "GET /projet_intra/connexion.php HTTP/1.1" 200 1146
::1 - - [09/Oct/2024:19:49:35 -0400] "GET /projet_intra/connexion.php HTTP/1.1" 200 1146
::1 - - [09/Oct/2024:19:49:39 -0400] "GET /projet_intra/ HTTP/1.1" 200 5257
::1 - - [09/Oct/2024:19:50:11 -0400] "GET /projet_intra/ HTTP/1.1" 200 4459
::1 - - [09/Oct/2024:19:50:30 -0400] "GET /projet_intra/connexion.php HTTP/1.1" 200 1146
::1 - - [09/Oct/2024:19:50:37 -0400] "POST /projet_intra/connexion.php HTTP/1.1" 302 316
::1 - - [09/Oct/2024:19:50:37 -0400] "GET /projet_intra/index.php HTTP/1.1" 200 4459
::1 - - [09/Oct/2024:19:50:39 -0400] "GET /projet_intra/connexion.php HTTP/1.1" 200 1146
::1 - - [09/Oct/2024:19:50:44 -0400] "POST /projet_intra/connexion.php HTTP/1.1" 200 1192
::1 - - [09/Oct/2024:19:50:51 -0400] "GET /projet_intra/ HTTP/1.1" 200 4459
::1 - - [09/Oct/2024:19:50:56 -0400] "GET / HTTP/1.1" 200 1785
::1 - - [09/Oct/2024:19:50:56 -0400] "GET /css/bootstrap.min.css HTTP/1.1" 404 319
::1 - - [09/Oct/2024:19:50:56 -0400] "GET /js/bootstrap.min.js HTTP/1.1" 404 317
::1 - - [09/Oct/2024:19:51:00 -0400] "GET /?matricule=2150522&password= HTTP/1.1" 200 1785
::1 - - [09/Oct/2024:19:51:00 -0400] "GET /css/bootstrap.min.css HTTP/1.1" 404 319
::1 - - [09/Oct/2024:19:51:00 -0400] "GET /js/bootstrap.min.js HTTP/1.1" 404 317
::1 - - [09/Oct/2024:19:51:07 -0400] "GET /css/bootstrap.min.css HTTP/1.1" 404 319
::1 - - [09/Oct/2024:19:51:07 -0400] "GET /js/bootstrap.min.js HTTP/1.1" 404 317
::1 - - [09/Oct/2024:19:51:18 -0400] "GET /HelloPHPWorld/traitement.php?nom=slay&secret=https%3A%2F%2Fupload.wikimedia.org%2Fwikipedia%2Fcommons%2F3%2F38%2FFlower_July_2011-2_1_cropped.jpg&jeu=Sim&citation=It%27s+a+beautiful+day+to+save+lives HTTP/1.1" 200 970
::1 - - [09/Oct/2024:19:51:18 -0400] "GET /HelloPHPWorld/style.css HTTP/1.1" 200 235
::1 - - [09/Oct/2024:19:51:33 -0400] "GET /css/bootstrap.min.css HTTP/1.1" 404 319
::1 - - [09/Oct/2024:19:51:33 -0400] "GET /js/bootstrap.min.js HTTP/1.1" 404 317
::1 - - [09/Oct/2024:19:51:42 -0400] "GET /projet_intra/ HTTP/1.1" 200 4459
::1 - - [09/Oct/2024:19:52:28 -0400] "GET /projet_intra/ HTTP/1.1" 200 4459
::1 - - [09/Oct/2024:19:52:29 -0400] "GET /projet_intra/ HTTP/1.1" 200 4459
::1 - - [09/Oct/2024:19:52:32 -0400] "GET /projet_intra/ HTTP/1.1" 200 4459
::1 - - [09/Oct/2024:19:52:32 -0400] "GET /projet_intra/ HTTP/1.1" 200 4459
::1 - - [09/Oct/2024:19:52:32 -0400] "GET /projet_intra/ HTTP/1.1" 200 4459
::1 - - [09/Oct/2024:19:52:33 -0400] "GET /projet_intra/ HTTP/1.1" 200 4459
::1 - - [09/Oct/2024:19:52:33 -0400] "GET /projet_intra/ HTTP/1.1" 200 4459
::1 - - [09/Oct/2024:19:52:33 -0400] "GET /projet_intra/ HTTP/1.1" 200 4459
::1 - - [09/Oct/2024:19:52:51 -0400] "GET /css/bootstrap.min.css HTTP/1.1" 404 319
::1 - - [09/Oct/2024:19:52:51 -0400] "GET /js/bootstrap.min.js HTTP/1.1" 404 317
::1 - - [09/Oct/2024:19:52:54 -0400] "GET /?matricule=&password= HTTP/1.1" 200 1785
::1 - - [09/Oct/2024:19:52:54 -0400] "GET /css/bootstrap.min.css HTTP/1.1" 404 319
::1 - - [09/Oct/2024:19:52:54 -0400] "GET /js/bootstrap.min.js HTTP/1.1" 404 317
::1 - - [09/Oct/2024:19:53:01 -0400] "GET /?matricule=2150522&password=s872gkl3g6 HTTP/1.1" 200 1785
::1 - - [09/Oct/2024:19:53:01 -0400] "GET /css/bootstrap.min.css HTTP/1.1" 404 319
::1 - - [09/Oct/2024:19:53:01 -0400] "GET /js/bootstrap.min.js HTTP/1.1" 404 317
::1 - - [09/Oct/2024:19:53:05 -0400] "GET /?matricule=root&password= HTTP/1.1" 200 1785
::1 - - [09/Oct/2024:19:53:05 -0400] "GET /css/bootstrap.min.css HTTP/1.1" 404 319
::1 - - [09/Oct/2024:19:53:05 -0400] "GET /js/bootstrap.min.js HTTP/1.1" 404 317
::1 - - [09/Oct/2024:19:53:09 -0400] "GET /?matricule=root&password=root HTTP/1.1" 200 1785
::1 - - [09/Oct/2024:19:53:09 -0400] "GET /css/bootstrap.min.css HTTP/1.1" 404 319
::1 - - [09/Oct/2024:19:53:09 -0400] "GET /js/bootstrap.min.js HTTP/1.1" 404 317
::1 - - [09/Oct/2024:20:10:25 -0400] "GET /css/bootstrap.min.css HTTP/1.1" 404 319
::1 - - [09/Oct/2024:20:10:25 -0400] "GET /js/bootstrap.min.js HTTP/1.1" 404 317
::1 - - [09/Oct/2024:20:10:31 -0400] "GET /projet_intra/ HTTP/1.1" 200 4459
::1 - - [09/Oct/2024:20:32:57 -0400] "GET /projet_intra/ HTTP/1.1" 200 4455
::1 - - [09/Oct/2024:20:35:07 -0400] "GET /projet_intra/ HTTP/1.1" 200 4438
::1 - - [09/Oct/2024:20:35:09 -0400] "GET /projet_intra/connexion.php HTTP/1.1" 200 1146
::1 - - [09/Oct/2024:20:35:46 -0400] "GET /projet_intra/ HTTP/1.1" 200 4424
::1 - - [09/Oct/2024:20:35:47 -0400] "GET /projet_intra/deconnexion.php HTTP/1.1" 302 310
::1 - - [09/Oct/2024:20:35:47 -0400] "GET /projet_intra/connexion.php HTTP/1.1" 200 1146
::1 - - [09/Oct/2024:20:35:55 -0400] "POST /projet_intra/connexion.php HTTP/1.1" 200 1192
::1 - - [09/Oct/2024:20:36:14 -0400] "GET /projet_intra/ HTTP/1.1" 302 478
::1 - - [09/Oct/2024:20:36:14 -0400] "GET /projet_intra/connexion.php HTTP/1.1" 200 1146
::1 - - [09/Oct/2024:20:36:20 -0400] "GET /projet_intra/index.php HTTP/1.1" 302 478
::1 - - [09/Oct/2024:20:36:20 -0400] "GET /projet_intra/connexion.php HTTP/1.1" 200 1146
::1 - - [09/Oct/2024:20:36:26 -0400] "POST /projet_intra/connexion.php HTTP/1.1" 302 316
::1 - - [09/Oct/2024:20:36:26 -0400] "GET /projet_intra/index.php HTTP/1.1" 200 4424
::1 - - [09/Oct/2024:20:37:18 -0400] "GET /projet_intra/deconnexion.php HTTP/1.1" 200 1144
::1 - - [09/Oct/2024:20:37:21 -0400] "GET /projet_intra/deconnexion.php HTTP/1.1" 200 1144
::1 - - [09/Oct/2024:20:37:23 -0400] "GET /projet_intra/deconnexion.php HTTP/1.1" 200 1144
::1 - - [09/Oct/2024:20:39:18 -0400] "GET /projet_intra/deconnexion.php HTTP/1.1" 200 1142
::1 - - [09/Oct/2024:20:39:22 -0400] "GET /projet_intra/deconnexion.php HTTP/1.1" 200 1142
::1 - - [09/Oct/2024:20:39:23 -0400] "GET /projet_intra/index.php HTTP/1.1" 200 4424
::1 - - [09/Oct/2024:20:39:24 -0400] "GET /projet_intra/connexion.php HTTP/1.1" 200 1146
::1 - - [09/Oct/2024:20:39:25 -0400] "GET /projet_intra/index.php HTTP/1.1" 200 4424
::1 - - [09/Oct/2024:20:39:26 -0400] "GET /projet_intra/deconnexion.php HTTP/1.1" 200 1142
::1 - - [09/Oct/2024:20:39:27 -0400] "GET /projet_intra/deconnexion.php HTTP/1.1" 200 1142
::1 - - [09/Oct/2024:20:39:40 -0400] "GET /projet_intra/deconnexion.php HTTP/1.1" 200 1148
::1 - - [09/Oct/2024:20:39:42 -0400] "GET /projet_intra/deconnexion.php HTTP/1.1" 200 1148
::1 - - [09/Oct/2024:20:39:43 -0400] "GET /projet_intra/deconnexion.php HTTP/1.1" 200 1148
::1 - - [09/Oct/2024:20:39:45 -0400] "GET /projet_intra/index.php HTTP/1.1" 200 4424
::1 - - [09/Oct/2024:20:43:10 -0400] "GET /projet_intra/deconnexion.php HTTP/1.1" 200 1163
::1 - - [09/Oct/2024:20:43:12 -0400] "GET /projet_intra/deconnexion.php?action=logout HTTP/1.1" 302 316
::1 - - [09/Oct/2024:20:43:12 -0400] "GET /projet_intra/connexion.php HTTP/1.1" 200 1146
::1 - - [09/Oct/2024:20:50:56 -0400] "GET /projet_intra/deconnexion.php HTTP/1.1" 302 316
::1 - - [09/Oct/2024:20:50:56 -0400] "GET /projet_intra/connexion.php HTTP/1.1" 200 1146
::1 - - [09/Oct/2024:20:55:29 -0400] "GET /mysql/ HTTP/1.1" 200 3087
::1 - - [09/Oct/2024:20:55:32 -0400] "GET /mysql/themes/pmahomme/jquery/jquery-ui-1.11.2.css HTTP/1.1" 200 35212
::1 - - [09/Oct/2024:20:55:32 -0400] "GET /mysql/js/codemirror/lib/codemirror.css?v=4.5.4.1 HTTP/1.1" 200 7771
::1 - - [09/Oct/2024:20:55:32 -0400] "GET /mysql/js/codemirror/addon/hint/show-hint.css?v=4.5.4.1 HTTP/1.1" 200 662
::1 - - [09/Oct/2024:20:55:32 -0400] "GET /mysql/themes/pmahomme/css/printview.css?v=4.5.4.1 HTTP/1.1" 200 3082
::1 - - [09/Oct/2024:20:55:32 -0400] "GET /mysql/js/codemirror/addon/lint/lint.css?v=4.5.4.1 HTTP/1.1" 200 3068
::1 - - [09/Oct/2024:20:55:32 -0400] "GET /mysql/phpmyadmin.css.php?nocache=4363642758ltr HTTP/1.1" 200 20076
::1 - - [09/Oct/2024:20:55:33 -0400] "GET /mysql/themes/pmahomme/img/logo_right.png HTTP/1.1" 200 4548
::1 - - [09/Oct/2024:20:55:33 -0400] "GET /mysql/themes/dot.gif HTTP/1.1" 200 43
::1 - - [09/Oct/2024:20:55:32 -0400] "GET /mysql/js/whitelist.php?lang=fr&db=&collation_connection=utf8_unicode_ci&token=191070ace005cd755475d22003f81cbd&v=4.5.4.1 HTTP/1.1" 200 482
::1 - - [09/Oct/2024:20:55:32 -0400] "GET /mysql/js/get_scripts.js.php?scripts%5B%5D=jquery/jquery-1.11.1.min.js&scripts%5B%5D=sprintf.js&scripts%5B%5D=ajax.js&scripts%5B%5D=keyhandler.js&scripts%5B%5D=jquery/jquery-ui-1.11.2.min.js&scripts%5B%5D=jquery/jquery.cookie.js&scripts%5B%5D=jquery/jquery.mousewheel.js&scripts%5B%5D=jquery/jquery.event.drag-2.2.js&scripts%5B%5D=jquery/jquery-ui-timepicker-addon.js&scripts%5B%5D=jquery/jquery.ba-hashchange-1.3.js&scripts%5B%5D=jquery/jquery.debounce-1.0.5.js&scripts%5B%5D=menu-resizer.js&scripts%5B%5D=cross_framing_protection.js&scripts%5B%5D=rte.js&scripts%5B%5D=tracekit/tracekit.js&scripts%5B%5D=error_report.js&scripts%5B%5D=doclinks.js&scripts%5B%5D=functions.js&scripts%5B%5D=navigation.js&scripts%5B%5D=indexes.js&v=4.5.4.1 HTTP/1.1" 200 216429
::1 - - [09/Oct/2024:20:55:32 -0400] "GET /mysql/js/get_scripts.js.php?scripts%5B%5D=common.js&scripts%5B%5D=config.js&scripts%5B%5D=page_settings.js&scripts%5B%5D=codemirror/lib/codemirror.js&scripts%5B%5D=codemirror/mode/sql/sql.js&scripts%5B%5D=codemirror/addon/runmode/runmode.js&scripts%5B%5D=codemirror/addon/hint/show-hint.js&scripts%5B%5D=codemirror/addon/hint/sql-hint.js&scripts%5B%5D=codemirror/addon/lint/lint.js&scripts%5B%5D=codemirror/addon/lint/sql-lint.js&scripts%5B%5D=console.js&v=4.5.4.1 HTTP/1.1" 200 129440
::1 - - [09/Oct/2024:20:55:32 -0400] "GET /mysql/js/get_image.js.php?theme=pmahomme&v=4.5.4.1 HTTP/1.1" 200 1822
::1 - - [09/Oct/2024:20:55:32 -0400] "GET /mysql/js/messages.php?lang=fr&db=&collation_connection=utf8_unicode_ci&token=191070ace005cd755475d22003f81cbd&v=4.5.4.1 HTTP/1.1" 200 9507
::1 - - [09/Oct/2024:20:55:35 -0400] "GET /mysql/themes/pmahomme/img/sprites.png?v=4.5.4.1 HTTP/1.1" 200 46795
::1 - - [09/Oct/2024:20:55:36 -0400] "GET /mysql/favicon.ico HTTP/1.1" 200 22486
::1 - - [09/Oct/2024:20:55:41 -0400] "POST /mysql/index.php HTTP/1.1" 302 25
::1 - - [09/Oct/2024:20:55:41 -0400] "GET /mysql/index.php?token=191070ace005cd755475d22003f81cbd HTTP/1.1" 200 13524
::1 - - [09/Oct/2024:20:55:43 -0400] "GET /mysql/themes/pmahomme/img/logo_left.png HTTP/1.1" 200 2327
::1 - - [09/Oct/2024:20:55:43 -0400] "GET /mysql/phpmyadmin.css.php?nocache=6092164500ltr HTTP/1.1" 200 20076
::1 - - [09/Oct/2024:20:55:43 -0400] "GET /mysql/js/whitelist.php?lang=fr&db=&token=191070ace005cd755475d22003f81cbd&v=4.5.4.1 HTTP/1.1" 200 482
::1 - - [09/Oct/2024:20:55:43 -0400] "GET /mysql/themes/pmahomme/img/ajax_clock_small.gif HTTP/1.1" 200 1810
::1 - - [09/Oct/2024:20:55:44 -0400] "GET /mysql/themes/pmahomme/img/s_collapseall.png HTTP/1.1" 200 170
::1 - - [09/Oct/2024:20:55:43 -0400] "GET /mysql/js/messages.php?lang=fr&db=&token=191070ace005cd755475d22003f81cbd&v=4.5.4.1 HTTP/1.1" 200 9507
::1 - - [09/Oct/2024:20:55:44 -0400] "GET /mysql/themes/pmahomme/img/left_nav_bg.png HTTP/1.1" 200 297
::1 - - [09/Oct/2024:20:55:44 -0400] "POST /mysql/db_structure.php?ajax_request=1&favorite_table=1&sync_favorite_tables=1&token=191070ace005cd755475d22003f81cbd HTTP/1.1" 200 164
::1 - - [09/Oct/2024:20:55:44 -0400] "GET /mysql/version_check.php?server=1&_nocache=1728521744342688406 HTTP/1.1" 200 40
::1 - - [09/Oct/2024:20:55:50 -0400] "GET /mysql/navigation.php?ajax_request=1&token=191070ace005cd755475d22003f81cbd&aPath=cm9vdA%3D%3D.aW50cmE%3D&vPath=cm9vdA%3D%3D.aW50cmE%3D&pos=0&pos2_name=&pos2_value=&searchClause=&searchClause2=&_nocache=1728521750511184086 HTTP/1.1" 200 1919
::1 - - [09/Oct/2024:20:58:28 -0400] "GET /mysql/sql.php?server=1&db=intra&table=usager&pos=0&token=191070ace005cd755475d22003f81cbd&ajax_request=true&ajax_page_request=true&_nocache=1728521908090108258 HTTP/1.1" 200 7095
::1 - - [09/Oct/2024:20:58:30 -0400] "GET /mysql/themes/pmahomme/img/s_fulltext.png HTTP/1.1" 200 193
::1 - - [09/Oct/2024:20:58:30 -0400] "GET /mysql/themes/pmahomme/img/arrow_ltr.png HTTP/1.1" 200 139
::1 - - [09/Oct/2024:20:58:30 -0400] "GET /mysql/js/get_scripts.js.php?scripts%5B%5D=jquery/jquery.uitablefilter.js&scripts%5B%5D=tbl_change.js&scripts%5B%5D=gis_data_editor.js&scripts%5B%5D=multi_column_sort.js&scripts%5B%5D=makegrid.js&scripts%5B%5D=sql.js&call_done=1&v=4.5.4.1 HTTP/1.1" 200 37074
::1 - - [09/Oct/2024:20:58:31 -0400] "GET /mysql/themes/pmahomme/img/col_pointer.png HTTP/1.1" 200 113
::1 - - [09/Oct/2024:20:58:31 -0400] "GET /mysql/themes/pmahomme/img/col_drop.png HTTP/1.1" 200 132
::1 - - [09/Oct/2024:20:58:31 -0400] "POST /mysql/navigation.php?ajax_request=1&token=191070ace005cd755475d22003f81cbd HTTP/1.1" 200 2637
::1 - - [09/Oct/2024:20:58:31 -0400] "GET /mysql/index.php?ajax_request=1&recent_table=1&token=191070ace005cd755475d22003f81cbd&no_debug=true&_nocache=1728521911385275013 HTTP/1.1" 200 1482
::1 - - [09/Oct/2024:20:58:42 -0400] "GET /mysql/tbl_change.php?db=intra&table=usager&token=191070ace005cd755475d22003f81cbd&ajax_request=true&ajax_page_request=true&_nocache=1728521922360316059 HTTP/1.1" 200 6910
::1 - - [09/Oct/2024:20:58:42 -0400] "GET /mysql/js/get_scripts.js.php?scripts%5B%5D=big_ints.js&scripts%5B%5D=jquery/jquery.validate.js&scripts%5B%5D=jquery/additional-methods.js&call_done=1&v=4.5.4.1 HTTP/1.1" 200 21848
::1 - - [09/Oct/2024:20:58:43 -0400] "GET /mysql/index.php?ajax_request=1&recent_table=1&token=191070ace005cd755475d22003f81cbd&no_debug=true&_nocache=1728521923319984011 HTTP/1.1" 200 1482
::1 - - [09/Oct/2024:21:08:41 -0400] "POST /mysql/tbl_replace.php HTTP/1.1" 200 5342
::1 - - [09/Oct/2024:21:08:42 -0400] "GET /mysql/index.php?ajax_request=1&recent_table=1&token=191070ace005cd755475d22003f81cbd&no_debug=true&_nocache=1728522522246229318 HTTP/1.1" 200 1482
::1 - - [09/Oct/2024:21:08:42 -0400] "POST /mysql/lint.php HTTP/1.1" 200 264
::1 - - [09/Oct/2024:21:08:47 -0400] "GET /mysql/sql.php?db=intra&table=usager&server=1&target=&token=191070ace005cd755475d22003f81cbd&ajax_request=true&ajax_page_request=true&_nocache=1728522527158722948 HTTP/1.1" 200 7512
::1 - - [09/Oct/2024:21:08:48 -0400] "GET /mysql/index.php?ajax_request=1&recent_table=1&token=191070ace005cd755475d22003f81cbd&no_debug=true&_nocache=1728522528099202380 HTTP/1.1" 200 1482
::1 - - [09/Oct/2024:21:08:48 -0400] "POST /mysql/navigation.php?ajax_request=1&token=191070ace005cd755475d22003f81cbd HTTP/1.1" 200 2637
::1 - - [09/Oct/2024:21:08:52 -0400] "GET /mysql/tbl_change.php?db=intra&table=usager&where_clause=%60usager%60.%60id%60+%3D+7&clause_is_unique=1&sql_query=SELECT+%2A+FROM+%60usager%60&goto=sql.php&default_action=update&token=191070ace005cd755475d22003f81cbd&ajax_request=true&ajax_page_request=true&_nocache=1728522532171764021 HTTP/1.1" 200 6437
::1 - - [09/Oct/2024:21:08:52 -0400] "GET /mysql/index.php?ajax_request=1&recent_table=1&token=191070ace005cd755475d22003f81cbd&no_debug=true&_nocache=172852253269331102 HTTP/1.1" 200 1482
::1 - - [09/Oct/2024:21:09:02 -0400] "POST /mysql/tbl_replace.php HTTP/1.1" 200 7732
::1 - - [09/Oct/2024:21:09:02 -0400] "GET /mysql/index.php?ajax_request=1&recent_table=1&token=191070ace005cd755475d22003f81cbd&no_debug=true&_nocache=17285225425767849 HTTP/1.1" 200 1482
::1 - - [09/Oct/2024:21:29:25 -0400] "GET /css/bootstrap.min.css HTTP/1.1" 404 319
::1 - - [09/Oct/2024:21:29:25 -0400] "GET /js/bootstrap.min.js HTTP/1.1" 404 317
::1 - - [09/Oct/2024:21:31:34 -0400] "GET /projet_intra/ HTTP/1.1" 302 478
::1 - - [09/Oct/2024:21:31:34 -0400] "GET /projet_intra/connexion.php HTTP/1.1" 200 1146
::1 - - [09/Oct/2024:21:31:39 -0400] "GET /projet_intra/connexion.php HTTP/1.1" 200 1146
::1 - - [09/Oct/2024:21:31:55 -0400] "POST /projet_intra/connexion.php HTTP/1.1" 302 316
::1 - - [09/Oct/2024:21:31:55 -0400] "GET /projet_intra/index.php HTTP/1.1" 200 4424
::1 - - [09/Oct/2024:21:32:18 -0400] "GET /projet_intra/deconnexion.php HTTP/1.1" 200 1163
::1 - - [09/Oct/2024:21:32:31 -0400] "GET /projet_intra/deconnexion.php?action=logout HTTP/1.1" 302 316
::1 - - [09/Oct/2024:21:32:31 -0400] "GET /projet_intra/connexion.php HTTP/1.1" 200 1146
::1 - - [09/Oct/2024:21:32:54 -0400] "POST /projet_intra/connexion.php HTTP/1.1" 200 1192
::1 - - [09/Oct/2024:21:33:04 -0400] "POST /projet_intra/connexion.php HTTP/1.1" 302 316
::1 - - [09/Oct/2024:21:33:04 -0400] "GET /projet_intra/index.php HTTP/1.1" 200 4424
::1 - - [21/Oct/2024:12:38:48 -0400] "GET /mysql/ HTTP/1.1" 200 3089
::1 - - [21/Oct/2024:12:38:50 -0400] "GET /mysql/js/whitelist.php?lang=fr&db=&collation_connection=utf8_unicode_ci&token=8200022e99cf7c0651e8ae384c7db34c&v=4.5.4.1 HTTP/1.1" 200 482
::1 - - [21/Oct/2024:12:38:50 -0400] "GET /mysql/phpmyadmin.css.php?nocache=4363642758ltr HTTP/1.1" 200 20076
::1 - - [21/Oct/2024:12:38:50 -0400] "GET /mysql/js/get_scripts.js.php?scripts%5B%5D=common.js&scripts%5B%5D=config.js&scripts%5B%5D=page_settings.js&scripts%5B%5D=codemirror/lib/codemirror.js&scripts%5B%5D=codemirror/mode/sql/sql.js&scripts%5B%5D=codemirror/addon/runmode/runmode.js&scripts%5B%5D=codemirror/addon/hint/show-hint.js&scripts%5B%5D=codemirror/addon/hint/sql-hint.js&scripts%5B%5D=codemirror/addon/lint/lint.js&scripts%5B%5D=codemirror/addon/lint/sql-lint.js&scripts%5B%5D=console.js&v=4.5.4.1 HTTP/1.1" 200 129440
::1 - - [21/Oct/2024:12:38:50 -0400] "GET /mysql/js/get_image.js.php?theme=pmahomme&v=4.5.4.1 HTTP/1.1" 200 1822
::1 - - [21/Oct/2024:12:38:50 -0400] "GET /mysql/js/get_scripts.js.php?scripts%5B%5D=jquery/jquery-1.11.1.min.js&scripts%5B%5D=sprintf.js&scripts%5B%5D=ajax.js&scripts%5B%5D=keyhandler.js&scripts%5B%5D=jquery/jquery-ui-1.11.2.min.js&scripts%5B%5D=jquery/jquery.cookie.js&scripts%5B%5D=jquery/jquery.mousewheel.js&scripts%5B%5D=jquery/jquery.event.drag-2.2.js&scripts%5B%5D=jquery/jquery-ui-timepicker-addon.js&scripts%5B%5D=jquery/jquery.ba-hashchange-1.3.js&scripts%5B%5D=jquery/jquery.debounce-1.0.5.js&scripts%5B%5D=menu-resizer.js&scripts%5B%5D=cross_framing_protection.js&scripts%5B%5D=rte.js&scripts%5B%5D=tracekit/tracekit.js&scripts%5B%5D=error_report.js&scripts%5B%5D=doclinks.js&scripts%5B%5D=functions.js&scripts%5B%5D=navigation.js&scripts%5B%5D=indexes.js&v=4.5.4.1 HTTP/1.1" 200 216429
::1 - - [21/Oct/2024:12:38:50 -0400] "GET /mysql/js/messages.php?lang=fr&db=&collation_connection=utf8_unicode_ci&token=8200022e99cf7c0651e8ae384c7db34c&v=4.5.4.1 HTTP/1.1" 200 9507
::1 - - [21/Oct/2024:12:38:56 -0400] "POST /mysql/index.php HTTP/1.1" 302 25
::1 - - [21/Oct/2024:12:38:56 -0400] "GET /mysql/index.php?token=8200022e99cf7c0651e8ae384c7db34c HTTP/1.1" 200 13526
::1 - - [21/Oct/2024:12:38:57 -0400] "GET /mysql/phpmyadmin.css.php?nocache=6093171495ltr HTTP/1.1" 200 20076
::1 - - [21/Oct/2024:12:38:57 -0400] "GET /mysql/js/messages.php?lang=fr&db=&token=8200022e99cf7c0651e8ae384c7db34c&v=4.5.4.1 HTTP/1.1" 200 9507
::1 - - [21/Oct/2024:12:38:57 -0400] "GET /mysql/js/whitelist.php?lang=fr&db=&token=8200022e99cf7c0651e8ae384c7db34c&v=4.5.4.1 HTTP/1.1" 200 482
::1 - - [21/Oct/2024:12:38:58 -0400] "GET /mysql/version_check.php?server=1&_nocache=1729528738616305372 HTTP/1.1" 200 40
::1 - - [21/Oct/2024:12:38:58 -0400] "POST /mysql/db_structure.php?ajax_request=1&favorite_table=1&sync_favorite_tables=1&token=8200022e99cf7c0651e8ae384c7db34c HTTP/1.1" 200 164
::1 - - [21/Oct/2024:12:39:03 -0400] "GET /mysql/server_databases.php?server=1&token=8200022e99cf7c0651e8ae384c7db34c&ajax_request=true&ajax_page_request=true&_nocache=17295287431325149 HTTP/1.1" 200 5939
::1 - - [21/Oct/2024:12:39:03 -0400] "GET /mysql/js/get_scripts.js.php?scripts%5B%5D=server_databases.js&call_done=1&v=4.5.4.1 HTTP/1.1" 200 1707
::1 - - [21/Oct/2024:12:39:03 -0400] "POST /mysql/navigation.php?ajax_request=1&token=8200022e99cf7c0651e8ae384c7db34c HTTP/1.1" 200 2245
::1 - - [21/Oct/2024:12:39:36 -0400] "POST /mysql/db_create.php HTTP/1.1" 200 2073
::1 - - [21/Oct/2024:12:39:36 -0400] "POST /mysql/navigation.php?ajax_request=1&token=8200022e99cf7c0651e8ae384c7db34c HTTP/1.1" 200 2274
::1 - - [21/Oct/2024:12:39:36 -0400] "GET /mysql/db_structure.php?db=steam&token=8200022e99cf7c0651e8ae384c7db34c&db=steam&ajax_request=true&ajax_page_request=true&_nocache=1729528776377450675 HTTP/1.1" 200 2835
::1 - - [21/Oct/2024:12:39:36 -0400] "GET /mysql/js/get_scripts.js.php?scripts%5B%5D=db_structure.js&scripts%5B%5D=tbl_change.js&call_done=1&v=4.5.4.1 HTTP/1.1" 200 10265
::1 - - [21/Oct/2024:12:39:36 -0400] "GET /mysql/navigation.php?ajax_request=1&token=8200022e99cf7c0651e8ae384c7db34c&aPath=cm9vdA%3D%3D.c3RlYW0%3D&vPath=cm9vdA%3D%3D.c3RlYW0%3D&pos=0&pos2_name=&pos2_value=&searchClause=&searchClause2=&_nocache=1729528776967637377 HTTP/1.1" 200 1403
::1 - - [22/Oct/2024:15:32:03 -0400] "GET /mysql/ HTTP/1.1" 200 3087
::1 - - [22/Oct/2024:15:32:06 -0400] "GET /mysql/themes/pmahomme/jquery/jquery-ui-1.11.2.css HTTP/1.1" 200 35212
::1 - - [22/Oct/2024:15:32:06 -0400] "GET /mysql/themes/pmahomme/css/printview.css?v=4.5.4.1 HTTP/1.1" 200 3082
::1 - - [22/Oct/2024:15:32:06 -0400] "GET /mysql/js/codemirror/lib/codemirror.css?v=4.5.4.1 HTTP/1.1" 200 7771
::1 - - [22/Oct/2024:15:32:06 -0400] "GET /mysql/js/codemirror/addon/hint/show-hint.css?v=4.5.4.1 HTTP/1.1" 200 662
::1 - - [22/Oct/2024:15:32:06 -0400] "GET /mysql/js/codemirror/addon/lint/lint.css?v=4.5.4.1 HTTP/1.1" 200 3068
::1 - - [22/Oct/2024:15:32:06 -0400] "GET /mysql/phpmyadmin.css.php?nocache=4363642758ltr HTTP/1.1" 200 20076
::1 - - [22/Oct/2024:15:32:06 -0400] "GET /mysql/themes/pmahomme/img/logo_right.png HTTP/1.1" 200 4548
::1 - - [22/Oct/2024:15:32:06 -0400] "GET /mysql/themes/dot.gif HTTP/1.1" 200 43
::1 - - [22/Oct/2024:15:32:06 -0400] "GET /mysql/js/whitelist.php?lang=fr&db=&collation_connection=utf8_unicode_ci&token=410f56d9b2c24363bf6be540930e377c&v=4.5.4.1 HTTP/1.1" 200 482
::1 - - [22/Oct/2024:15:32:06 -0400] "GET /mysql/js/get_scripts.js.php?scripts%5B%5D=common.js&scripts%5B%5D=config.js&scripts%5B%5D=page_settings.js&scripts%5B%5D=codemirror/lib/codemirror.js&scripts%5B%5D=codemirror/mode/sql/sql.js&scripts%5B%5D=codemirror/addon/runmode/runmode.js&scripts%5B%5D=codemirror/addon/hint/show-hint.js&scripts%5B%5D=codemirror/addon/hint/sql-hint.js&scripts%5B%5D=codemirror/addon/lint/lint.js&scripts%5B%5D=codemirror/addon/lint/sql-lint.js&scripts%5B%5D=console.js&v=4.5.4.1 HTTP/1.1" 200 129440
::1 - - [22/Oct/2024:15:32:06 -0400] "GET /mysql/js/get_scripts.js.php?scripts%5B%5D=jquery/jquery-1.11.1.min.js&scripts%5B%5D=sprintf.js&scripts%5B%5D=ajax.js&scripts%5B%5D=keyhandler.js&scripts%5B%5D=jquery/jquery-ui-1.11.2.min.js&scripts%5B%5D=jquery/jquery.cookie.js&scripts%5B%5D=jquery/jquery.mousewheel.js&scripts%5B%5D=jquery/jquery.event.drag-2.2.js&scripts%5B%5D=jquery/jquery-ui-timepicker-addon.js&scripts%5B%5D=jquery/jquery.ba-hashchange-1.3.js&scripts%5B%5D=jquery/jquery.debounce-1.0.5.js&scripts%5B%5D=menu-resizer.js&scripts%5B%5D=cross_framing_protection.js&scripts%5B%5D=rte.js&scripts%5B%5D=tracekit/tracekit.js&scripts%5B%5D=error_report.js&scripts%5B%5D=doclinks.js&scripts%5B%5D=functions.js&scripts%5B%5D=navigation.js&scripts%5B%5D=indexes.js&v=4.5.4.1 HTTP/1.1" 200 216429
::1 - - [22/Oct/2024:15:32:06 -0400] "GET /mysql/js/get_image.js.php?theme=pmahomme&v=4.5.4.1 HTTP/1.1" 200 1822
::1 - - [22/Oct/2024:15:32:06 -0400] "GET /mysql/js/messages.php?lang=fr&db=&collation_connection=utf8_unicode_ci&token=410f56d9b2c24363bf6be540930e377c&v=4.5.4.1 HTTP/1.1" 200 9507
::1 - - [22/Oct/2024:15:32:12 -0400] "GET /mysql/themes/pmahomme/img/sprites.png?v=4.5.4.1 HTTP/1.1" 200 46795
::1 - - [22/Oct/2024:15:32:13 -0400] "GET /mysql/favicon.ico HTTP/1.1" 200 22486
::1 - - [22/Oct/2024:15:32:43 -0400] "POST /mysql/index.php HTTP/1.1" 302 25
::1 - - [22/Oct/2024:15:32:44 -0400] "GET /mysql/index.php?token=410f56d9b2c24363bf6be540930e377c HTTP/1.1" 200 13562
::1 - - [22/Oct/2024:15:32:45 -0400] "GET /mysql/themes/pmahomme/img/logo_left.png HTTP/1.1" 200 2327
::1 - - [22/Oct/2024:15:32:45 -0400] "GET /mysql/phpmyadmin.css.php?nocache=6093268322ltr HTTP/1.1" 200 20076
::1 - - [22/Oct/2024:15:32:45 -0400] "GET /mysql/js/whitelist.php?lang=fr&db=&token=410f56d9b2c24363bf6be540930e377c&v=4.5.4.1 HTTP/1.1" 200 482
::1 - - [22/Oct/2024:15:32:45 -0400] "GET /mysql/themes/pmahomme/img/ajax_clock_small.gif HTTP/1.1" 200 1810
::1 - - [22/Oct/2024:15:32:45 -0400] "GET /mysql/themes/pmahomme/img/s_collapseall.png HTTP/1.1" 200 170
::1 - - [22/Oct/2024:15:32:45 -0400] "GET /mysql/js/messages.php?lang=fr&db=&token=410f56d9b2c24363bf6be540930e377c&v=4.5.4.1 HTTP/1.1" 200 9507
::1 - - [22/Oct/2024:15:32:46 -0400] "GET /mysql/themes/pmahomme/img/left_nav_bg.png HTTP/1.1" 200 297
::1 - - [22/Oct/2024:15:32:46 -0400] "POST /mysql/db_structure.php?ajax_request=1&favorite_table=1&sync_favorite_tables=1&token=410f56d9b2c24363bf6be540930e377c HTTP/1.1" 200 164
::1 - - [22/Oct/2024:15:32:46 -0400] "GET /mysql/version_check.php?server=1&_nocache=1729625566201818986 HTTP/1.1" 200 40
::1 - - [22/Oct/2024:15:33:15 -0400] "GET /mysql/db_structure.php?server=1&db=steam&token=410f56d9b2c24363bf6be540930e377c&ajax_request=true&ajax_page_request=true&_nocache=1729625595450160993 HTTP/1.1" 200 6140
::1 - - [22/Oct/2024:15:33:16 -0400] "GET /mysql/themes/pmahomme/img/arrow_ltr.png HTTP/1.1" 200 139
::1 - - [22/Oct/2024:15:33:16 -0400] "GET /mysql/js/get_scripts.js.php?scripts%5B%5D=db_structure.js&scripts%5B%5D=tbl_change.js&call_done=1&v=4.5.4.1 HTTP/1.1" 200 10265
::1 - - [22/Oct/2024:15:33:16 -0400] "GET /mysql/navigation.php?ajax_request=1&token=410f56d9b2c24363bf6be540930e377c&aPath=cm9vdA%3D%3D.c3RlYW0%3D&vPath=cm9vdA%3D%3D.c3RlYW0%3D&pos=0&pos2_name=&pos2_value=&searchClause=&searchClause2=&_nocache=1729625596393988747 HTTP/1.1" 200 2198
::1 - - [22/Oct/2024:15:33:16 -0400] "POST /mysql/navigation.php?ajax_request=1&token=410f56d9b2c24363bf6be540930e377c HTTP/1.1" 200 2274
::1 - - [22/Oct/2024:15:33:17 -0400] "GET /mysql/navigation.php?ajax_request=1&token=410f56d9b2c24363bf6be540930e377c&aPath=cm9vdA%3D%3D.c3RlYW0%3D&vPath=cm9vdA%3D%3D.c3RlYW0%3D&pos=0&pos2_name=&pos2_value=&searchClause=&searchClause2=&_nocache=1729625597255724941 HTTP/1.1" 200 2198
::1 - - [22/Oct/2024:15:34:39 -0400] "GET /mysql/db_structure.php?server=1&db=steam&token=410f56d9b2c24363bf6be540930e377c&ajax_request=true&ajax_page_request=true&_nocache=1729625679552508981 HTTP/1.1" 200 6140
::1 - - [22/Oct/2024:15:34:39 -0400] "POST /mysql/navigation.php?ajax_request=1&token=410f56d9b2c24363bf6be540930e377c HTTP/1.1" 200 2955
::1 - - [22/Oct/2024:15:34:40 -0400] "GET /mysql/navigation.php?ajax_request=1&token=410f56d9b2c24363bf6be540930e377c&aPath=cm9vdA%3D%3D.YWdlbnRz&vPath=cm9vdA%3D%3D.YWdlbnRz&pos=0&pos2_name=&pos2_value=&searchClause=&searchClause2=&_nocache=1729625680866602532 HTTP/1.1" 200 1854
::1 - - [22/Oct/2024:15:58:35 -0400] "POST /mysql/index.php HTTP/1.1" 200 1538
::1 - - [22/Oct/2024:16:19:08 -0400] "POST /mysql/index.php HTTP/1.1" 200 1538
::1 - - [22/Oct/2024:16:39:22 -0400] "POST /mysql/index.php HTTP/1.1" 200 1538
::1 - - [22/Oct/2024:16:59:19 -0400] "POST /mysql/index.php HTTP/1.1" 200 1538
::1 - - [28/Oct/2024:12:56:37 -0400] "GET /mysql/ HTTP/1.1" 200 3059
::1 - - [28/Oct/2024:12:56:40 -0400] "GET /mysql/themes/pmahomme/jquery/jquery-ui-1.11.2.css HTTP/1.1" 200 35212
::1 - - [28/Oct/2024:12:56:40 -0400] "GET /mysql/phpmyadmin.css.php?nocache=4363642758ltr HTTP/1.1" 200 20076
::1 - - [28/Oct/2024:12:56:40 -0400] "GET /mysql/themes/pmahomme/img/logo_right.png HTTP/1.1" 200 4548
::1 - - [28/Oct/2024:12:56:40 -0400] "GET /mysql/js/whitelist.php?lang=fr&db=&token=c6104163463b212a7a240fac7bac2b0a&v=4.5.4.1 HTTP/1.1" 200 482
::1 - - [28/Oct/2024:12:56:40 -0400] "GET /mysql/js/get_scripts.js.php?scripts%5B%5D=jquery/jquery-1.11.1.min.js&scripts%5B%5D=sprintf.js&scripts%5B%5D=ajax.js&scripts%5B%5D=keyhandler.js&scripts%5B%5D=jquery/jquery-ui-1.11.2.min.js&scripts%5B%5D=jquery/jquery.cookie.js&scripts%5B%5D=jquery/jquery.mousewheel.js&scripts%5B%5D=jquery/jquery.event.drag-2.2.js&scripts%5B%5D=jquery/jquery-ui-timepicker-addon.js&scripts%5B%5D=jquery/jquery.ba-hashchange-1.3.js&scripts%5B%5D=jquery/jquery.debounce-1.0.5.js&scripts%5B%5D=menu-resizer.js&scripts%5B%5D=cross_framing_protection.js&scripts%5B%5D=rte.js&scripts%5B%5D=tracekit/tracekit.js&scripts%5B%5D=error_report.js&scripts%5B%5D=doclinks.js&scripts%5B%5D=functions.js&scripts%5B%5D=navigation.js&scripts%5B%5D=indexes.js&v=4.5.4.1 HTTP/1.1" 200 216429
::1 - - [28/Oct/2024:12:56:40 -0400] "GET /mysql/js/get_scripts.js.php?scripts%5B%5D=common.js&scripts%5B%5D=config.js&scripts%5B%5D=page_settings.js&scripts%5B%5D=codemirror/lib/codemirror.js&scripts%5B%5D=codemirror/mode/sql/sql.js&scripts%5B%5D=codemirror/addon/runmode/runmode.js&scripts%5B%5D=codemirror/addon/hint/show-hint.js&scripts%5B%5D=codemirror/addon/hint/sql-hint.js&scripts%5B%5D=codemirror/addon/lint/lint.js&scripts%5B%5D=codemirror/addon/lint/sql-lint.js&scripts%5B%5D=console.js&v=4.5.4.1 HTTP/1.1" 200 129440
::1 - - [28/Oct/2024:12:56:40 -0400] "GET /mysql/js/get_image.js.php?theme=pmahomme&v=4.5.4.1 HTTP/1.1" 200 1822
::1 - - [28/Oct/2024:12:56:40 -0400] "GET /mysql/js/messages.php?lang=fr&db=&token=c6104163463b212a7a240fac7bac2b0a&v=4.5.4.1 HTTP/1.1" 200 9507
::1 - - [28/Oct/2024:12:56:43 -0400] "GET /mysql/favicon.ico HTTP/1.1" 200 22486
::1 - - [28/Oct/2024:12:57:51 -0400] "POST /mysql/index.php HTTP/1.1" 302 25
::1 - - [28/Oct/2024:12:57:51 -0400] "GET /mysql/index.php?token=c6104163463b212a7a240fac7bac2b0a HTTP/1.1" 200 13559
::1 - - [28/Oct/2024:12:57:52 -0400] "GET /mysql/phpmyadmin.css.php?nocache=6093777430ltr HTTP/1.1" 200 20076
::1 - - [28/Oct/2024:12:57:53 -0400] "POST /mysql/db_structure.php?ajax_request=1&favorite_table=1&sync_favorite_tables=1&token=c6104163463b212a7a240fac7bac2b0a HTTP/1.1" 200 164
::1 - - [28/Oct/2024:12:57:53 -0400] "GET /mysql/version_check.php?server=1&_nocache=1730134673077249140 HTTP/1.1" 200 40
::1 - - [28/Oct/2024:12:57:56 -0400] "GET /mysql/navigation.php?ajax_request=1&token=c6104163463b212a7a240fac7bac2b0a&aPath=cm9vdA%3D%3D.c3RlYW0%3D&vPath=cm9vdA%3D%3D.c3RlYW0%3D&pos=0&pos2_name=&pos2_value=&searchClause=&searchClause2=&_nocache=1730134676867317896 HTTP/1.1" 200 2235
::1 - - [28/Oct/2024:12:58:05 -0400] "GET /mysql/sql.php?server=1&db=steam&table=jeux&pos=0&token=c6104163463b212a7a240fac7bac2b0a&ajax_request=true&ajax_page_request=true&_nocache=1730134685246673568 HTTP/1.1" 200 4640
::1 - - [28/Oct/2024:12:58:06 -0400] "GET /mysql/js/get_scripts.js.php?scripts%5B%5D=jquery/jquery.uitablefilter.js&scripts%5B%5D=tbl_change.js&scripts%5B%5D=gis_data_editor.js&scripts%5B%5D=multi_column_sort.js&call_done=1&v=4.5.4.1 HTTP/1.1" 200 12242
::1 - - [28/Oct/2024:12:58:06 -0400] "GET /mysql/index.php?ajax_request=1&recent_table=1&token=c6104163463b212a7a240fac7bac2b0a&no_debug=true&_nocache=1730134686760936344 HTTP/1.1" 200 1501
::1 - - [28/Oct/2024:12:58:06 -0400] "POST /mysql/navigation.php?ajax_request=1&token=c6104163463b212a7a240fac7bac2b0a HTTP/1.1" 200 3016
::1 - - [28/Oct/2024:12:58:11 -0400] "GET /mysql/tbl_structure.php?db=steam&table=jeux&token=c6104163463b212a7a240fac7bac2b0a&ajax_request=true&ajax_page_request=true&_nocache=1730134691826233310 HTTP/1.1" 200 6214
::1 - - [28/Oct/2024:12:58:15 -0400] "GET /mysql/js/get_scripts.js.php?scripts%5B%5D=tbl_structure.js&call_done=1&v=4.5.4.1 HTTP/1.1" 200 5130
::1 - - [28/Oct/2024:12:58:15 -0400] "GET /mysql/index.php?ajax_request=1&recent_table=1&token=c6104163463b212a7a240fac7bac2b0a&no_debug=true&_nocache=1730134695210679155 HTTP/1.1" 200 1501
::1 - - [28/Oct/2024:13:02:28 -0400] "GET /mysql/tbl_structure.php?db=steam&table=jeux&token=c6104163463b212a7a240fac7bac2b0a HTTP/1.1" 200 12136
::1 - - [28/Oct/2024:13:02:31 -0400] "GET /mysql/phpmyadmin.css.php?nocache=6089639281ltr HTTP/1.1" 200 20076
::1 - - [28/Oct/2024:13:02:31 -0400] "GET /mysql/js/messages.php?lang=fr&db=steam&token=c6104163463b212a7a240fac7bac2b0a&v=4.5.4.1 HTTP/1.1" 200 9507
::1 - - [28/Oct/2024:13:02:31 -0400] "GET /mysql/js/whitelist.php?lang=fr&db=steam&token=c6104163463b212a7a240fac7bac2b0a&v=4.5.4.1 HTTP/1.1" 200 482
::1 - - [28/Oct/2024:13:02:31 -0400] "GET /mysql/js/get_scripts.js.php?scripts%5B%5D=common.js&scripts%5B%5D=config.js&scripts%5B%5D=page_settings.js&scripts%5B%5D=tbl_structure.js&scripts%5B%5D=codemirror/lib/codemirror.js&scripts%5B%5D=codemirror/mode/sql/sql.js&scripts%5B%5D=codemirror/addon/runmode/runmode.js&scripts%5B%5D=codemirror/addon/hint/show-hint.js&scripts%5B%5D=codemirror/addon/hint/sql-hint.js&scripts%5B%5D=codemirror/addon/lint/lint.js&scripts%5B%5D=codemirror/addon/lint/sql-lint.js&scripts%5B%5D=console.js&v=4.5.4.1 HTTP/1.1" 200 133912
::1 - - [28/Oct/2024:13:02:32 -0400] "GET /mysql/index.php?ajax_request=1&recent_table=1&token=c6104163463b212a7a240fac7bac2b0a&no_debug=true&_nocache=1730134952104327965 HTTP/1.1" 200 1501
::1 - - [28/Oct/2024:13:02:32 -0400] "POST /mysql/navigation.php?ajax_request=1&token=c6104163463b212a7a240fac7bac2b0a HTTP/1.1" 200 3016
::1 - - [28/Oct/2024:13:04:38 -0400] "GET /mysql/tbl_structure.php?db=steam&table=jeux&token=c6104163463b212a7a240fac7bac2b0a HTTP/1.1" 200 12136
::1 - - [28/Oct/2024:13:04:39 -0400] "GET /mysql/index.php?ajax_request=1&recent_table=1&token=c6104163463b212a7a240fac7bac2b0a&no_debug=true&_nocache=1730135079556656807 HTTP/1.1" 200 1501
::1 - - [28/Oct/2024:13:04:39 -0400] "POST /mysql/navigation.php?ajax_request=1&token=c6104163463b212a7a240fac7bac2b0a HTTP/1.1" 200 3016
::1 - - [28/Oct/2024:13:15:20 -0400] "GET /mysql/tbl_structure.php?db=steam&table=jeux&token=c6104163463b212a7a240fac7bac2b0a HTTP/1.1" 200 12136
::1 - - [28/Oct/2024:13:15:20 -0400] "GET /mysql/index.php?ajax_request=1&recent_table=1&token=c6104163463b212a7a240fac7bac2b0a&no_debug=true&_nocache=1730135720568779021 HTTP/1.1" 200 1501
::1 - - [28/Oct/2024:13:15:20 -0400] "POST /mysql/navigation.php?ajax_request=1&token=c6104163463b212a7a240fac7bac2b0a HTTP/1.1" 200 3016
::1 - - [28/Oct/2024:13:39:15 -0400] "POST /mysql/index.php HTTP/1.1" 200 1542
::1 - - [28/Oct/2024:14:01:50 -0400] "POST /mysql/index.php HTTP/1.1" 200 1542
::1 - - [28/Oct/2024:14:24:02 -0400] "POST /mysql/index.php HTTP/1.1" 200 1542
::1 - - [29/Oct/2024:17:07:29 -0400] "GET /mysql/ HTTP/1.1" 200 3060
::1 - - [29/Oct/2024:17:07:36 -0400] "GET /mysql/phpmyadmin.css.php?nocache=4363642758ltr HTTP/1.1" 200 20076
::1 - - [29/Oct/2024:17:07:36 -0400] "GET /mysql/js/get_scripts.js.php?scripts%5B%5D=common.js&scripts%5B%5D=config.js&scripts%5B%5D=page_settings.js&scripts%5B%5D=codemirror/lib/codemirror.js&scripts%5B%5D=codemirror/mode/sql/sql.js&scripts%5B%5D=codemirror/addon/runmode/runmode.js&scripts%5B%5D=codemirror/addon/hint/show-hint.js&scripts%5B%5D=codemirror/addon/hint/sql-hint.js&scripts%5B%5D=codemirror/addon/lint/lint.js&scripts%5B%5D=codemirror/addon/lint/sql-lint.js&scripts%5B%5D=console.js&v=4.5.4.1 HTTP/1.1" 200 129440
::1 - - [29/Oct/2024:17:07:36 -0400] "GET /mysql/js/whitelist.php?lang=fr&db=&token=39f6feab9124cadc753111e61e3b910b&v=4.5.4.1 HTTP/1.1" 200 482
::1 - - [29/Oct/2024:17:07:36 -0400] "GET /mysql/js/get_scripts.js.php?scripts%5B%5D=jquery/jquery-1.11.1.min.js&scripts%5B%5D=sprintf.js&scripts%5B%5D=ajax.js&scripts%5B%5D=keyhandler.js&scripts%5B%5D=jquery/jquery-ui-1.11.2.min.js&scripts%5B%5D=jquery/jquery.cookie.js&scripts%5B%5D=jquery/jquery.mousewheel.js&scripts%5B%5D=jquery/jquery.event.drag-2.2.js&scripts%5B%5D=jquery/jquery-ui-timepicker-addon.js&scripts%5B%5D=jquery/jquery.ba-hashchange-1.3.js&scripts%5B%5D=jquery/jquery.debounce-1.0.5.js&scripts%5B%5D=menu-resizer.js&scripts%5B%5D=cross_framing_protection.js&scripts%5B%5D=rte.js&scripts%5B%5D=tracekit/tracekit.js&scripts%5B%5D=error_report.js&scripts%5B%5D=doclinks.js&scripts%5B%5D=functions.js&scripts%5B%5D=navigation.js&scripts%5B%5D=indexes.js&v=4.5.4.1 HTTP/1.1" 200 216429
::1 - - [29/Oct/2024:17:07:36 -0400] "GET /mysql/js/get_image.js.php?theme=pmahomme&v=4.5.4.1 HTTP/1.1" 200 1822
::1 - - [29/Oct/2024:17:07:36 -0400] "GET /mysql/js/messages.php?lang=fr&db=&token=39f6feab9124cadc753111e61e3b910b&v=4.5.4.1 HTTP/1.1" 200 9507
::1 - - [12/Nov/2024:17:09:06 -0500] "GET /mysql/ HTTP/1.1" 200 3061
::1 - - [12/Nov/2024:17:09:08 -0500] "GET /mysql/phpmyadmin.css.php?nocache=4363642758ltr HTTP/1.1" 200 20076
::1 - - [12/Nov/2024:17:09:08 -0500] "GET /mysql/js/whitelist.php?lang=fr&db=&token=e8f09bf54fe58bcff1de6ccf60bbdf2c&v=4.5.4.1 HTTP/1.1" 200 482
::1 - - [12/Nov/2024:17:09:08 -0500] "GET /mysql/js/get_scripts.js.php?scripts%5B%5D=common.js&scripts%5B%5D=config.js&scripts%5B%5D=page_settings.js&scripts%5B%5D=codemirror/lib/codemirror.js&scripts%5B%5D=codemirror/mode/sql/sql.js&scripts%5B%5D=codemirror/addon/runmode/runmode.js&scripts%5B%5D=codemirror/addon/hint/show-hint.js&scripts%5B%5D=codemirror/addon/hint/sql-hint.js&scripts%5B%5D=codemirror/addon/lint/lint.js&scripts%5B%5D=codemirror/addon/lint/sql-lint.js&scripts%5B%5D=console.js&v=4.5.4.1 HTTP/1.1" 200 129440
::1 - - [12/Nov/2024:17:09:08 -0500] "GET /mysql/js/get_scripts.js.php?scripts%5B%5D=jquery/jquery-1.11.1.min.js&scripts%5B%5D=sprintf.js&scripts%5B%5D=ajax.js&scripts%5B%5D=keyhandler.js&scripts%5B%5D=jquery/jquery-ui-1.11.2.min.js&scripts%5B%5D=jquery/jquery.cookie.js&scripts%5B%5D=jquery/jquery.mousewheel.js&scripts%5B%5D=jquery/jquery.event.drag-2.2.js&scripts%5B%5D=jquery/jquery-ui-timepicker-addon.js&scripts%5B%5D=jquery/jquery.ba-hashchange-1.3.js&scripts%5B%5D=jquery/jquery.debounce-1.0.5.js&scripts%5B%5D=menu-resizer.js&scripts%5B%5D=cross_framing_protection.js&scripts%5B%5D=rte.js&scripts%5B%5D=tracekit/tracekit.js&scripts%5B%5D=error_report.js&scripts%5B%5D=doclinks.js&scripts%5B%5D=functions.js&scripts%5B%5D=navigation.js&scripts%5B%5D=indexes.js&v=4.5.4.1 HTTP/1.1" 200 216429
::1 - - [12/Nov/2024:17:09:08 -0500] "GET /mysql/js/get_image.js.php?theme=pmahomme&v=4.5.4.1 HTTP/1.1" 200 1822
::1 - - [12/Nov/2024:17:09:08 -0500] "GET /mysql/js/messages.php?lang=fr&db=&token=e8f09bf54fe58bcff1de6ccf60bbdf2c&v=4.5.4.1 HTTP/1.1" 200 9507
::1 - - [12/Nov/2024:17:09:14 -0500] "POST /mysql/index.php HTTP/1.1" 302 25
::1 - - [12/Nov/2024:17:09:14 -0500] "GET /mysql/index.php?token=e8f09bf54fe58bcff1de6ccf60bbdf2c HTTP/1.1" 200 13593
::1 - - [12/Nov/2024:17:09:15 -0500] "GET /mysql/phpmyadmin.css.php?nocache=6095092112ltr HTTP/1.1" 200 20076
::1 - - [12/Nov/2024:17:09:15 -0500] "POST /mysql/db_structure.php?ajax_request=1&favorite_table=1&sync_favorite_tables=1&token=e8f09bf54fe58bcff1de6ccf60bbdf2c HTTP/1.1" 200 164
::1 - - [12/Nov/2024:17:09:15 -0500] "GET /mysql/version_check.php?server=1&_nocache=1731449355789540749 HTTP/1.1" 200 40
::1 - - [12/Nov/2024:17:09:19 -0500] "GET /mysql/navigation.php?ajax_request=1&token=e8f09bf54fe58bcff1de6ccf60bbdf2c&aPath=cm9vdA%3D%3D.c3RlYW0%3D&vPath=cm9vdA%3D%3D.c3RlYW0%3D&pos=0&pos2_name=&pos2_value=&searchClause=&searchClause2=&_nocache=1731449359760743870 HTTP/1.1" 200 2233
::1 - - [12/Nov/2024:17:09:24 -0500] "GET /mysql/sql.php?server=1&db=steam&table=jeux&pos=0&token=e8f09bf54fe58bcff1de6ccf60bbdf2c&ajax_request=true&ajax_page_request=true&_nocache=1731449364080693558 HTTP/1.1" 200 4638
::1 - - [12/Nov/2024:17:09:25 -0500] "GET /mysql/js/get_scripts.js.php?scripts%5B%5D=jquery/jquery.uitablefilter.js&scripts%5B%5D=tbl_change.js&scripts%5B%5D=gis_data_editor.js&scripts%5B%5D=multi_column_sort.js&call_done=1&v=4.5.4.1 HTTP/1.1" 200 12242
::1 - - [12/Nov/2024:17:09:25 -0500] "GET /mysql/index.php?ajax_request=1&recent_table=1&token=e8f09bf54fe58bcff1de6ccf60bbdf2c&no_debug=true&_nocache=1731449365619441902 HTTP/1.1" 200 1500
::1 - - [12/Nov/2024:17:09:25 -0500] "POST /mysql/navigation.php?ajax_request=1&token=e8f09bf54fe58bcff1de6ccf60bbdf2c HTTP/1.1" 200 3014
::1 - - [12/Nov/2024:17:09:27 -0500] "GET /mysql/sql.php?server=1&db=steam&table=jeux&pos=0&token=e8f09bf54fe58bcff1de6ccf60bbdf2c&ajax_request=true&ajax_page_request=true&_nocache=1731449367503275978 HTTP/1.1" 200 4638
::1 - - [12/Nov/2024:17:09:27 -0500] "GET /mysql/sql.php?server=1&db=steam&table=jeux&pos=0&token=e8f09bf54fe58bcff1de6ccf60bbdf2c&ajax_request=true&ajax_page_request=true&_nocache=1731449367672661240 HTTP/1.1" 200 4638
::1 - - [12/Nov/2024:17:09:28 -0500] "GET /mysql/index.php?ajax_request=1&recent_table=1&token=e8f09bf54fe58bcff1de6ccf60bbdf2c&no_debug=true&_nocache=1731449368067546099 HTTP/1.1" 200 1500
::1 - - [12/Nov/2024:17:09:28 -0500] "POST /mysql/navigation.php?ajax_request=1&token=e8f09bf54fe58bcff1de6ccf60bbdf2c HTTP/1.1" 200 3014
::1 - - [12/Nov/2024:17:09:37 -0500] "GET /mysql/sql.php?server=1&db=steam&table=jeux&pos=0&token=e8f09bf54fe58bcff1de6ccf60bbdf2c&ajax_request=true&ajax_page_request=true&_nocache=1731449377465778215 HTTP/1.1" 200 4638
::1 - - [12/Nov/2024:17:09:37 -0500] "GET /mysql/index.php?ajax_request=1&recent_table=1&token=e8f09bf54fe58bcff1de6ccf60bbdf2c&no_debug=true&_nocache=1731449377799904129 HTTP/1.1" 200 1500
::1 - - [12/Nov/2024:17:09:37 -0500] "POST /mysql/navigation.php?ajax_request=1&token=e8f09bf54fe58bcff1de6ccf60bbdf2c HTTP/1.1" 200 3014
::1 - - [12/Nov/2024:17:09:39 -0500] "GET /mysql/tbl_operations.php?db=steam&table=jeux&token=e8f09bf54fe58bcff1de6ccf60bbdf2c&ajax_request=true&ajax_page_request=true&_nocache=1731449379692965796 HTTP/1.1" 200 6947
::1 - - [12/Nov/2024:17:09:40 -0500] "GET /mysql/js/get_scripts.js.php?scripts%5B%5D=tbl_operations.js&call_done=1&v=4.5.4.1 HTTP/1.1" 200 2332
::1 - - [12/Nov/2024:17:09:40 -0500] "GET /mysql/index.php?ajax_request=1&recent_table=1&token=e8f09bf54fe58bcff1de6ccf60bbdf2c&no_debug=true&_nocache=1731449380532825724 HTTP/1.1" 200 1500
::1 - - [12/Nov/2024:17:09:42 -0500] "GET /mysql/themes/pmahomme/jquery/images/ui-bg_flat_75_ffffff_40x100.png HTTP/1.1" 200 247
::1 - - [12/Nov/2024:17:09:42 -0500] "GET /mysql/themes/pmahomme/jquery/images/ui-bg_glass_75_e6e6e6_1x400.png HTTP/1.1" 200 301
::1 - - [12/Nov/2024:17:09:42 -0500] "GET /mysql/themes/pmahomme/jquery/images/ui-bg_highlight-soft_75_cccccc_1x100.png HTTP/1.1" 200 319
::1 - - [12/Nov/2024:17:09:42 -0500] "GET /mysql/themes/pmahomme/jquery/images/ui-icons_222222_256x240.png HTTP/1.1" 200 7006
::1 - - [12/Nov/2024:17:09:42 -0500] "GET /mysql/themes/pmahomme/jquery/images/ui-icons_888888_256x240.png HTTP/1.1" 200 7092
::1 - - [12/Nov/2024:17:09:42 -0500] "GET /mysql/themes/pmahomme/jquery/images/ui-bg_flat_0_aaaaaa_40x100.png HTTP/1.1" 200 251
::1 - - [12/Nov/2024:17:09:42 -0500] "GET /mysql/themes/pmahomme/jquery/images/ui-bg_glass_75_dadada_1x400.png HTTP/1.1" 200 301
::1 - - [12/Nov/2024:17:09:42 -0500] "GET /mysql/sql.php?ajax_request=true&token=e8f09bf54fe58bcff1de6ccf60bbdf2c&server=1&get_default_fk_check_value=true&_nocache=1731449382532654725 HTTP/1.1" 200 3975
::1 - - [12/Nov/2024:17:09:46 -0500] "GET /mysql/themes/pmahomme/jquery/images/ui-bg_glass_65_ffffff_1x400.png HTTP/1.1" 200 246
::1 - - [12/Nov/2024:17:09:46 -0500] "GET /mysql/sql.php?db=steam&table=jeux&back=tbl_operations.php&goto=db_operations.php&sql_query=DROP+TABLE+%60jeux%60&reload=1&purge=1&message_to_show=La+table+jeux+a+%C3%A9t%C3%A9+effac%C3%A9e.&token=e8f09bf54fe58bcff1de6ccf60bbdf2c&is_js_confirmed=1&ajax_request=true&fk_checks=1&_nocache=1731449386172738807 HTTP/1.1" 200 1903
::1 - - [12/Nov/2024:17:09:46 -0500] "POST /mysql/navigation.php?ajax_request=1&token=e8f09bf54fe58bcff1de6ccf60bbdf2c HTTP/1.1" 200 2974
::1 - - [12/Nov/2024:17:09:46 -0500] "GET /mysql/db_structure.php?token=e8f09bf54fe58bcff1de6ccf60bbdf2c&server=1&db=steam&table=&ajax_request=true&ajax_page_request=true&_nocache=1731449386633374404 HTTP/1.1" 200 6129
::1 - - [12/Nov/2024:17:09:48 -0500] "GET /mysql/js/get_scripts.js.php?scripts%5B%5D=db_structure.js&call_done=1&v=4.5.4.1 HTTP/1.1" 200 3721
::1 - - [12/Nov/2024:17:09:48 -0500] "POST /mysql/navigation.php?ajax_request=1&token=e8f09bf54fe58bcff1de6ccf60bbdf2c HTTP/1.1" 200 2974
::1 - - [12/Nov/2024:17:10:27 -0500] "GET /mysql/ HTTP/1.1" 200 13586
::1 - - [12/Nov/2024:17:10:27 -0500] "GET /mysql/phpmyadmin.css.php?nocache=6089639281ltr HTTP/1.1" 200 20076
::1 - - [12/Nov/2024:17:10:27 -0500] "GET /mysql/version_check.php?server=1&_nocache=1731449427617601359 HTTP/1.1" 200 40
::1 - - [12/Nov/2024:17:10:27 -0500] "POST /mysql/db_structure.php?ajax_request=1&favorite_table=1&sync_favorite_tables=1&token=e8f09bf54fe58bcff1de6ccf60bbdf2c HTTP/1.1" 200 164
::1 - - [12/Nov/2024:17:10:29 -0500] "GET /mysql/navigation.php?ajax_request=1&token=e8f09bf54fe58bcff1de6ccf60bbdf2c&aPath=cm9vdA%3D%3D.c3RlYW0%3D&vPath=cm9vdA%3D%3D.c3RlYW0%3D&pos=0&pos2_name=&pos2_value=&searchClause=&searchClause2=&_nocache=173144942943421013 HTTP/1.1" 200 2398
::1 - - [12/Nov/2024:17:10:31 -0500] "GET /mysql/sql.php?server=1&db=steam&table=jeux&pos=0&token=e8f09bf54fe58bcff1de6ccf60bbdf2c&ajax_request=true&ajax_page_request=true&_nocache=1731449431271231220 HTTP/1.1" 200 7172
::1 - - [12/Nov/2024:17:10:31 -0500] "GET /mysql/themes/pmahomme/img/s_fulltext.png HTTP/1.1" 200 193
::1 - - [12/Nov/2024:17:10:31 -0500] "GET /mysql/js/get_scripts.js.php?scripts%5B%5D=jquery/jquery.uitablefilter.js&scripts%5B%5D=tbl_change.js&scripts%5B%5D=gis_data_editor.js&scripts%5B%5D=multi_column_sort.js&scripts%5B%5D=makegrid.js&scripts%5B%5D=sql.js&call_done=1&v=4.5.4.1 HTTP/1.1" 200 37074
::1 - - [12/Nov/2024:17:10:31 -0500] "GET /mysql/themes/pmahomme/img/col_pointer.png HTTP/1.1" 200 113
::1 - - [12/Nov/2024:17:10:31 -0500] "GET /mysql/themes/pmahomme/img/col_drop.png HTTP/1.1" 200 132
::1 - - [12/Nov/2024:17:10:31 -0500] "GET /mysql/index.php?ajax_request=1&recent_table=1&token=e8f09bf54fe58bcff1de6ccf60bbdf2c&no_debug=true&_nocache=1731449431936582743 HTTP/1.1" 200 1500
::1 - - [12/Nov/2024:17:10:31 -0500] "POST /mysql/navigation.php?ajax_request=1&token=e8f09bf54fe58bcff1de6ccf60bbdf2c HTTP/1.1" 200 3178
::1 - - [12/Nov/2024:17:34:26 -0500] "POST /mysql/index.php HTTP/1.1" 200 1538
::1 - - [14/Nov/2024:19:46:03 -0500] "GET /mysql/ HTTP/1.1" 200 3088
::1 - - [14/Nov/2024:19:46:05 -0500] "GET /mysql/themes/pmahomme/jquery/jquery-ui-1.11.2.css HTTP/1.1" 200 35212
::1 - - [14/Nov/2024:19:46:06 -0500] "GET /mysql/themes/pmahomme/css/printview.css?v=4.5.4.1 HTTP/1.1" 200 3082
::1 - - [14/Nov/2024:19:46:06 -0500] "GET /mysql/js/codemirror/addon/hint/show-hint.css?v=4.5.4.1 HTTP/1.1" 200 662
::1 - - [14/Nov/2024:19:46:06 -0500] "GET /mysql/js/codemirror/lib/codemirror.css?v=4.5.4.1 HTTP/1.1" 200 7771
::1 - - [14/Nov/2024:19:46:06 -0500] "GET /mysql/js/codemirror/addon/lint/lint.css?v=4.5.4.1 HTTP/1.1" 200 3068
::1 - - [14/Nov/2024:19:46:06 -0500] "GET /mysql/phpmyadmin.css.php?nocache=4363642758ltr HTTP/1.1" 200 20076
::1 - - [14/Nov/2024:19:46:06 -0500] "GET /mysql/themes/pmahomme/img/logo_right.png HTTP/1.1" 200 4548
::1 - - [14/Nov/2024:19:46:06 -0500] "GET /mysql/themes/dot.gif HTTP/1.1" 200 43
::1 - - [14/Nov/2024:19:46:06 -0500] "GET /mysql/js/whitelist.php?lang=fr&db=&collation_connection=utf8_unicode_ci&token=3d49570f36438813e2f7792250943d57&v=4.5.4.1 HTTP/1.1" 200 482
::1 - - [14/Nov/2024:19:46:06 -0500] "GET /mysql/js/get_scripts.js.php?scripts%5B%5D=common.js&scripts%5B%5D=config.js&scripts%5B%5D=page_settings.js&scripts%5B%5D=codemirror/lib/codemirror.js&scripts%5B%5D=codemirror/mode/sql/sql.js&scripts%5B%5D=codemirror/addon/runmode/runmode.js&scripts%5B%5D=codemirror/addon/hint/show-hint.js&scripts%5B%5D=codemirror/addon/hint/sql-hint.js&scripts%5B%5D=codemirror/addon/lint/lint.js&scripts%5B%5D=codemirror/addon/lint/sql-lint.js&scripts%5B%5D=console.js&v=4.5.4.1 HTTP/1.1" 200 129440
::1 - - [14/Nov/2024:19:46:06 -0500] "GET /mysql/js/get_scripts.js.php?scripts%5B%5D=jquery/jquery-1.11.1.min.js&scripts%5B%5D=sprintf.js&scripts%5B%5D=ajax.js&scripts%5B%5D=keyhandler.js&scripts%5B%5D=jquery/jquery-ui-1.11.2.min.js&scripts%5B%5D=jquery/jquery.cookie.js&scripts%5B%5D=jquery/jquery.mousewheel.js&scripts%5B%5D=jquery/jquery.event.drag-2.2.js&scripts%5B%5D=jquery/jquery-ui-timepicker-addon.js&scripts%5B%5D=jquery/jquery.ba-hashchange-1.3.js&scripts%5B%5D=jquery/jquery.debounce-1.0.5.js&scripts%5B%5D=menu-resizer.js&scripts%5B%5D=cross_framing_protection.js&scripts%5B%5D=rte.js&scripts%5B%5D=tracekit/tracekit.js&scripts%5B%5D=error_report.js&scripts%5B%5D=doclinks.js&scripts%5B%5D=functions.js&scripts%5B%5D=navigation.js&scripts%5B%5D=indexes.js&v=4.5.4.1 HTTP/1.1" 200 216429
::1 - - [14/Nov/2024:19:46:06 -0500] "GET /mysql/js/get_image.js.php?theme=pmahomme&v=4.5.4.1 HTTP/1.1" 200 1822
::1 - - [14/Nov/2024:19:46:06 -0500] "GET /mysql/js/messages.php?lang=fr&db=&collation_connection=utf8_unicode_ci&token=3d49570f36438813e2f7792250943d57&v=4.5.4.1 HTTP/1.1" 200 9507
::1 - - [14/Nov/2024:19:46:08 -0500] "GET /mysql/themes/pmahomme/img/sprites.png?v=4.5.4.1 HTTP/1.1" 200 46795
::1 - - [14/Nov/2024:19:46:08 -0500] "GET /mysql/favicon.ico HTTP/1.1" 200 22486
::1 - - [14/Nov/2024:19:46:11 -0500] "POST /mysql/index.php HTTP/1.1" 302 25
::1 - - [14/Nov/2024:19:46:12 -0500] "GET /mysql/index.php?token=3d49570f36438813e2f7792250943d57&phpMyAdmin=b3k5p36s9hqat7ll2mk93om2ksq4v609 HTTP/1.1" 200 13631
::1 - - [14/Nov/2024:19:46:13 -0500] "GET /mysql/themes/pmahomme/img/logo_left.png HTTP/1.1" 200 2327
::1 - - [14/Nov/2024:19:46:13 -0500] "GET /mysql/phpmyadmin.css.php?nocache=6095274330ltr HTTP/1.1" 200 20076
::1 - - [14/Nov/2024:19:46:13 -0500] "GET /mysql/js/messages.php?lang=fr&db=&token=3d49570f36438813e2f7792250943d57&v=4.5.4.1 HTTP/1.1" 200 9507
::1 - - [14/Nov/2024:19:46:13 -0500] "GET /mysql/themes/pmahomme/img/ajax_clock_small.gif HTTP/1.1" 200 1810
::1 - - [14/Nov/2024:19:46:13 -0500] "GET /mysql/themes/pmahomme/img/s_collapseall.png HTTP/1.1" 200 170
::1 - - [14/Nov/2024:19:46:13 -0500] "GET /mysql/js/whitelist.php?lang=fr&db=&token=3d49570f36438813e2f7792250943d57&v=4.5.4.1 HTTP/1.1" 200 482
::1 - - [14/Nov/2024:19:46:17 -0500] "GET /mysql/themes/pmahomme/img/left_nav_bg.png HTTP/1.1" 200 297
::1 - - [14/Nov/2024:19:46:17 -0500] "POST /mysql/db_structure.php?ajax_request=1&favorite_table=1&sync_favorite_tables=1&token=3d49570f36438813e2f7792250943d57 HTTP/1.1" 200 164
::1 - - [14/Nov/2024:19:46:17 -0500] "GET /mysql/version_check.php?server=1&_nocache=1731631577142684037 HTTP/1.1" 200 40
::1 - - [14/Nov/2024:19:46:19 -0500] "GET /mysql/navigation.php?ajax_request=1&token=3d49570f36438813e2f7792250943d57&aPath=cm9vdA%3D%3D.c3RlYW0%3D&vPath=cm9vdA%3D%3D.c3RlYW0%3D&pos=0&pos2_name=&pos2_value=&searchClause=&searchClause2=&_nocache=1731631579232780223 HTTP/1.1" 200 2400
::1 - - [14/Nov/2024:19:46:23 -0500] "GET /mysql/sql.php?server=1&db=steam&table=jeux&pos=0&token=3d49570f36438813e2f7792250943d57&ajax_request=true&ajax_page_request=true&_nocache=1731631583161851475 HTTP/1.1" 200 7173
::1 - - [14/Nov/2024:19:46:24 -0500] "GET /mysql/themes/pmahomme/img/arrow_ltr.png HTTP/1.1" 200 139
::1 - - [14/Nov/2024:19:46:24 -0500] "GET /mysql/themes/pmahomme/img/s_fulltext.png HTTP/1.1" 200 193
::1 - - [14/Nov/2024:19:46:24 -0500] "GET /mysql/js/get_scripts.js.php?scripts%5B%5D=jquery/jquery.uitablefilter.js&scripts%5B%5D=tbl_change.js&scripts%5B%5D=gis_data_editor.js&scripts%5B%5D=multi_column_sort.js&scripts%5B%5D=makegrid.js&scripts%5B%5D=sql.js&call_done=1&v=4.5.4.1 HTTP/1.1" 200 37074
::1 - - [14/Nov/2024:19:46:24 -0500] "GET /mysql/themes/pmahomme/img/col_pointer.png HTTP/1.1" 200 113
::1 - - [14/Nov/2024:19:46:24 -0500] "GET /mysql/themes/pmahomme/img/col_drop.png HTTP/1.1" 200 132
::1 - - [14/Nov/2024:19:46:24 -0500] "GET /mysql/index.php?ajax_request=1&recent_table=1&token=3d49570f36438813e2f7792250943d57&no_debug=true&_nocache=1731631584564499087 HTTP/1.1" 200 1504
::1 - - [14/Nov/2024:19:46:24 -0500] "POST /mysql/navigation.php?ajax_request=1&token=3d49570f36438813e2f7792250943d57 HTTP/1.1" 200 3182
::1 - - [14/Nov/2024:20:10:20 -0500] "POST /mysql/index.php HTTP/1.1" 200 1544
::1 - - [14/Nov/2024:20:31:53 -0500] "POST /mysql/index.php HTTP/1.1" 200 1544
::1 - - [02/Dec/2024:13:21:38 -0500] "GET /mysql/ HTTP/1.1" 200 3088
::1 - - [02/Dec/2024:13:21:45 -0500] "GET /mysql/phpmyadmin.css.php?nocache=4363642758ltr HTTP/1.1" 200 20076
::1 - - [02/Dec/2024:13:21:45 -0500] "GET /mysql/js/whitelist.php?lang=fr&db=&collation_connection=utf8_unicode_ci&token=06a5d2868e1b8cb1291e9578f821be9b&v=4.5.4.1 HTTP/1.1" 200 482
::1 - - [02/Dec/2024:13:21:45 -0500] "GET /mysql/js/get_scripts.js.php?scripts%5B%5D=jquery/jquery-1.11.1.min.js&scripts%5B%5D=sprintf.js&scripts%5B%5D=ajax.js&scripts%5B%5D=keyhandler.js&scripts%5B%5D=jquery/jquery-ui-1.11.2.min.js&scripts%5B%5D=jquery/jquery.cookie.js&scripts%5B%5D=jquery/jquery.mousewheel.js&scripts%5B%5D=jquery/jquery.event.drag-2.2.js&scripts%5B%5D=jquery/jquery-ui-timepicker-addon.js&scripts%5B%5D=jquery/jquery.ba-hashchange-1.3.js&scripts%5B%5D=jquery/jquery.debounce-1.0.5.js&scripts%5B%5D=menu-resizer.js&scripts%5B%5D=cross_framing_protection.js&scripts%5B%5D=rte.js&scripts%5B%5D=tracekit/tracekit.js&scripts%5B%5D=error_report.js&scripts%5B%5D=doclinks.js&scripts%5B%5D=functions.js&scripts%5B%5D=navigation.js&scripts%5B%5D=indexes.js&v=4.5.4.1 HTTP/1.1" 200 216429
::1 - - [02/Dec/2024:13:21:45 -0500] "GET /mysql/js/get_scripts.js.php?scripts%5B%5D=common.js&scripts%5B%5D=config.js&scripts%5B%5D=page_settings.js&scripts%5B%5D=codemirror/lib/codemirror.js&scripts%5B%5D=codemirror/mode/sql/sql.js&scripts%5B%5D=codemirror/addon/runmode/runmode.js&scripts%5B%5D=codemirror/addon/hint/show-hint.js&scripts%5B%5D=codemirror/addon/hint/sql-hint.js&scripts%5B%5D=codemirror/addon/lint/lint.js&scripts%5B%5D=codemirror/addon/lint/sql-lint.js&scripts%5B%5D=console.js&v=4.5.4.1 HTTP/1.1" 200 129440
::1 - - [02/Dec/2024:13:21:45 -0500] "GET /mysql/js/get_image.js.php?theme=pmahomme&v=4.5.4.1 HTTP/1.1" 200 1822
::1 - - [02/Dec/2024:13:21:45 -0500] "GET /mysql/js/messages.php?lang=fr&db=&collation_connection=utf8_unicode_ci&token=06a5d2868e1b8cb1291e9578f821be9b&v=4.5.4.1 HTTP/1.1" 200 9507
::1 - - [02/Dec/2024:13:22:00 -0500] "POST /mysql/index.php HTTP/1.1" 302 25
::1 - - [02/Dec/2024:13:22:03 -0500] "GET /mysql/index.php?token=06a5d2868e1b8cb1291e9578f821be9b&phpMyAdmin=sdqsjklaarn8ph4gj6v2f7jp5832tlnn HTTP/1.1" 200 13628
::1 - - [02/Dec/2024:13:22:07 -0500] "GET /mysql/phpmyadmin.css.php?nocache=6096806484ltr HTTP/1.1" 200 20076
::1 - - [02/Dec/2024:13:22:07 -0500] "GET /mysql/js/whitelist.php?lang=fr&db=&token=06a5d2868e1b8cb1291e9578f821be9b&v=4.5.4.1 HTTP/1.1" 200 482
::1 - - [02/Dec/2024:13:22:07 -0500] "GET /mysql/js/messages.php?lang=fr&db=&token=06a5d2868e1b8cb1291e9578f821be9b&v=4.5.4.1 HTTP/1.1" 200 9507
::1 - - [02/Dec/2024:13:22:07 -0500] "POST /mysql/db_structure.php?ajax_request=1&favorite_table=1&sync_favorite_tables=1&token=06a5d2868e1b8cb1291e9578f821be9b HTTP/1.1" 200 164
::1 - - [02/Dec/2024:13:22:07 -0500] "GET /mysql/version_check.php?server=1&_nocache=173316372757356496 HTTP/1.1" 200 40
::1 - - [02/Dec/2024:13:22:09 -0500] "GET /mysql/db_structure.php?server=1&db=steam&token=06a5d2868e1b8cb1291e9578f821be9b&ajax_request=true&ajax_page_request=true&_nocache=1733163729718562683 HTTP/1.1" 200 7012
::1 - - [02/Dec/2024:13:22:10 -0500] "GET /mysql/js/get_scripts.js.php?scripts%5B%5D=db_structure.js&scripts%5B%5D=tbl_change.js&call_done=1&v=4.5.4.1 HTTP/1.1" 200 10265
::1 - - [02/Dec/2024:13:22:10 -0500] "GET /mysql/navigation.php?ajax_request=1&token=06a5d2868e1b8cb1291e9578f821be9b&aPath=cm9vdA%3D%3D.c3RlYW0%3D&vPath=cm9vdA%3D%3D.c3RlYW0%3D&pos=0&pos2_name=&pos2_value=&searchClause=&searchClause2=&_nocache=1733163730614612001 HTTP/1.1" 200 2435
::1 - - [02/Dec/2024:13:22:10 -0500] "POST /mysql/navigation.php?ajax_request=1&token=06a5d2868e1b8cb1291e9578f821be9b HTTP/1.1" 200 2295
::1 - - [02/Dec/2024:13:22:11 -0500] "GET /mysql/navigation.php?ajax_request=1&token=06a5d2868e1b8cb1291e9578f821be9b&aPath=cm9vdA%3D%3D.c3RlYW0%3D&vPath=cm9vdA%3D%3D.c3RlYW0%3D&pos=0&pos2_name=&pos2_value=&searchClause=&searchClause2=&_nocache=1733163731347761582 HTTP/1.1" 200 2435
::1 - - [02/Dec/2024:13:22:14 -0500] "GET /mysql/sql.php?server=1&db=steam&table=genres&pos=0&token=06a5d2868e1b8cb1291e9578f821be9b&ajax_request=true&ajax_page_request=true&_nocache=1733163734871963225 HTTP/1.1" 200 7440
::1 - - [02/Dec/2024:13:22:16 -0500] "GET /mysql/themes/pmahomme/img/s_fulltext.png HTTP/1.1" 200 193
::1 - - [02/Dec/2024:13:22:16 -0500] "GET /mysql/js/get_scripts.js.php?scripts%5B%5D=jquery/jquery.uitablefilter.js&scripts%5B%5D=gis_data_editor.js&scripts%5B%5D=multi_column_sort.js&scripts%5B%5D=makegrid.js&scripts%5B%5D=sql.js&call_done=1&v=4.5.4.1 HTTP/1.1" 200 30698
::1 - - [02/Dec/2024:13:22:16 -0500] "GET /mysql/themes/pmahomme/img/col_pointer.png HTTP/1.1" 200 113
::1 - - [02/Dec/2024:13:22:16 -0500] "GET /mysql/themes/pmahomme/img/col_drop.png HTTP/1.1" 200 132
::1 - - [02/Dec/2024:13:22:16 -0500] "POST /mysql/navigation.php?ajax_request=1&token=06a5d2868e1b8cb1291e9578f821be9b HTTP/1.1" 200 3232
::1 - - [02/Dec/2024:13:22:16 -0500] "GET /mysql/index.php?ajax_request=1&recent_table=1&token=06a5d2868e1b8cb1291e9578f821be9b&no_debug=true&_nocache=1733163736734794907 HTTP/1.1" 200 1515
::1 - - [02/Dec/2024:13:22:18 -0500] "GET /mysql/tbl_operations.php?db=steam&table=genres&token=06a5d2868e1b8cb1291e9578f821be9b&ajax_request=true&ajax_page_request=true&_nocache=1733163738023248227 HTTP/1.1" 200 6951
::1 - - [02/Dec/2024:13:22:18 -0500] "GET /mysql/js/get_scripts.js.php?scripts%5B%5D=tbl_operations.js&call_done=1&v=4.5.4.1 HTTP/1.1" 200 2332
::1 - - [02/Dec/2024:13:22:18 -0500] "GET /mysql/index.php?ajax_request=1&recent_table=1&token=06a5d2868e1b8cb1291e9578f821be9b&no_debug=true&_nocache=1733163738691142017 HTTP/1.1" 200 1515
::1 - - [02/Dec/2024:13:22:21 -0500] "GET /mysql/themes/pmahomme/jquery/images/ui-bg_highlight-soft_75_cccccc_1x100.png HTTP/1.1" 200 319
::1 - - [02/Dec/2024:13:22:21 -0500] "GET /mysql/themes/pmahomme/jquery/images/ui-bg_flat_75_ffffff_40x100.png HTTP/1.1" 200 247
::1 - - [02/Dec/2024:13:22:21 -0500] "GET /mysql/themes/pmahomme/jquery/images/ui-bg_glass_75_e6e6e6_1x400.png HTTP/1.1" 200 301
::1 - - [02/Dec/2024:13:22:21 -0500] "GET /mysql/themes/pmahomme/jquery/images/ui-icons_888888_256x240.png HTTP/1.1" 200 7092
::1 - - [02/Dec/2024:13:22:21 -0500] "GET /mysql/themes/pmahomme/jquery/images/ui-icons_222222_256x240.png HTTP/1.1" 200 7006
::1 - - [02/Dec/2024:13:22:21 -0500] "GET /mysql/themes/pmahomme/jquery/images/ui-bg_flat_0_aaaaaa_40x100.png HTTP/1.1" 200 251
::1 - - [02/Dec/2024:13:22:21 -0500] "GET /mysql/themes/pmahomme/jquery/images/ui-bg_glass_75_dadada_1x400.png HTTP/1.1" 200 301
::1 - - [02/Dec/2024:13:22:21 -0500] "GET /mysql/sql.php?ajax_request=true&token=06a5d2868e1b8cb1291e9578f821be9b&server=1&get_default_fk_check_value=true&_nocache=1733163741563703131 HTTP/1.1" 200 3978
::1 - - [02/Dec/2024:13:22:24 -0500] "GET /mysql/themes/pmahomme/jquery/images/ui-bg_glass_65_ffffff_1x400.png HTTP/1.1" 200 246
::1 - - [02/Dec/2024:13:22:24 -0500] "GET /mysql/sql.php?db=steam&table=genres&back=tbl_operations.php&goto=db_operations.php&sql_query=DROP+TABLE+%60genres%60&reload=1&purge=1&message_to_show=La+table+genres+a+%C3%A9t%C3%A9+effac%C3%A9e.&token=06a5d2868e1b8cb1291e9578f821be9b&is_js_confirmed=1&ajax_request=true&fk_checks=1&_nocache=1733163744884401585 HTTP/1.1" 200 182
::1 - - [02/Dec/2024:13:22:27 -0500] "GET /mysql/sql.php?server=1&db=steam&table=jeux&pos=0&token=06a5d2868e1b8cb1291e9578f821be9b&ajax_request=true&ajax_page_request=true&_nocache=173316374713429839 HTTP/1.1" 200 8996
::1 - - [02/Dec/2024:13:22:27 -0500] "GET /mysql/index.php?ajax_request=1&recent_table=1&token=06a5d2868e1b8cb1291e9578f821be9b&no_debug=true&_nocache=173316374760796080 HTTP/1.1" 200 1514
::1 - - [02/Dec/2024:13:22:27 -0500] "POST /mysql/navigation.php?ajax_request=1&token=06a5d2868e1b8cb1291e9578f821be9b HTTP/1.1" 200 3232
::1 - - [02/Dec/2024:13:22:29 -0500] "GET /mysql/tbl_operations.php?db=steam&table=jeux&token=06a5d2868e1b8cb1291e9578f821be9b&ajax_request=true&ajax_page_request=true&_nocache=1733163749502844250 HTTP/1.1" 200 6948
::1 - - [02/Dec/2024:13:22:29 -0500] "GET /mysql/index.php?ajax_request=1&recent_table=1&token=06a5d2868e1b8cb1291e9578f821be9b&no_debug=true&_nocache=1733163749790893766 HTTP/1.1" 200 1514
::1 - - [02/Dec/2024:13:22:31 -0500] "GET /mysql/sql.php?ajax_request=true&token=06a5d2868e1b8cb1291e9578f821be9b&server=1&get_default_fk_check_value=true&_nocache=1733163751381178798 HTTP/1.1" 200 3978
::1 - - [02/Dec/2024:13:22:32 -0500] "GET /mysql/sql.php?db=steam&table=jeux&back=tbl_operations.php&goto=db_operations.php&sql_query=DROP+TABLE+%60jeux%60&reload=1&purge=1&message_to_show=La+table+jeux+a+%C3%A9t%C3%A9+effac%C3%A9e.&token=06a5d2868e1b8cb1291e9578f821be9b&is_js_confirmed=1&ajax_request=true&fk_checks=1&_nocache=1733163752587797032 HTTP/1.1" 200 1903
::1 - - [02/Dec/2024:13:22:32 -0500] "POST /mysql/navigation.php?ajax_request=1&token=06a5d2868e1b8cb1291e9578f821be9b HTTP/1.1" 200 3193
::1 - - [02/Dec/2024:13:22:32 -0500] "GET /mysql/db_structure.php?token=06a5d2868e1b8cb1291e9578f821be9b&server=1&db=steam&table=&ajax_request=true&ajax_page_request=true&_nocache=1733163752952489147 HTTP/1.1" 200 6866
::1 - - [02/Dec/2024:13:22:33 -0500] "POST /mysql/navigation.php?ajax_request=1&token=06a5d2868e1b8cb1291e9578f821be9b HTTP/1.1" 200 3193
::1 - - [02/Dec/2024:13:22:35 -0500] "GET /mysql/sql.php?server=1&db=steam&table=genres&pos=0&token=06a5d2868e1b8cb1291e9578f821be9b&ajax_request=true&ajax_page_request=true&_nocache=1733163755399888874 HTTP/1.1" 200 7443
::1 - - [02/Dec/2024:13:22:35 -0500] "GET /mysql/index.php?ajax_request=1&recent_table=1&token=06a5d2868e1b8cb1291e9578f821be9b&no_debug=true&_nocache=1733163755731537102 HTTP/1.1" 200 1515
::1 - - [02/Dec/2024:13:22:35 -0500] "POST /mysql/navigation.php?ajax_request=1&token=06a5d2868e1b8cb1291e9578f821be9b HTTP/1.1" 200 3193
::1 - - [02/Dec/2024:13:22:37 -0500] "GET /mysql/tbl_operations.php?db=steam&table=genres&token=06a5d2868e1b8cb1291e9578f821be9b&ajax_request=true&ajax_page_request=true&_nocache=1733163757429217330 HTTP/1.1" 200 6951
::1 - - [02/Dec/2024:13:22:37 -0500] "GET /mysql/index.php?ajax_request=1&recent_table=1&token=06a5d2868e1b8cb1291e9578f821be9b&no_debug=true&_nocache=173316375770062320 HTTP/1.1" 200 1515
::1 - - [02/Dec/2024:13:22:38 -0500] "GET /mysql/sql.php?ajax_request=true&token=06a5d2868e1b8cb1291e9578f821be9b&server=1&get_default_fk_check_value=true&_nocache=173316375865175828 HTTP/1.1" 200 3978
::1 - - [02/Dec/2024:13:22:39 -0500] "GET /mysql/themes/pmahomme/jquery/images/ui-icons_454545_256x240.png HTTP/1.1" 200 7071
::1 - - [02/Dec/2024:13:22:40 -0500] "GET /mysql/sql.php?db=steam&table=genres&back=tbl_operations.php&goto=db_operations.php&sql_query=DROP+TABLE+%60genres%60&reload=1&purge=1&message_to_show=La+table+genres+a+%C3%A9t%C3%A9+effac%C3%A9e.&token=06a5d2868e1b8cb1291e9578f821be9b&is_js_confirmed=1&ajax_request=true&fk_checks=1&_nocache=1733163760142310899 HTTP/1.1" 200 1908
::1 - - [02/Dec/2024:13:22:40 -0500] "POST /mysql/navigation.php?ajax_request=1&token=06a5d2868e1b8cb1291e9578f821be9b HTTP/1.1" 200 3159
::1 - - [02/Dec/2024:13:22:40 -0500] "GET /mysql/db_structure.php?token=06a5d2868e1b8cb1291e9578f821be9b&server=1&db=steam&table=&ajax_request=true&ajax_page_request=true&_nocache=1733163760461999176 HTTP/1.1" 200 6716
::1 - - [02/Dec/2024:13:22:41 -0500] "POST /mysql/navigation.php?ajax_request=1&token=06a5d2868e1b8cb1291e9578f821be9b HTTP/1.1" 200 3159
::1 - - [02/Dec/2024:13:23:39 -0500] "GET /mysql/ HTTP/1.1" 200 13575
::1 - - [02/Dec/2024:13:23:39 -0500] "GET /mysql/phpmyadmin.css.php?nocache=6089639281ltr HTTP/1.1" 200 20076
::1 - - [02/Dec/2024:13:23:39 -0500] "GET /mysql/version_check.php?server=1&_nocache=1733163819842882280 HTTP/1.1" 200 40
::1 - - [02/Dec/2024:13:23:39 -0500] "POST /mysql/db_structure.php?ajax_request=1&favorite_table=1&sync_favorite_tables=1&token=06a5d2868e1b8cb1291e9578f821be9b HTTP/1.1" 200 164
::1 - - [02/Dec/2024:13:23:41 -0500] "GET /mysql/db_structure.php?server=1&db=steam&token=06a5d2868e1b8cb1291e9578f821be9b&ajax_request=true&ajax_page_request=true&_nocache=1733163821197175401 HTTP/1.1" 200 7006
::1 - - [02/Dec/2024:13:23:41 -0500] "GET /mysql/navigation.php?ajax_request=1&token=06a5d2868e1b8cb1291e9578f821be9b&aPath=cm9vdA%3D%3D.c3RlYW0%3D&vPath=cm9vdA%3D%3D.c3RlYW0%3D&pos=0&pos2_name=&pos2_value=&searchClause=&searchClause2=&_nocache=1733163821539646276 HTTP/1.1" 200 2437
::1 - - [02/Dec/2024:13:23:41 -0500] "POST /mysql/navigation.php?ajax_request=1&token=06a5d2868e1b8cb1291e9578f821be9b HTTP/1.1" 200 2310
::1 - - [02/Dec/2024:13:23:41 -0500] "GET /mysql/navigation.php?ajax_request=1&token=06a5d2868e1b8cb1291e9578f821be9b&aPath=cm9vdA%3D%3D.c3RlYW0%3D&vPath=cm9vdA%3D%3D.c3RlYW0%3D&pos=0&pos2_name=&pos2_value=&searchClause=&searchClause2=&_nocache=1733163821977296626 HTTP/1.1" 200 2437
::1 - - [02/Dec/2024:13:23:43 -0500] "GET /mysql/sql.php?db=steam&token=06a5d2868e1b8cb1291e9578f821be9b&goto=db_structure.php&table=genres&pos=0&ajax_request=true&ajax_page_request=true&_nocache=1733163823868960446 HTTP/1.1" 200 4643
::1 - - [02/Dec/2024:13:23:44 -0500] "GET /mysql/js/get_scripts.js.php?scripts%5B%5D=jquery/jquery.uitablefilter.js&scripts%5B%5D=gis_data_editor.js&scripts%5B%5D=multi_column_sort.js&call_done=1&v=4.5.4.1 HTTP/1.1" 200 5811
::1 - - [02/Dec/2024:13:23:44 -0500] "GET /mysql/index.php?ajax_request=1&recent_table=1&token=06a5d2868e1b8cb1291e9578f821be9b&no_debug=true&_nocache=173316382433869192 HTTP/1.1" 200 1515
::1 - - [02/Dec/2024:13:24:31 -0500] "GET /mysql/sql.php?server=1&db=steam&table=jeux&pos=0&token=06a5d2868e1b8cb1291e9578f821be9b&ajax_request=true&ajax_page_request=true&_nocache=1733163871183250616 HTTP/1.1" 200 4642
::1 - - [02/Dec/2024:13:24:31 -0500] "GET /mysql/index.php?ajax_request=1&recent_table=1&token=06a5d2868e1b8cb1291e9578f821be9b&no_debug=true&_nocache=1733163871494802472 HTTP/1.1" 200 1514
::1 - - [02/Dec/2024:13:24:31 -0500] "POST /mysql/navigation.php?ajax_request=1&token=06a5d2868e1b8cb1291e9578f821be9b HTTP/1.1" 200 3232
::1 - - [02/Dec/2024:13:30:23 -0500] "GET /mysql/ HTTP/1.1" 200 13629
::1 - - [02/Dec/2024:13:30:24 -0500] "GET /mysql/version_check.php?server=1&_nocache=1733164224751483491 HTTP/1.1" 200 40
::1 - - [02/Dec/2024:13:30:24 -0500] "POST /mysql/db_structure.php?ajax_request=1&favorite_table=1&sync_favorite_tables=1&token=06a5d2868e1b8cb1291e9578f821be9b HTTP/1.1" 200 164
::1 - - [02/Dec/2024:13:30:33 -0500] "GET / HTTP/1.1" 304 -
::1 - - [02/Dec/2024:13:30:34 -0500] "GET /css/bootstrap.min.css HTTP/1.1" 404 318
::1 - - [02/Dec/2024:13:30:34 -0500] "GET /js/bootstrap.min.js HTTP/1.1" 404 316
::1 - - [02/Dec/2024:13:30:34 -0500] "GET /favicon.ico HTTP/1.1" 404 308
