[Tue Aug 20 15:18:38.856776 2024] [ssl:warn] [pid 7144:tid 476] AH01906: main-serveur:443:0 server certificate is a CA certificate (BasicConstraints: CA == TRUE !?)
[Tue Aug 20 15:18:38.858776 2024] [ssl:warn] [pid 7144:tid 476] AH01909: main-serveur:443:0 server certificate does NOT include an ID which matches the server name
[Tue Aug 20 15:18:40.286588 2024] [ssl:warn] [pid 7144:tid 476] AH01873: Init: Session Cache is not configured [hint: SSLSessionCache]
[Tue Aug 20 15:18:40.287589 2024] [ssl:warn] [pid 7144:tid 476] AH01906: main-serveur:443:0 server certificate is a CA certificate (BasicConstraints: CA == TRUE !?)
[Tue Aug 20 15:18:40.287589 2024] [ssl:warn] [pid 7144:tid 476] AH01909: main-serveur:443:0 server certificate does NOT include an ID which matches the server name
[Tue Aug 20 15:18:40.482611 2024] [mpm_winnt:notice] [pid 7144:tid 476] AH00455: Apache/2.4.18 (Win32) OpenSSL/1.0.2f PHP/5.6.18 configured -- resuming normal operations
[Tue Aug 20 15:18:40.482611 2024] [mpm_winnt:notice] [pid 7144:tid 476] AH00456: Server built: Jan 28 2016 09:58:25
[Tue Aug 20 15:18:40.482611 2024] [core:notice] [pid 7144:tid 476] AH00094: Command line: 'E:\\Web III\\UwAmp\\bin\\apache\\bin\\httpd.exe -d E:/Web III/UwAmp/bin/apache -f E:\\Web III\\UwAmp\\bin\\apache\\conf\\httpd.conf'
[Tue Aug 20 15:18:40.491126 2024] [mpm_winnt:notice] [pid 7144:tid 476] AH00418: Parent: Created child process 12960
[Tue Aug 20 15:18:41.551100 2024] [ssl:warn] [pid 12960:tid 692] AH01906: main-serveur:443:0 server certificate is a CA certificate (BasicConstraints: CA == TRUE !?)
[Tue Aug 20 15:18:41.552100 2024] [ssl:warn] [pid 12960:tid 692] AH01909: main-serveur:443:0 server certificate does NOT include an ID which matches the server name
[Tue Aug 20 15:18:41.839381 2024] [ssl:warn] [pid 12960:tid 692] AH01873: Init: Session Cache is not configured [hint: SSLSessionCache]
[Tue Aug 20 15:18:41.921627 2024] [ssl:warn] [pid 12960:tid 692] AH01906: main-serveur:443:0 server certificate is a CA certificate (BasicConstraints: CA == TRUE !?)
[Tue Aug 20 15:18:41.921627 2024] [ssl:warn] [pid 12960:tid 692] AH01909: main-serveur:443:0 server certificate does NOT include an ID which matches the server name
[Tue Aug 20 15:18:42.137404 2024] [mpm_winnt:notice] [pid 12960:tid 692] AH00354: Child: Starting 64 worker threads.
[Tue Aug 20 15:48:23.638628 2024] [:error] [pid 12960:tid 1376] [client ::1:59395] PHP Notice:  Undefined index: citation in E:\\Web III\\UwAmp\\www\\HelloPHPWorld\\traitement.php on line 14, referer: http://localhost/HelloPHPWorld/
[Tue Aug 20 15:48:23.639638 2024] [:error] [pid 12960:tid 1376] [client ::1:59395] PHP Stack trace:, referer: http://localhost/HelloPHPWorld/
[Tue Aug 20 15:48:23.639638 2024] [:error] [pid 12960:tid 1376] [client ::1:59395] PHP   1. {main}() E:\\Web III\\UwAmp\\www\\HelloPHPWorld\\traitement.php:0, referer: http://localhost/HelloPHPWorld/
[Tue Aug 20 15:48:51.673211 2024] [:error] [pid 12960:tid 1376] [client ::1:59396] PHP Notice:  Undefined index: citation in E:\\Web III\\UwAmp\\www\\HelloPHPWorld\\traitement.php on line 14, referer: http://localhost/HelloPHPWorld/
[Tue Aug 20 15:48:51.673211 2024] [:error] [pid 12960:tid 1376] [client ::1:59396] PHP Stack trace:, referer: http://localhost/HelloPHPWorld/
[Tue Aug 20 15:48:51.673211 2024] [:error] [pid 12960:tid 1376] [client ::1:59396] PHP   1. {main}() E:\\Web III\\UwAmp\\www\\HelloPHPWorld\\traitement.php:0, referer: http://localhost/HelloPHPWorld/
[Tue Aug 20 15:49:19.283491 2024] [:error] [pid 12960:tid 1376] [client ::1:59404] PHP Notice:  Undefined index: citation in E:\\Web III\\UwAmp\\www\\HelloPHPWorld\\traitement.php on line 14, referer: http://localhost/HelloPHPWorld/
[Tue Aug 20 15:49:19.283491 2024] [:error] [pid 12960:tid 1376] [client ::1:59404] PHP Stack trace:, referer: http://localhost/HelloPHPWorld/
[Tue Aug 20 15:49:19.283491 2024] [:error] [pid 12960:tid 1376] [client ::1:59404] PHP   1. {main}() E:\\Web III\\UwAmp\\www\\HelloPHPWorld\\traitement.php:0, referer: http://localhost/HelloPHPWorld/
[Tue Aug 20 15:49:21.703100 2024] [:error] [pid 12960:tid 1376] [client ::1:59404] PHP Notice:  Undefined index: citation in E:\\Web III\\UwAmp\\www\\HelloPHPWorld\\traitement.php on line 14, referer: http://localhost/HelloPHPWorld/
[Tue Aug 20 15:49:21.703100 2024] [:error] [pid 12960:tid 1376] [client ::1:59404] PHP Stack trace:, referer: http://localhost/HelloPHPWorld/
[Tue Aug 20 15:49:21.703100 2024] [:error] [pid 12960:tid 1376] [client ::1:59404] PHP   1. {main}() E:\\Web III\\UwAmp\\www\\HelloPHPWorld\\traitement.php:0, referer: http://localhost/HelloPHPWorld/
[Tue Aug 20 15:49:44.429047 2024] [:error] [pid 12960:tid 1376] [client ::1:59413] PHP Notice:  Undefined index: citation in E:\\Web III\\UwAmp\\www\\HelloPHPWorld\\traitement.php on line 14, referer: http://localhost/HelloPHPWorld/
[Tue Aug 20 15:49:44.429047 2024] [:error] [pid 12960:tid 1376] [client ::1:59413] PHP Stack trace:, referer: http://localhost/HelloPHPWorld/
[Tue Aug 20 15:49:44.429047 2024] [:error] [pid 12960:tid 1376] [client ::1:59413] PHP   1. {main}() E:\\Web III\\UwAmp\\www\\HelloPHPWorld\\traitement.php:0, referer: http://localhost/HelloPHPWorld/
[Tue Aug 20 15:49:45.317851 2024] [:error] [pid 12960:tid 1376] [client ::1:59413] PHP Notice:  Undefined index: citation in E:\\Web III\\UwAmp\\www\\HelloPHPWorld\\traitement.php on line 14, referer: http://localhost/HelloPHPWorld/
[Tue Aug 20 15:49:45.317851 2024] [:error] [pid 12960:tid 1376] [client ::1:59413] PHP Stack trace:, referer: http://localhost/HelloPHPWorld/
[Tue Aug 20 15:49:45.317851 2024] [:error] [pid 12960:tid 1376] [client ::1:59413] PHP   1. {main}() E:\\Web III\\UwAmp\\www\\HelloPHPWorld\\traitement.php:0, referer: http://localhost/HelloPHPWorld/
[Tue Aug 20 15:49:45.818890 2024] [:error] [pid 12960:tid 1376] [client ::1:59413] PHP Notice:  Undefined index: citation in E:\\Web III\\UwAmp\\www\\HelloPHPWorld\\traitement.php on line 14, referer: http://localhost/HelloPHPWorld/
[Tue Aug 20 15:49:45.818890 2024] [:error] [pid 12960:tid 1376] [client ::1:59413] PHP Stack trace:, referer: http://localhost/HelloPHPWorld/
[Tue Aug 20 15:49:45.818890 2024] [:error] [pid 12960:tid 1376] [client ::1:59413] PHP   1. {main}() E:\\Web III\\UwAmp\\www\\HelloPHPWorld\\traitement.php:0, referer: http://localhost/HelloPHPWorld/
[Tue Aug 20 15:49:46.013429 2024] [:error] [pid 12960:tid 1376] [client ::1:59413] PHP Notice:  Undefined index: citation in E:\\Web III\\UwAmp\\www\\HelloPHPWorld\\traitement.php on line 14, referer: http://localhost/HelloPHPWorld/
[Tue Aug 20 15:49:46.013429 2024] [:error] [pid 12960:tid 1376] [client ::1:59413] PHP Stack trace:, referer: http://localhost/HelloPHPWorld/
[Tue Aug 20 15:49:46.013429 2024] [:error] [pid 12960:tid 1376] [client ::1:59413] PHP   1. {main}() E:\\Web III\\UwAmp\\www\\HelloPHPWorld\\traitement.php:0, referer: http://localhost/HelloPHPWorld/
[Tue Aug 20 15:49:46.362126 2024] [:error] [pid 12960:tid 1376] [client ::1:59413] PHP Notice:  Undefined index: citation in E:\\Web III\\UwAmp\\www\\HelloPHPWorld\\traitement.php on line 14, referer: http://localhost/HelloPHPWorld/
[Tue Aug 20 15:49:46.362126 2024] [:error] [pid 12960:tid 1376] [client ::1:59413] PHP Stack trace:, referer: http://localhost/HelloPHPWorld/
[Tue Aug 20 15:49:46.362126 2024] [:error] [pid 12960:tid 1376] [client ::1:59413] PHP   1. {main}() E:\\Web III\\UwAmp\\www\\HelloPHPWorld\\traitement.php:0, referer: http://localhost/HelloPHPWorld/
[Tue Aug 20 15:49:46.565702 2024] [:error] [pid 12960:tid 1376] [client ::1:59413] PHP Notice:  Undefined index: citation in E:\\Web III\\UwAmp\\www\\HelloPHPWorld\\traitement.php on line 14, referer: http://localhost/HelloPHPWorld/
[Tue Aug 20 15:49:46.565702 2024] [:error] [pid 12960:tid 1376] [client ::1:59413] PHP Stack trace:, referer: http://localhost/HelloPHPWorld/
[Tue Aug 20 15:49:46.565702 2024] [:error] [pid 12960:tid 1376] [client ::1:59413] PHP   1. {main}() E:\\Web III\\UwAmp\\www\\HelloPHPWorld\\traitement.php:0, referer: http://localhost/HelloPHPWorld/
[Tue Aug 20 15:49:46.756742 2024] [:error] [pid 12960:tid 1376] [client ::1:59413] PHP Notice:  Undefined index: citation in E:\\Web III\\UwAmp\\www\\HelloPHPWorld\\traitement.php on line 14, referer: http://localhost/HelloPHPWorld/
[Tue Aug 20 15:49:46.756742 2024] [:error] [pid 12960:tid 1376] [client ::1:59413] PHP Stack trace:, referer: http://localhost/HelloPHPWorld/
[Tue Aug 20 15:49:46.756742 2024] [:error] [pid 12960:tid 1376] [client ::1:59413] PHP   1. {main}() E:\\Web III\\UwAmp\\www\\HelloPHPWorld\\traitement.php:0, referer: http://localhost/HelloPHPWorld/
[Tue Aug 20 15:49:46.968756 2024] [:error] [pid 12960:tid 1376] [client ::1:59413] PHP Notice:  Undefined index: citation in E:\\Web III\\UwAmp\\www\\HelloPHPWorld\\traitement.php on line 14, referer: http://localhost/HelloPHPWorld/
[Tue Aug 20 15:49:46.968756 2024] [:error] [pid 12960:tid 1376] [client ::1:59413] PHP Stack trace:, referer: http://localhost/HelloPHPWorld/
[Tue Aug 20 15:49:46.968756 2024] [:error] [pid 12960:tid 1376] [client ::1:59413] PHP   1. {main}() E:\\Web III\\UwAmp\\www\\HelloPHPWorld\\traitement.php:0, referer: http://localhost/HelloPHPWorld/
[Tue Aug 20 15:49:47.201614 2024] [:error] [pid 12960:tid 1376] [client ::1:59413] PHP Notice:  Undefined index: citation in E:\\Web III\\UwAmp\\www\\HelloPHPWorld\\traitement.php on line 14, referer: http://localhost/HelloPHPWorld/
[Tue Aug 20 15:49:47.201614 2024] [:error] [pid 12960:tid 1376] [client ::1:59413] PHP Stack trace:, referer: http://localhost/HelloPHPWorld/
[Tue Aug 20 15:49:47.201614 2024] [:error] [pid 12960:tid 1376] [client ::1:59413] PHP   1. {main}() E:\\Web III\\UwAmp\\www\\HelloPHPWorld\\traitement.php:0, referer: http://localhost/HelloPHPWorld/
[Tue Aug 20 15:49:48.964051 2024] [:error] [pid 12960:tid 1376] [client ::1:59413] PHP Notice:  Undefined index: citation in E:\\Web III\\UwAmp\\www\\HelloPHPWorld\\traitement.php on line 14, referer: http://localhost/HelloPHPWorld/
[Tue Aug 20 15:49:48.964051 2024] [:error] [pid 12960:tid 1376] [client ::1:59413] PHP Stack trace:, referer: http://localhost/HelloPHPWorld/
[Tue Aug 20 15:49:48.964051 2024] [:error] [pid 12960:tid 1376] [client ::1:59413] PHP   1. {main}() E:\\Web III\\UwAmp\\www\\HelloPHPWorld\\traitement.php:0, referer: http://localhost/HelloPHPWorld/
[Tue Aug 20 15:50:35.266097 2024] [:error] [pid 12960:tid 1376] [client ::1:59422] PHP Notice:  Undefined index: citation in E:\\Web III\\UwAmp\\www\\HelloPHPWorld\\traitement.php on line 14, referer: http://localhost/HelloPHPWorld/
[Tue Aug 20 15:50:35.266097 2024] [:error] [pid 12960:tid 1376] [client ::1:59422] PHP Stack trace:, referer: http://localhost/HelloPHPWorld/
[Tue Aug 20 15:50:35.266097 2024] [:error] [pid 12960:tid 1376] [client ::1:59422] PHP   1. {main}() E:\\Web III\\UwAmp\\www\\HelloPHPWorld\\traitement.php:0, referer: http://localhost/HelloPHPWorld/
[Tue Aug 20 15:51:53.934280 2024] [:error] [pid 12960:tid 1376] [client ::1:59462] PHP Notice:  Undefined index: citation in E:\\Web III\\UwAmp\\www\\HelloPHPWorld\\traitement.php on line 14, referer: http://localhost/HelloPHPWorld/
[Tue Aug 20 15:51:53.934280 2024] [:error] [pid 12960:tid 1376] [client ::1:59462] PHP Stack trace:, referer: http://localhost/HelloPHPWorld/
[Tue Aug 20 15:51:53.934280 2024] [:error] [pid 12960:tid 1376] [client ::1:59462] PHP   1. {main}() E:\\Web III\\UwAmp\\www\\HelloPHPWorld\\traitement.php:0, referer: http://localhost/HelloPHPWorld/
[Tue Aug 20 15:51:54.614553 2024] [:error] [pid 12960:tid 1376] [client ::1:59462] PHP Notice:  Undefined index: citation in E:\\Web III\\UwAmp\\www\\HelloPHPWorld\\traitement.php on line 14, referer: http://localhost/HelloPHPWorld/
[Tue Aug 20 15:51:54.614553 2024] [:error] [pid 12960:tid 1376] [client ::1:59462] PHP Stack trace:, referer: http://localhost/HelloPHPWorld/
[Tue Aug 20 15:51:54.614553 2024] [:error] [pid 12960:tid 1376] [client ::1:59462] PHP   1. {main}() E:\\Web III\\UwAmp\\www\\HelloPHPWorld\\traitement.php:0, referer: http://localhost/HelloPHPWorld/
[Tue Aug 20 15:51:54.772532 2024] [:error] [pid 12960:tid 1376] [client ::1:59462] PHP Notice:  Undefined index: citation in E:\\Web III\\UwAmp\\www\\HelloPHPWorld\\traitement.php on line 14, referer: http://localhost/HelloPHPWorld/
[Tue Aug 20 15:51:54.772532 2024] [:error] [pid 12960:tid 1376] [client ::1:59462] PHP Stack trace:, referer: http://localhost/HelloPHPWorld/
[Tue Aug 20 15:51:54.772532 2024] [:error] [pid 12960:tid 1376] [client ::1:59462] PHP   1. {main}() E:\\Web III\\UwAmp\\www\\HelloPHPWorld\\traitement.php:0, referer: http://localhost/HelloPHPWorld/
[Tue Aug 20 15:57:14.463754 2024] [:error] [pid 12960:tid 1376] [client ::1:59608] PHP Notice:  Undefined index: citation in E:\\Web III\\UwAmp\\www\\HelloPHPWorld\\traitement.php on line 14, referer: http://localhost/HelloPHPWorld/
[Tue Aug 20 15:57:14.463754 2024] [:error] [pid 12960:tid 1376] [client ::1:59608] PHP Stack trace:, referer: http://localhost/HelloPHPWorld/
[Tue Aug 20 15:57:14.463754 2024] [:error] [pid 12960:tid 1376] [client ::1:59608] PHP   1. {main}() E:\\Web III\\UwAmp\\www\\HelloPHPWorld\\traitement.php:0, referer: http://localhost/HelloPHPWorld/
[Tue Aug 20 15:57:50.198812 2024] [:error] [pid 12960:tid 1376] [client ::1:59631] PHP Notice:  Undefined index: citation in E:\\Web III\\UwAmp\\www\\HelloPHPWorld\\traitement.php on line 14, referer: http://localhost/HelloPHPWorld/
[Tue Aug 20 15:57:50.198812 2024] [:error] [pid 12960:tid 1376] [client ::1:59631] PHP Stack trace:, referer: http://localhost/HelloPHPWorld/
[Tue Aug 20 15:57:50.198812 2024] [:error] [pid 12960:tid 1376] [client ::1:59631] PHP   1. {main}() E:\\Web III\\UwAmp\\www\\HelloPHPWorld\\traitement.php:0, referer: http://localhost/HelloPHPWorld/
[Tue Aug 20 15:58:58.194193 2024] [:error] [pid 12960:tid 1376] [client ::1:59715] PHP Notice:  Undefined index: citation in E:\\Web III\\UwAmp\\www\\HelloPHPWorld\\traitement.php on line 14, referer: http://localhost/HelloPHPWorld/
[Tue Aug 20 15:58:58.194193 2024] [:error] [pid 12960:tid 1376] [client ::1:59715] PHP Stack trace:, referer: http://localhost/HelloPHPWorld/
[Tue Aug 20 15:58:58.194193 2024] [:error] [pid 12960:tid 1376] [client ::1:59715] PHP   1. {main}() E:\\Web III\\UwAmp\\www\\HelloPHPWorld\\traitement.php:0, referer: http://localhost/HelloPHPWorld/
[Tue Aug 20 15:59:01.073895 2024] [:error] [pid 12960:tid 1376] [client ::1:59715] PHP Notice:  Undefined index: citation in E:\\Web III\\UwAmp\\www\\HelloPHPWorld\\traitement.php on line 14, referer: http://localhost/HelloPHPWorld/
[Tue Aug 20 15:59:01.073895 2024] [:error] [pid 12960:tid 1376] [client ::1:59715] PHP Stack trace:, referer: http://localhost/HelloPHPWorld/
[Tue Aug 20 15:59:01.073895 2024] [:error] [pid 12960:tid 1376] [client ::1:59715] PHP   1. {main}() E:\\Web III\\UwAmp\\www\\HelloPHPWorld\\traitement.php:0, referer: http://localhost/HelloPHPWorld/
[Tue Aug 20 16:04:18.863559 2024] [:error] [pid 12960:tid 1376] [client ::1:59918] PHP Parse error:  syntax error, unexpected '<' in E:\\Web III\\UwAmp\\www\\HelloPHPWorld\\traitement.php on line 34, referer: http://localhost/HelloPHPWorld/
[Tue Aug 20 17:14:32.002533 2024] [:error] [pid 12960:tid 1376] [client ::1:64080] PHP Fatal error:  Call to undefined function iset() in E:\\Web III\\UwAmp\\www\\HelloPHPWorld\\traitement.php on line 26, referer: http://localhost/HelloPHPWorld/
[Tue Aug 20 17:14:32.002533 2024] [:error] [pid 12960:tid 1376] [client ::1:64080] PHP Stack trace:, referer: http://localhost/HelloPHPWorld/
[Tue Aug 20 17:14:32.002533 2024] [:error] [pid 12960:tid 1376] [client ::1:64080] PHP   1. {main}() E:\\Web III\\UwAmp\\www\\HelloPHPWorld\\traitement.php:0, referer: http://localhost/HelloPHPWorld/
[Tue Aug 20 17:14:32.890477 2024] [:error] [pid 12960:tid 1376] [client ::1:64080] PHP Fatal error:  Call to undefined function iset() in E:\\Web III\\UwAmp\\www\\HelloPHPWorld\\traitement.php on line 26, referer: http://localhost/HelloPHPWorld/
[Tue Aug 20 17:14:32.890477 2024] [:error] [pid 12960:tid 1376] [client ::1:64080] PHP Stack trace:, referer: http://localhost/HelloPHPWorld/
[Tue Aug 20 17:14:32.890477 2024] [:error] [pid 12960:tid 1376] [client ::1:64080] PHP   1. {main}() E:\\Web III\\UwAmp\\www\\HelloPHPWorld\\traitement.php:0, referer: http://localhost/HelloPHPWorld/
[Tue Aug 20 17:14:33.048225 2024] [:error] [pid 12960:tid 1376] [client ::1:64080] PHP Fatal error:  Call to undefined function iset() in E:\\Web III\\UwAmp\\www\\HelloPHPWorld\\traitement.php on line 26, referer: http://localhost/HelloPHPWorld/
[Tue Aug 20 17:14:33.048225 2024] [:error] [pid 12960:tid 1376] [client ::1:64080] PHP Stack trace:, referer: http://localhost/HelloPHPWorld/
[Tue Aug 20 17:14:33.048225 2024] [:error] [pid 12960:tid 1376] [client ::1:64080] PHP   1. {main}() E:\\Web III\\UwAmp\\www\\HelloPHPWorld\\traitement.php:0, referer: http://localhost/HelloPHPWorld/
[Tue Aug 20 17:15:56.912622 2024] [:error] [pid 12960:tid 1376] [client ::1:64133] PHP Notice:  Undefined index: nom in E:\\Web III\\UwAmp\\www\\HelloPHPWorld\\traitement.php on line 12
[Tue Aug 20 17:15:56.912622 2024] [:error] [pid 12960:tid 1376] [client ::1:64133] PHP Stack trace:
[Tue Aug 20 17:15:56.912622 2024] [:error] [pid 12960:tid 1376] [client ::1:64133] PHP   1. {main}() E:\\Web III\\UwAmp\\www\\HelloPHPWorld\\traitement.php:0
[Tue Aug 20 17:15:56.912622 2024] [:error] [pid 12960:tid 1376] [client ::1:64133] PHP Notice:  Undefined index: nom in E:\\Web III\\UwAmp\\www\\HelloPHPWorld\\traitement.php on line 14
[Tue Aug 20 17:15:56.912622 2024] [:error] [pid 12960:tid 1376] [client ::1:64133] PHP Stack trace:
[Tue Aug 20 17:15:56.912622 2024] [:error] [pid 12960:tid 1376] [client ::1:64133] PHP   1. {main}() E:\\Web III\\UwAmp\\www\\HelloPHPWorld\\traitement.php:0
[Tue Aug 20 17:31:34.191273 2024] [mpm_winnt:crit] [pid 12960:tid 692] AH02538: Child: Parent process exited abruptly. Child process is ending
[Tue Aug 20 18:02:10.570846 2024] [ssl:warn] [pid 2240:tid 648] AH01906: main-serveur:443:0 server certificate is a CA certificate (BasicConstraints: CA == TRUE !?)
[Tue Aug 20 18:02:10.586462 2024] [ssl:warn] [pid 2240:tid 648] AH01909: main-serveur:443:0 server certificate does NOT include an ID which matches the server name
[Tue Aug 20 18:02:10.633321 2024] [core:warn] [pid 2240:tid 648] AH00098: pid file D:/Web III/UwAmp/bin/apache/logs/httpd.pid overwritten -- Unclean shutdown of previous Apache run?
[Tue Aug 20 18:02:10.773912 2024] [ssl:warn] [pid 2240:tid 648] AH01873: Init: Session Cache is not configured [hint: SSLSessionCache]
[Tue Aug 20 18:02:10.773912 2024] [ssl:warn] [pid 2240:tid 648] AH01906: main-serveur:443:0 server certificate is a CA certificate (BasicConstraints: CA == TRUE !?)
[Tue Aug 20 18:02:10.773912 2024] [ssl:warn] [pid 2240:tid 648] AH01909: main-serveur:443:0 server certificate does NOT include an ID which matches the server name
[Tue Aug 20 18:02:12.195455 2024] [mpm_winnt:notice] [pid 2240:tid 648] AH00455: Apache/2.4.18 (Win32) OpenSSL/1.0.2f PHP/5.6.18 configured -- resuming normal operations
[Tue Aug 20 18:02:12.195455 2024] [mpm_winnt:notice] [pid 2240:tid 648] AH00456: Server built: Jan 28 2016 09:58:25
[Tue Aug 20 18:02:12.195455 2024] [core:notice] [pid 2240:tid 648] AH00094: Command line: 'D:\\Web III\\UwAmp\\bin\\apache\\bin\\httpd.exe -d D:/Web III/UwAmp/bin/apache -f D:\\Web III\\UwAmp\\bin\\apache\\conf\\httpd.conf'
[Tue Aug 20 18:02:12.211110 2024] [mpm_winnt:notice] [pid 2240:tid 648] AH00418: Parent: Created child process 22508
[Tue Aug 20 18:02:13.007797 2024] [ssl:warn] [pid 22508:tid 564] AH01906: main-serveur:443:0 server certificate is a CA certificate (BasicConstraints: CA == TRUE !?)
[Tue Aug 20 18:02:13.007797 2024] [ssl:warn] [pid 22508:tid 564] AH01909: main-serveur:443:0 server certificate does NOT include an ID which matches the server name
[Tue Aug 20 18:02:13.179600 2024] [ssl:warn] [pid 22508:tid 564] AH01873: Init: Session Cache is not configured [hint: SSLSessionCache]
[Tue Aug 20 18:02:13.179600 2024] [ssl:warn] [pid 22508:tid 564] AH01906: main-serveur:443:0 server certificate is a CA certificate (BasicConstraints: CA == TRUE !?)
[Tue Aug 20 18:02:13.179600 2024] [ssl:warn] [pid 22508:tid 564] AH01909: main-serveur:443:0 server certificate does NOT include an ID which matches the server name
[Tue Aug 20 18:02:13.273347 2024] [mpm_winnt:notice] [pid 22508:tid 564] AH00354: Child: Starting 64 worker threads.
[Tue Aug 20 18:09:08.947174 2024] [mpm_winnt:crit] [pid 22508:tid 564] AH02538: Child: Parent process exited abruptly. Child process is ending
[Tue Aug 27 15:09:18.092728 2024] [ssl:warn] [pid 7656:tid 508] AH01906: main-serveur:443:0 server certificate is a CA certificate (BasicConstraints: CA == TRUE !?)
[Tue Aug 27 15:09:18.092728 2024] [ssl:warn] [pid 7656:tid 508] AH01909: main-serveur:443:0 server certificate does NOT include an ID which matches the server name
[Tue Aug 27 15:09:18.170864 2024] [core:warn] [pid 7656:tid 508] AH00098: pid file E:/Web III/UwAmp/bin/apache/logs/httpd.pid overwritten -- Unclean shutdown of previous Apache run?
[Tue Aug 27 15:09:18.286439 2024] [ssl:warn] [pid 7656:tid 508] AH01873: Init: Session Cache is not configured [hint: SSLSessionCache]
[Tue Aug 27 15:09:18.286439 2024] [ssl:warn] [pid 7656:tid 508] AH01906: main-serveur:443:0 server certificate is a CA certificate (BasicConstraints: CA == TRUE !?)
[Tue Aug 27 15:09:18.286439 2024] [ssl:warn] [pid 7656:tid 508] AH01909: main-serveur:443:0 server certificate does NOT include an ID which matches the server name
[Tue Aug 27 15:09:19.625062 2024] [mpm_winnt:notice] [pid 7656:tid 508] AH00455: Apache/2.4.18 (Win32) OpenSSL/1.0.2f PHP/5.6.18 configured -- resuming normal operations
[Tue Aug 27 15:09:19.625062 2024] [mpm_winnt:notice] [pid 7656:tid 508] AH00456: Server built: Jan 28 2016 09:58:25
[Tue Aug 27 15:09:19.625062 2024] [core:notice] [pid 7656:tid 508] AH00094: Command line: 'E:\\Web III\\UwAmp\\bin\\apache\\bin\\httpd.exe -d E:/Web III/UwAmp/bin/apache -f E:\\Web III\\UwAmp\\bin\\apache\\conf\\httpd.conf'
[Tue Aug 27 15:09:19.640600 2024] [mpm_winnt:notice] [pid 7656:tid 508] AH00418: Parent: Created child process 14064
[Tue Aug 27 15:09:20.547276 2024] [ssl:warn] [pid 14064:tid 684] AH01906: main-serveur:443:0 server certificate is a CA certificate (BasicConstraints: CA == TRUE !?)
[Tue Aug 27 15:09:20.547276 2024] [ssl:warn] [pid 14064:tid 684] AH01909: main-serveur:443:0 server certificate does NOT include an ID which matches the server name
[Tue Aug 27 15:09:20.672754 2024] [ssl:warn] [pid 14064:tid 684] AH01873: Init: Session Cache is not configured [hint: SSLSessionCache]
[Tue Aug 27 15:09:20.672754 2024] [ssl:warn] [pid 14064:tid 684] AH01906: main-serveur:443:0 server certificate is a CA certificate (BasicConstraints: CA == TRUE !?)
[Tue Aug 27 15:09:20.672754 2024] [ssl:warn] [pid 14064:tid 684] AH01909: main-serveur:443:0 server certificate does NOT include an ID which matches the server name
[Tue Aug 27 15:09:20.720031 2024] [mpm_winnt:notice] [pid 14064:tid 684] AH00354: Child: Starting 64 worker threads.
[Tue Aug 27 15:37:03.884103 2024] [:error] [pid 14064:tid 1364] [client ::1:55941] PHP Notice:  Undefined variable: result in E:\\Web III\\UwAmp\\www\\cours4\\index.php on line 31, referer: http://localhost/
[Tue Aug 27 15:37:03.884103 2024] [:error] [pid 14064:tid 1364] [client ::1:55941] PHP Stack trace:, referer: http://localhost/
[Tue Aug 27 15:37:03.884103 2024] [:error] [pid 14064:tid 1364] [client ::1:55941] PHP   1. {main}() E:\\Web III\\UwAmp\\www\\cours4\\index.php:0, referer: http://localhost/
[Tue Aug 27 15:37:03.884103 2024] [:error] [pid 14064:tid 1364] [client ::1:55941] PHP Notice:  Trying to get property of non-object in E:\\Web III\\UwAmp\\www\\cours4\\index.php on line 31, referer: http://localhost/
[Tue Aug 27 15:37:03.884103 2024] [:error] [pid 14064:tid 1364] [client ::1:55941] PHP Stack trace:, referer: http://localhost/
[Tue Aug 27 15:37:03.884103 2024] [:error] [pid 14064:tid 1364] [client ::1:55941] PHP   1. {main}() E:\\Web III\\UwAmp\\www\\cours4\\index.php:0, referer: http://localhost/
[Tue Aug 27 15:38:12.417283 2024] [:error] [pid 14064:tid 1364] [client ::1:55980] PHP Notice:  Undefined variable: result in E:\\Web III\\UwAmp\\www\\cours4\\index.php on line 31, referer: http://localhost/
[Tue Aug 27 15:38:12.417283 2024] [:error] [pid 14064:tid 1364] [client ::1:55980] PHP Stack trace:, referer: http://localhost/
[Tue Aug 27 15:38:12.417283 2024] [:error] [pid 14064:tid 1364] [client ::1:55980] PHP   1. {main}() E:\\Web III\\UwAmp\\www\\cours4\\index.php:0, referer: http://localhost/
[Tue Aug 27 15:38:12.417283 2024] [:error] [pid 14064:tid 1364] [client ::1:55980] PHP Notice:  Trying to get property of non-object in E:\\Web III\\UwAmp\\www\\cours4\\index.php on line 31, referer: http://localhost/
[Tue Aug 27 15:38:12.417283 2024] [:error] [pid 14064:tid 1364] [client ::1:55980] PHP Stack trace:, referer: http://localhost/
[Tue Aug 27 15:38:12.417283 2024] [:error] [pid 14064:tid 1364] [client ::1:55980] PHP   1. {main}() E:\\Web III\\UwAmp\\www\\cours4\\index.php:0, referer: http://localhost/
[Tue Aug 27 15:38:13.104572 2024] [:error] [pid 14064:tid 1364] [client ::1:55980] PHP Notice:  Undefined variable: result in E:\\Web III\\UwAmp\\www\\cours4\\index.php on line 31, referer: http://localhost/
[Tue Aug 27 15:38:13.104572 2024] [:error] [pid 14064:tid 1364] [client ::1:55980] PHP Stack trace:, referer: http://localhost/
[Tue Aug 27 15:38:13.104572 2024] [:error] [pid 14064:tid 1364] [client ::1:55980] PHP   1. {main}() E:\\Web III\\UwAmp\\www\\cours4\\index.php:0, referer: http://localhost/
[Tue Aug 27 15:38:13.104572 2024] [:error] [pid 14064:tid 1364] [client ::1:55980] PHP Notice:  Trying to get property of non-object in E:\\Web III\\UwAmp\\www\\cours4\\index.php on line 31, referer: http://localhost/
[Tue Aug 27 15:38:13.104572 2024] [:error] [pid 14064:tid 1364] [client ::1:55980] PHP Stack trace:, referer: http://localhost/
[Tue Aug 27 15:38:13.104572 2024] [:error] [pid 14064:tid 1364] [client ::1:55980] PHP   1. {main}() E:\\Web III\\UwAmp\\www\\cours4\\index.php:0, referer: http://localhost/
[Tue Aug 27 15:38:14.618392 2024] [:error] [pid 14064:tid 1364] [client ::1:55980] PHP Notice:  Undefined variable: result in E:\\Web III\\UwAmp\\www\\cours4\\index.php on line 31, referer: http://localhost/
[Tue Aug 27 15:38:14.618392 2024] [:error] [pid 14064:tid 1364] [client ::1:55980] PHP Stack trace:, referer: http://localhost/
[Tue Aug 27 15:38:14.618392 2024] [:error] [pid 14064:tid 1364] [client ::1:55980] PHP   1. {main}() E:\\Web III\\UwAmp\\www\\cours4\\index.php:0, referer: http://localhost/
[Tue Aug 27 15:38:14.618392 2024] [:error] [pid 14064:tid 1364] [client ::1:55980] PHP Notice:  Trying to get property of non-object in E:\\Web III\\UwAmp\\www\\cours4\\index.php on line 31, referer: http://localhost/
[Tue Aug 27 15:38:14.618392 2024] [:error] [pid 14064:tid 1364] [client ::1:55980] PHP Stack trace:, referer: http://localhost/
[Tue Aug 27 15:38:14.618392 2024] [:error] [pid 14064:tid 1364] [client ::1:55980] PHP   1. {main}() E:\\Web III\\UwAmp\\www\\cours4\\index.php:0, referer: http://localhost/
[Tue Aug 27 15:38:15.040142 2024] [:error] [pid 14064:tid 1364] [client ::1:55980] PHP Notice:  Undefined variable: result in E:\\Web III\\UwAmp\\www\\cours4\\index.php on line 31, referer: http://localhost/
[Tue Aug 27 15:38:15.040142 2024] [:error] [pid 14064:tid 1364] [client ::1:55980] PHP Stack trace:, referer: http://localhost/
[Tue Aug 27 15:38:15.040142 2024] [:error] [pid 14064:tid 1364] [client ::1:55980] PHP   1. {main}() E:\\Web III\\UwAmp\\www\\cours4\\index.php:0, referer: http://localhost/
[Tue Aug 27 15:38:15.040142 2024] [:error] [pid 14064:tid 1364] [client ::1:55980] PHP Notice:  Trying to get property of non-object in E:\\Web III\\UwAmp\\www\\cours4\\index.php on line 31, referer: http://localhost/
[Tue Aug 27 15:38:15.040142 2024] [:error] [pid 14064:tid 1364] [client ::1:55980] PHP Stack trace:, referer: http://localhost/
[Tue Aug 27 15:38:15.040142 2024] [:error] [pid 14064:tid 1364] [client ::1:55980] PHP   1. {main}() E:\\Web III\\UwAmp\\www\\cours4\\index.php:0, referer: http://localhost/
[Tue Aug 27 15:38:15.210806 2024] [:error] [pid 14064:tid 1364] [client ::1:55980] PHP Notice:  Undefined variable: result in E:\\Web III\\UwAmp\\www\\cours4\\index.php on line 31, referer: http://localhost/
[Tue Aug 27 15:38:15.210806 2024] [:error] [pid 14064:tid 1364] [client ::1:55980] PHP Stack trace:, referer: http://localhost/
[Tue Aug 27 15:38:15.210806 2024] [:error] [pid 14064:tid 1364] [client ::1:55980] PHP   1. {main}() E:\\Web III\\UwAmp\\www\\cours4\\index.php:0, referer: http://localhost/
[Tue Aug 27 15:38:15.210806 2024] [:error] [pid 14064:tid 1364] [client ::1:55980] PHP Notice:  Trying to get property of non-object in E:\\Web III\\UwAmp\\www\\cours4\\index.php on line 31, referer: http://localhost/
[Tue Aug 27 15:38:15.210806 2024] [:error] [pid 14064:tid 1364] [client ::1:55980] PHP Stack trace:, referer: http://localhost/
[Tue Aug 27 15:38:15.210806 2024] [:error] [pid 14064:tid 1364] [client ::1:55980] PHP   1. {main}() E:\\Web III\\UwAmp\\www\\cours4\\index.php:0, referer: http://localhost/
[Tue Aug 27 15:38:15.413498 2024] [:error] [pid 14064:tid 1364] [client ::1:55980] PHP Notice:  Undefined variable: result in E:\\Web III\\UwAmp\\www\\cours4\\index.php on line 31, referer: http://localhost/
[Tue Aug 27 15:38:15.413498 2024] [:error] [pid 14064:tid 1364] [client ::1:55980] PHP Stack trace:, referer: http://localhost/
[Tue Aug 27 15:38:15.413498 2024] [:error] [pid 14064:tid 1364] [client ::1:55980] PHP   1. {main}() E:\\Web III\\UwAmp\\www\\cours4\\index.php:0, referer: http://localhost/
[Tue Aug 27 15:38:15.413498 2024] [:error] [pid 14064:tid 1364] [client ::1:55980] PHP Notice:  Trying to get property of non-object in E:\\Web III\\UwAmp\\www\\cours4\\index.php on line 31, referer: http://localhost/
[Tue Aug 27 15:38:15.413498 2024] [:error] [pid 14064:tid 1364] [client ::1:55980] PHP Stack trace:, referer: http://localhost/
[Tue Aug 27 15:38:15.413498 2024] [:error] [pid 14064:tid 1364] [client ::1:55980] PHP   1. {main}() E:\\Web III\\UwAmp\\www\\cours4\\index.php:0, referer: http://localhost/
[Tue Aug 27 15:38:15.585154 2024] [:error] [pid 14064:tid 1364] [client ::1:55980] PHP Notice:  Undefined variable: result in E:\\Web III\\UwAmp\\www\\cours4\\index.php on line 31, referer: http://localhost/
[Tue Aug 27 15:38:15.585154 2024] [:error] [pid 14064:tid 1364] [client ::1:55980] PHP Stack trace:, referer: http://localhost/
[Tue Aug 27 15:38:15.585154 2024] [:error] [pid 14064:tid 1364] [client ::1:55980] PHP   1. {main}() E:\\Web III\\UwAmp\\www\\cours4\\index.php:0, referer: http://localhost/
[Tue Aug 27 15:38:15.585154 2024] [:error] [pid 14064:tid 1364] [client ::1:55980] PHP Notice:  Trying to get property of non-object in E:\\Web III\\UwAmp\\www\\cours4\\index.php on line 31, referer: http://localhost/
[Tue Aug 27 15:38:15.585154 2024] [:error] [pid 14064:tid 1364] [client ::1:55980] PHP Stack trace:, referer: http://localhost/
[Tue Aug 27 15:38:15.585154 2024] [:error] [pid 14064:tid 1364] [client ::1:55980] PHP   1. {main}() E:\\Web III\\UwAmp\\www\\cours4\\index.php:0, referer: http://localhost/
[Tue Aug 27 15:46:11.096622 2024] [mpm_winnt:crit] [pid 14064:tid 684] AH02538: Child: Parent process exited abruptly. Child process is ending
[Tue Aug 27 15:46:33.754630 2024] [ssl:warn] [pid 1252:tid 696] AH01906: main-serveur:443:0 server certificate is a CA certificate (BasicConstraints: CA == TRUE !?)
[Tue Aug 27 15:46:33.755598 2024] [ssl:warn] [pid 1252:tid 696] AH01909: main-serveur:443:0 server certificate does NOT include an ID which matches the server name
[Tue Aug 27 15:46:33.784245 2024] [core:warn] [pid 1252:tid 696] AH00098: pid file E:/Web III/UwAmp/bin/apache/logs/httpd.pid overwritten -- Unclean shutdown of previous Apache run?
[Tue Aug 27 15:46:33.887674 2024] [ssl:warn] [pid 1252:tid 696] AH01873: Init: Session Cache is not configured [hint: SSLSessionCache]
[Tue Aug 27 15:46:33.888674 2024] [ssl:warn] [pid 1252:tid 696] AH01906: main-serveur:443:0 server certificate is a CA certificate (BasicConstraints: CA == TRUE !?)
[Tue Aug 27 15:46:33.888674 2024] [ssl:warn] [pid 1252:tid 696] AH01909: main-serveur:443:0 server certificate does NOT include an ID which matches the server name
[Tue Aug 27 15:46:34.055979 2024] [mpm_winnt:notice] [pid 1252:tid 696] AH00455: Apache/2.4.18 (Win32) OpenSSL/1.0.2f PHP/5.6.18 configured -- resuming normal operations
[Tue Aug 27 15:46:34.056979 2024] [mpm_winnt:notice] [pid 1252:tid 696] AH00456: Server built: Jan 28 2016 09:58:25
[Tue Aug 27 15:46:34.056979 2024] [core:notice] [pid 1252:tid 696] AH00094: Command line: 'E:\\Web III\\UwAmp\\bin\\apache\\bin\\httpd.exe -d E:/Web III/UwAmp/bin/apache -f E:\\Web III\\UwAmp\\bin\\apache\\conf\\httpd.conf'
[Tue Aug 27 15:46:34.063487 2024] [mpm_winnt:notice] [pid 1252:tid 696] AH00418: Parent: Created child process 9740
[Tue Aug 27 15:46:34.964600 2024] [ssl:warn] [pid 9740:tid 668] AH01906: main-serveur:443:0 server certificate is a CA certificate (BasicConstraints: CA == TRUE !?)
[Tue Aug 27 15:46:34.965604 2024] [ssl:warn] [pid 9740:tid 668] AH01909: main-serveur:443:0 server certificate does NOT include an ID which matches the server name
[Tue Aug 27 15:46:35.062718 2024] [ssl:warn] [pid 9740:tid 668] AH01873: Init: Session Cache is not configured [hint: SSLSessionCache]
[Tue Aug 27 15:46:35.062718 2024] [ssl:warn] [pid 9740:tid 668] AH01906: main-serveur:443:0 server certificate is a CA certificate (BasicConstraints: CA == TRUE !?)
[Tue Aug 27 15:46:35.062718 2024] [ssl:warn] [pid 9740:tid 668] AH01909: main-serveur:443:0 server certificate does NOT include an ID which matches the server name
[Tue Aug 27 15:46:35.144467 2024] [mpm_winnt:notice] [pid 9740:tid 668] AH00354: Child: Starting 64 worker threads.
[Tue Aug 27 16:00:29.960262 2024] [:error] [pid 9740:tid 1328] [client ::1:57574] PHP Notice:  Undefined variable: result in E:\\Web III\\UwAmp\\www\\cours4\\index.php on line 31, referer: http://localhost/
[Tue Aug 27 16:00:29.960262 2024] [:error] [pid 9740:tid 1328] [client ::1:57574] PHP Stack trace:, referer: http://localhost/
[Tue Aug 27 16:00:29.960262 2024] [:error] [pid 9740:tid 1328] [client ::1:57574] PHP   1. {main}() E:\\Web III\\UwAmp\\www\\cours4\\index.php:0, referer: http://localhost/
[Tue Aug 27 16:00:29.960262 2024] [:error] [pid 9740:tid 1328] [client ::1:57574] PHP Notice:  Trying to get property of non-object in E:\\Web III\\UwAmp\\www\\cours4\\index.php on line 31, referer: http://localhost/
[Tue Aug 27 16:00:29.960262 2024] [:error] [pid 9740:tid 1328] [client ::1:57574] PHP Stack trace:, referer: http://localhost/
[Tue Aug 27 16:00:29.960262 2024] [:error] [pid 9740:tid 1328] [client ::1:57574] PHP   1. {main}() E:\\Web III\\UwAmp\\www\\cours4\\index.php:0, referer: http://localhost/
[Tue Aug 27 16:01:12.430030 2024] [:error] [pid 9740:tid 1328] [client ::1:57575] PHP Notice:  Undefined index: armep_p in E:\\Web III\\UwAmp\\www\\cours4\\index.php on line 33, referer: http://localhost/
[Tue Aug 27 16:01:12.430030 2024] [:error] [pid 9740:tid 1328] [client ::1:57575] PHP Stack trace:, referer: http://localhost/
[Tue Aug 27 16:01:12.430030 2024] [:error] [pid 9740:tid 1328] [client ::1:57575] PHP   1. {main}() E:\\Web III\\UwAmp\\www\\cours4\\index.php:0, referer: http://localhost/
[Tue Aug 27 16:01:12.430030 2024] [:error] [pid 9740:tid 1328] [client ::1:57575] PHP Notice:  Undefined index: armep_p in E:\\Web III\\UwAmp\\www\\cours4\\index.php on line 33, referer: http://localhost/
[Tue Aug 27 16:01:12.430030 2024] [:error] [pid 9740:tid 1328] [client ::1:57575] PHP Stack trace:, referer: http://localhost/
[Tue Aug 27 16:01:12.430030 2024] [:error] [pid 9740:tid 1328] [client ::1:57575] PHP   1. {main}() E:\\Web III\\UwAmp\\www\\cours4\\index.php:0, referer: http://localhost/
[Tue Aug 27 16:01:13.016687 2024] [:error] [pid 9740:tid 1328] [client ::1:57575] PHP Notice:  Undefined index: armep_p in E:\\Web III\\UwAmp\\www\\cours4\\index.php on line 33, referer: http://localhost/
[Tue Aug 27 16:01:13.016687 2024] [:error] [pid 9740:tid 1328] [client ::1:57575] PHP Stack trace:, referer: http://localhost/
[Tue Aug 27 16:01:13.016687 2024] [:error] [pid 9740:tid 1328] [client ::1:57575] PHP   1. {main}() E:\\Web III\\UwAmp\\www\\cours4\\index.php:0, referer: http://localhost/
[Tue Aug 27 16:01:13.016687 2024] [:error] [pid 9740:tid 1328] [client ::1:57575] PHP Notice:  Undefined index: armep_p in E:\\Web III\\UwAmp\\www\\cours4\\index.php on line 33, referer: http://localhost/
[Tue Aug 27 16:01:13.016687 2024] [:error] [pid 9740:tid 1328] [client ::1:57575] PHP Stack trace:, referer: http://localhost/
[Tue Aug 27 16:01:13.016687 2024] [:error] [pid 9740:tid 1328] [client ::1:57575] PHP   1. {main}() E:\\Web III\\UwAmp\\www\\cours4\\index.php:0, referer: http://localhost/
[Tue Aug 27 16:01:13.357945 2024] [:error] [pid 9740:tid 1328] [client ::1:57575] PHP Notice:  Undefined index: armep_p in E:\\Web III\\UwAmp\\www\\cours4\\index.php on line 33, referer: http://localhost/
[Tue Aug 27 16:01:13.357945 2024] [:error] [pid 9740:tid 1328] [client ::1:57575] PHP Stack trace:, referer: http://localhost/
[Tue Aug 27 16:01:13.357945 2024] [:error] [pid 9740:tid 1328] [client ::1:57575] PHP   1. {main}() E:\\Web III\\UwAmp\\www\\cours4\\index.php:0, referer: http://localhost/
[Tue Aug 27 16:01:13.357945 2024] [:error] [pid 9740:tid 1328] [client ::1:57575] PHP Notice:  Undefined index: armep_p in E:\\Web III\\UwAmp\\www\\cours4\\index.php on line 33, referer: http://localhost/
[Tue Aug 27 16:01:13.357945 2024] [:error] [pid 9740:tid 1328] [client ::1:57575] PHP Stack trace:, referer: http://localhost/
[Tue Aug 27 16:01:13.357945 2024] [:error] [pid 9740:tid 1328] [client ::1:57575] PHP   1. {main}() E:\\Web III\\UwAmp\\www\\cours4\\index.php:0, referer: http://localhost/
[Tue Aug 27 16:01:13.531382 2024] [:error] [pid 9740:tid 1328] [client ::1:57575] PHP Notice:  Undefined index: armep_p in E:\\Web III\\UwAmp\\www\\cours4\\index.php on line 33, referer: http://localhost/
[Tue Aug 27 16:01:13.531382 2024] [:error] [pid 9740:tid 1328] [client ::1:57575] PHP Stack trace:, referer: http://localhost/
[Tue Aug 27 16:01:13.531382 2024] [:error] [pid 9740:tid 1328] [client ::1:57575] PHP   1. {main}() E:\\Web III\\UwAmp\\www\\cours4\\index.php:0, referer: http://localhost/
[Tue Aug 27 16:01:13.531382 2024] [:error] [pid 9740:tid 1328] [client ::1:57575] PHP Notice:  Undefined index: armep_p in E:\\Web III\\UwAmp\\www\\cours4\\index.php on line 33, referer: http://localhost/
[Tue Aug 27 16:01:13.531382 2024] [:error] [pid 9740:tid 1328] [client ::1:57575] PHP Stack trace:, referer: http://localhost/
[Tue Aug 27 16:01:13.531382 2024] [:error] [pid 9740:tid 1328] [client ::1:57575] PHP   1. {main}() E:\\Web III\\UwAmp\\www\\cours4\\index.php:0, referer: http://localhost/
[Tue Aug 27 16:01:13.703589 2024] [:error] [pid 9740:tid 1328] [client ::1:57575] PHP Notice:  Undefined index: armep_p in E:\\Web III\\UwAmp\\www\\cours4\\index.php on line 33, referer: http://localhost/
[Tue Aug 27 16:01:13.704555 2024] [:error] [pid 9740:tid 1328] [client ::1:57575] PHP Stack trace:, referer: http://localhost/
[Tue Aug 27 16:01:13.704555 2024] [:error] [pid 9740:tid 1328] [client ::1:57575] PHP   1. {main}() E:\\Web III\\UwAmp\\www\\cours4\\index.php:0, referer: http://localhost/
[Tue Aug 27 16:01:13.704555 2024] [:error] [pid 9740:tid 1328] [client ::1:57575] PHP Notice:  Undefined index: armep_p in E:\\Web III\\UwAmp\\www\\cours4\\index.php on line 33, referer: http://localhost/
[Tue Aug 27 16:01:13.704555 2024] [:error] [pid 9740:tid 1328] [client ::1:57575] PHP Stack trace:, referer: http://localhost/
[Tue Aug 27 16:01:13.704555 2024] [:error] [pid 9740:tid 1328] [client ::1:57575] PHP   1. {main}() E:\\Web III\\UwAmp\\www\\cours4\\index.php:0, referer: http://localhost/
[Tue Aug 27 16:01:13.890594 2024] [:error] [pid 9740:tid 1328] [client ::1:57575] PHP Notice:  Undefined index: armep_p in E:\\Web III\\UwAmp\\www\\cours4\\index.php on line 33, referer: http://localhost/
[Tue Aug 27 16:01:13.890594 2024] [:error] [pid 9740:tid 1328] [client ::1:57575] PHP Stack trace:, referer: http://localhost/
[Tue Aug 27 16:01:13.890594 2024] [:error] [pid 9740:tid 1328] [client ::1:57575] PHP   1. {main}() E:\\Web III\\UwAmp\\www\\cours4\\index.php:0, referer: http://localhost/
[Tue Aug 27 16:01:13.890594 2024] [:error] [pid 9740:tid 1328] [client ::1:57575] PHP Notice:  Undefined index: armep_p in E:\\Web III\\UwAmp\\www\\cours4\\index.php on line 33, referer: http://localhost/
[Tue Aug 27 16:01:13.890594 2024] [:error] [pid 9740:tid 1328] [client ::1:57575] PHP Stack trace:, referer: http://localhost/
[Tue Aug 27 16:01:13.890594 2024] [:error] [pid 9740:tid 1328] [client ::1:57575] PHP   1. {main}() E:\\Web III\\UwAmp\\www\\cours4\\index.php:0, referer: http://localhost/
[Tue Aug 27 16:03:14.178295 2024] [mpm_winnt:crit] [pid 9740:tid 668] AH02538: Child: Parent process exited abruptly. Child process is ending
[Tue Aug 27 16:03:21.537642 2024] [ssl:warn] [pid 21372:tid 648] AH01906: main-serveur:443:0 server certificate is a CA certificate (BasicConstraints: CA == TRUE !?)
[Tue Aug 27 16:03:21.538642 2024] [ssl:warn] [pid 21372:tid 648] AH01909: main-serveur:443:0 server certificate does NOT include an ID which matches the server name
[Tue Aug 27 16:03:25.152781 2024] [core:warn] [pid 21372:tid 648] AH00098: pid file E:/Web III/UwAmp/bin/apache/logs/httpd.pid overwritten -- Unclean shutdown of previous Apache run?
[Tue Aug 27 16:03:25.287424 2024] [ssl:warn] [pid 21372:tid 648] AH01873: Init: Session Cache is not configured [hint: SSLSessionCache]
[Tue Aug 27 16:03:25.288425 2024] [ssl:warn] [pid 21372:tid 648] AH01906: main-serveur:443:0 server certificate is a CA certificate (BasicConstraints: CA == TRUE !?)
[Tue Aug 27 16:03:25.288425 2024] [ssl:warn] [pid 21372:tid 648] AH01909: main-serveur:443:0 server certificate does NOT include an ID which matches the server name
[Tue Aug 27 16:03:25.348753 2024] [mpm_winnt:notice] [pid 21372:tid 648] AH00455: Apache/2.4.18 (Win32) OpenSSL/1.0.2f PHP/5.6.18 configured -- resuming normal operations
[Tue Aug 27 16:03:25.348753 2024] [mpm_winnt:notice] [pid 21372:tid 648] AH00456: Server built: Jan 28 2016 09:58:25
[Tue Aug 27 16:03:25.348753 2024] [core:notice] [pid 21372:tid 648] AH00094: Command line: 'E:\\Web III\\UwAmp\\bin\\apache\\bin\\httpd.exe -d E:/Web III/UwAmp/bin/apache -f E:\\Web III\\UwAmp\\bin\\apache\\conf\\httpd.conf'
[Tue Aug 27 16:03:25.355752 2024] [mpm_winnt:notice] [pid 21372:tid 648] AH00418: Parent: Created child process 10312
[Tue Aug 27 16:03:26.784298 2024] [ssl:warn] [pid 10312:tid 668] AH01906: main-serveur:443:0 server certificate is a CA certificate (BasicConstraints: CA == TRUE !?)
[Tue Aug 27 16:03:26.784298 2024] [ssl:warn] [pid 10312:tid 668] AH01909: main-serveur:443:0 server certificate does NOT include an ID which matches the server name
[Tue Aug 27 16:03:26.897441 2024] [ssl:warn] [pid 10312:tid 668] AH01873: Init: Session Cache is not configured [hint: SSLSessionCache]
[Tue Aug 27 16:03:26.897441 2024] [ssl:warn] [pid 10312:tid 668] AH01906: main-serveur:443:0 server certificate is a CA certificate (BasicConstraints: CA == TRUE !?)
[Tue Aug 27 16:03:26.897441 2024] [ssl:warn] [pid 10312:tid 668] AH01909: main-serveur:443:0 server certificate does NOT include an ID which matches the server name
[Tue Aug 27 16:03:26.959076 2024] [mpm_winnt:notice] [pid 10312:tid 668] AH00354: Child: Starting 64 worker threads.
[Tue Aug 27 16:16:47.713644 2024] [:error] [pid 10312:tid 1352] [client ::1:59312] PHP Notice:  Undefined variable: mysqli in E:\\Web III\\UwAmp\\www\\cours4\\index.php on line 31, referer: http://localhost/
[Tue Aug 27 16:16:47.713644 2024] [:error] [pid 10312:tid 1352] [client ::1:59312] PHP Stack trace:, referer: http://localhost/
[Tue Aug 27 16:16:47.713644 2024] [:error] [pid 10312:tid 1352] [client ::1:59312] PHP   1. {main}() E:\\Web III\\UwAmp\\www\\cours4\\index.php:0, referer: http://localhost/
[Tue Aug 27 16:16:47.713644 2024] [:error] [pid 10312:tid 1352] [client ::1:59312] PHP Fatal error:  Call to a member function set_charset() on null in E:\\Web III\\UwAmp\\www\\cours4\\index.php on line 31, referer: http://localhost/
[Tue Aug 27 16:16:47.713644 2024] [:error] [pid 10312:tid 1352] [client ::1:59312] PHP Stack trace:, referer: http://localhost/
[Tue Aug 27 16:16:47.713644 2024] [:error] [pid 10312:tid 1352] [client ::1:59312] PHP   1. {main}() E:\\Web III\\UwAmp\\www\\cours4\\index.php:0, referer: http://localhost/
[Tue Aug 27 16:16:48.628840 2024] [:error] [pid 10312:tid 1352] [client ::1:59312] PHP Notice:  Undefined variable: mysqli in E:\\Web III\\UwAmp\\www\\cours4\\index.php on line 31, referer: http://localhost/
[Tue Aug 27 16:16:48.628840 2024] [:error] [pid 10312:tid 1352] [client ::1:59312] PHP Stack trace:, referer: http://localhost/
[Tue Aug 27 16:16:48.628840 2024] [:error] [pid 10312:tid 1352] [client ::1:59312] PHP   1. {main}() E:\\Web III\\UwAmp\\www\\cours4\\index.php:0, referer: http://localhost/
[Tue Aug 27 16:16:48.628840 2024] [:error] [pid 10312:tid 1352] [client ::1:59312] PHP Fatal error:  Call to a member function set_charset() on null in E:\\Web III\\UwAmp\\www\\cours4\\index.php on line 31, referer: http://localhost/
[Tue Aug 27 16:16:48.628840 2024] [:error] [pid 10312:tid 1352] [client ::1:59312] PHP Stack trace:, referer: http://localhost/
[Tue Aug 27 16:16:48.628840 2024] [:error] [pid 10312:tid 1352] [client ::1:59312] PHP   1. {main}() E:\\Web III\\UwAmp\\www\\cours4\\index.php:0, referer: http://localhost/
[Tue Aug 27 16:17:18.722930 2024] [:error] [pid 10312:tid 1352] [client ::1:59313] PHP Notice:  Undefined variable: mysqli in E:\\Web III\\UwAmp\\www\\cours4\\index.php on line 31, referer: http://localhost/
[Tue Aug 27 16:17:18.722930 2024] [:error] [pid 10312:tid 1352] [client ::1:59313] PHP Stack trace:, referer: http://localhost/
[Tue Aug 27 16:17:18.722930 2024] [:error] [pid 10312:tid 1352] [client ::1:59313] PHP   1. {main}() E:\\Web III\\UwAmp\\www\\cours4\\index.php:0, referer: http://localhost/
[Tue Aug 27 16:17:18.722930 2024] [:error] [pid 10312:tid 1352] [client ::1:59313] PHP Fatal error:  Call to a member function set_charset() on null in E:\\Web III\\UwAmp\\www\\cours4\\index.php on line 31, referer: http://localhost/
[Tue Aug 27 16:17:18.722930 2024] [:error] [pid 10312:tid 1352] [client ::1:59313] PHP Stack trace:, referer: http://localhost/
[Tue Aug 27 16:17:18.722930 2024] [:error] [pid 10312:tid 1352] [client ::1:59313] PHP   1. {main}() E:\\Web III\\UwAmp\\www\\cours4\\index.php:0, referer: http://localhost/
[Tue Aug 27 16:17:19.389871 2024] [:error] [pid 10312:tid 1352] [client ::1:59313] PHP Notice:  Undefined variable: mysqli in E:\\Web III\\UwAmp\\www\\cours4\\index.php on line 31, referer: http://localhost/
[Tue Aug 27 16:17:19.389871 2024] [:error] [pid 10312:tid 1352] [client ::1:59313] PHP Stack trace:, referer: http://localhost/
[Tue Aug 27 16:17:19.389871 2024] [:error] [pid 10312:tid 1352] [client ::1:59313] PHP   1. {main}() E:\\Web III\\UwAmp\\www\\cours4\\index.php:0, referer: http://localhost/
[Tue Aug 27 16:17:19.389871 2024] [:error] [pid 10312:tid 1352] [client ::1:59313] PHP Fatal error:  Call to a member function set_charset() on null in E:\\Web III\\UwAmp\\www\\cours4\\index.php on line 31, referer: http://localhost/
[Tue Aug 27 16:17:19.389871 2024] [:error] [pid 10312:tid 1352] [client ::1:59313] PHP Stack trace:, referer: http://localhost/
[Tue Aug 27 16:17:19.389871 2024] [:error] [pid 10312:tid 1352] [client ::1:59313] PHP   1. {main}() E:\\Web III\\UwAmp\\www\\cours4\\index.php:0, referer: http://localhost/
[Tue Aug 27 16:17:19.577994 2024] [:error] [pid 10312:tid 1352] [client ::1:59313] PHP Notice:  Undefined variable: mysqli in E:\\Web III\\UwAmp\\www\\cours4\\index.php on line 31, referer: http://localhost/
[Tue Aug 27 16:17:19.577994 2024] [:error] [pid 10312:tid 1352] [client ::1:59313] PHP Stack trace:, referer: http://localhost/
[Tue Aug 27 16:17:19.577994 2024] [:error] [pid 10312:tid 1352] [client ::1:59313] PHP   1. {main}() E:\\Web III\\UwAmp\\www\\cours4\\index.php:0, referer: http://localhost/
[Tue Aug 27 16:17:19.577994 2024] [:error] [pid 10312:tid 1352] [client ::1:59313] PHP Fatal error:  Call to a member function set_charset() on null in E:\\Web III\\UwAmp\\www\\cours4\\index.php on line 31, referer: http://localhost/
[Tue Aug 27 16:17:19.577994 2024] [:error] [pid 10312:tid 1352] [client ::1:59313] PHP Stack trace:, referer: http://localhost/
[Tue Aug 27 16:17:19.577994 2024] [:error] [pid 10312:tid 1352] [client ::1:59313] PHP   1. {main}() E:\\Web III\\UwAmp\\www\\cours4\\index.php:0, referer: http://localhost/
[Tue Aug 27 16:17:20.237992 2024] [:error] [pid 10312:tid 1352] [client ::1:59313] PHP Notice:  Undefined variable: mysqli in E:\\Web III\\UwAmp\\www\\cours4\\index.php on line 31, referer: http://localhost/
[Tue Aug 27 16:17:20.237992 2024] [:error] [pid 10312:tid 1352] [client ::1:59313] PHP Stack trace:, referer: http://localhost/
[Tue Aug 27 16:17:20.237992 2024] [:error] [pid 10312:tid 1352] [client ::1:59313] PHP   1. {main}() E:\\Web III\\UwAmp\\www\\cours4\\index.php:0, referer: http://localhost/
[Tue Aug 27 16:17:20.237992 2024] [:error] [pid 10312:tid 1352] [client ::1:59313] PHP Fatal error:  Call to a member function set_charset() on null in E:\\Web III\\UwAmp\\www\\cours4\\index.php on line 31, referer: http://localhost/
[Tue Aug 27 16:17:20.237992 2024] [:error] [pid 10312:tid 1352] [client ::1:59313] PHP Stack trace:, referer: http://localhost/
[Tue Aug 27 16:17:20.237992 2024] [:error] [pid 10312:tid 1352] [client ::1:59313] PHP   1. {main}() E:\\Web III\\UwAmp\\www\\cours4\\index.php:0, referer: http://localhost/
[Tue Aug 27 16:19:09.924870 2024] [:error] [pid 10312:tid 1352] [client ::1:59438] PHP Notice:  Undefined variable: mysqli in E:\\Web III\\UwAmp\\www\\cours4\\index.php on line 32, referer: http://localhost/
[Tue Aug 27 16:19:09.924870 2024] [:error] [pid 10312:tid 1352] [client ::1:59438] PHP Stack trace:, referer: http://localhost/
[Tue Aug 27 16:19:09.924870 2024] [:error] [pid 10312:tid 1352] [client ::1:59438] PHP   1. {main}() E:\\Web III\\UwAmp\\www\\cours4\\index.php:0, referer: http://localhost/
[Tue Aug 27 16:19:09.924870 2024] [:error] [pid 10312:tid 1352] [client ::1:59438] PHP Fatal error:  Call to a member function set_charset() on null in E:\\Web III\\UwAmp\\www\\cours4\\index.php on line 32, referer: http://localhost/
[Tue Aug 27 16:19:09.925529 2024] [:error] [pid 10312:tid 1352] [client ::1:59438] PHP Stack trace:, referer: http://localhost/
[Tue Aug 27 16:19:09.925529 2024] [:error] [pid 10312:tid 1352] [client ::1:59438] PHP   1. {main}() E:\\Web III\\UwAmp\\www\\cours4\\index.php:0, referer: http://localhost/
[Tue Aug 27 16:19:10.396677 2024] [:error] [pid 10312:tid 1352] [client ::1:59438] PHP Notice:  Undefined variable: mysqli in E:\\Web III\\UwAmp\\www\\cours4\\index.php on line 32, referer: http://localhost/
[Tue Aug 27 16:19:10.396677 2024] [:error] [pid 10312:tid 1352] [client ::1:59438] PHP Stack trace:, referer: http://localhost/
[Tue Aug 27 16:19:10.396677 2024] [:error] [pid 10312:tid 1352] [client ::1:59438] PHP   1. {main}() E:\\Web III\\UwAmp\\www\\cours4\\index.php:0, referer: http://localhost/
[Tue Aug 27 16:19:10.396677 2024] [:error] [pid 10312:tid 1352] [client ::1:59438] PHP Fatal error:  Call to a member function set_charset() on null in E:\\Web III\\UwAmp\\www\\cours4\\index.php on line 32, referer: http://localhost/
[Tue Aug 27 16:19:10.396677 2024] [:error] [pid 10312:tid 1352] [client ::1:59438] PHP Stack trace:, referer: http://localhost/
[Tue Aug 27 16:19:10.396677 2024] [:error] [pid 10312:tid 1352] [client ::1:59438] PHP   1. {main}() E:\\Web III\\UwAmp\\www\\cours4\\index.php:0, referer: http://localhost/
[Tue Aug 27 16:19:10.568143 2024] [:error] [pid 10312:tid 1352] [client ::1:59438] PHP Notice:  Undefined variable: mysqli in E:\\Web III\\UwAmp\\www\\cours4\\index.php on line 32, referer: http://localhost/
[Tue Aug 27 16:19:10.568143 2024] [:error] [pid 10312:tid 1352] [client ::1:59438] PHP Stack trace:, referer: http://localhost/
[Tue Aug 27 16:19:10.568143 2024] [:error] [pid 10312:tid 1352] [client ::1:59438] PHP   1. {main}() E:\\Web III\\UwAmp\\www\\cours4\\index.php:0, referer: http://localhost/
[Tue Aug 27 16:19:10.568143 2024] [:error] [pid 10312:tid 1352] [client ::1:59438] PHP Fatal error:  Call to a member function set_charset() on null in E:\\Web III\\UwAmp\\www\\cours4\\index.php on line 32, referer: http://localhost/
[Tue Aug 27 16:19:10.568143 2024] [:error] [pid 10312:tid 1352] [client ::1:59438] PHP Stack trace:, referer: http://localhost/
[Tue Aug 27 16:19:10.568143 2024] [:error] [pid 10312:tid 1352] [client ::1:59438] PHP   1. {main}() E:\\Web III\\UwAmp\\www\\cours4\\index.php:0, referer: http://localhost/
[Tue Aug 27 16:19:10.724268 2024] [:error] [pid 10312:tid 1352] [client ::1:59438] PHP Notice:  Undefined variable: mysqli in E:\\Web III\\UwAmp\\www\\cours4\\index.php on line 32, referer: http://localhost/
[Tue Aug 27 16:19:10.724268 2024] [:error] [pid 10312:tid 1352] [client ::1:59438] PHP Stack trace:, referer: http://localhost/
[Tue Aug 27 16:19:10.724268 2024] [:error] [pid 10312:tid 1352] [client ::1:59438] PHP   1. {main}() E:\\Web III\\UwAmp\\www\\cours4\\index.php:0, referer: http://localhost/
[Tue Aug 27 16:19:10.724268 2024] [:error] [pid 10312:tid 1352] [client ::1:59438] PHP Fatal error:  Call to a member function set_charset() on null in E:\\Web III\\UwAmp\\www\\cours4\\index.php on line 32, referer: http://localhost/
[Tue Aug 27 16:19:10.724268 2024] [:error] [pid 10312:tid 1352] [client ::1:59438] PHP Stack trace:, referer: http://localhost/
[Tue Aug 27 16:19:10.724268 2024] [:error] [pid 10312:tid 1352] [client ::1:59438] PHP   1. {main}() E:\\Web III\\UwAmp\\www\\cours4\\index.php:0, referer: http://localhost/
[Tue Aug 27 16:19:10.896629 2024] [:error] [pid 10312:tid 1352] [client ::1:59438] PHP Notice:  Undefined variable: mysqli in E:\\Web III\\UwAmp\\www\\cours4\\index.php on line 32, referer: http://localhost/
[Tue Aug 27 16:19:10.896629 2024] [:error] [pid 10312:tid 1352] [client ::1:59438] PHP Stack trace:, referer: http://localhost/
[Tue Aug 27 16:19:10.896629 2024] [:error] [pid 10312:tid 1352] [client ::1:59438] PHP   1. {main}() E:\\Web III\\UwAmp\\www\\cours4\\index.php:0, referer: http://localhost/
[Tue Aug 27 16:19:10.896629 2024] [:error] [pid 10312:tid 1352] [client ::1:59438] PHP Fatal error:  Call to a member function set_charset() on null in E:\\Web III\\UwAmp\\www\\cours4\\index.php on line 32, referer: http://localhost/
[Tue Aug 27 16:19:10.896629 2024] [:error] [pid 10312:tid 1352] [client ::1:59438] PHP Stack trace:, referer: http://localhost/
[Tue Aug 27 16:19:10.896629 2024] [:error] [pid 10312:tid 1352] [client ::1:59438] PHP   1. {main}() E:\\Web III\\UwAmp\\www\\cours4\\index.php:0, referer: http://localhost/
[Tue Aug 27 16:19:11.052745 2024] [:error] [pid 10312:tid 1352] [client ::1:59438] PHP Notice:  Undefined variable: mysqli in E:\\Web III\\UwAmp\\www\\cours4\\index.php on line 32, referer: http://localhost/
[Tue Aug 27 16:19:11.052745 2024] [:error] [pid 10312:tid 1352] [client ::1:59438] PHP Stack trace:, referer: http://localhost/
[Tue Aug 27 16:19:11.052745 2024] [:error] [pid 10312:tid 1352] [client ::1:59438] PHP   1. {main}() E:\\Web III\\UwAmp\\www\\cours4\\index.php:0, referer: http://localhost/
[Tue Aug 27 16:19:11.052745 2024] [:error] [pid 10312:tid 1352] [client ::1:59438] PHP Fatal error:  Call to a member function set_charset() on null in E:\\Web III\\UwAmp\\www\\cours4\\index.php on line 32, referer: http://localhost/
[Tue Aug 27 16:19:11.052745 2024] [:error] [pid 10312:tid 1352] [client ::1:59438] PHP Stack trace:, referer: http://localhost/
[Tue Aug 27 16:19:11.052745 2024] [:error] [pid 10312:tid 1352] [client ::1:59438] PHP   1. {main}() E:\\Web III\\UwAmp\\www\\cours4\\index.php:0, referer: http://localhost/
[Tue Aug 27 16:19:11.207758 2024] [:error] [pid 10312:tid 1352] [client ::1:59438] PHP Notice:  Undefined variable: mysqli in E:\\Web III\\UwAmp\\www\\cours4\\index.php on line 32, referer: http://localhost/
[Tue Aug 27 16:19:11.207758 2024] [:error] [pid 10312:tid 1352] [client ::1:59438] PHP Stack trace:, referer: http://localhost/
[Tue Aug 27 16:19:11.207758 2024] [:error] [pid 10312:tid 1352] [client ::1:59438] PHP   1. {main}() E:\\Web III\\UwAmp\\www\\cours4\\index.php:0, referer: http://localhost/
[Tue Aug 27 16:19:11.207758 2024] [:error] [pid 10312:tid 1352] [client ::1:59438] PHP Fatal error:  Call to a member function set_charset() on null in E:\\Web III\\UwAmp\\www\\cours4\\index.php on line 32, referer: http://localhost/
[Tue Aug 27 16:19:11.207758 2024] [:error] [pid 10312:tid 1352] [client ::1:59438] PHP Stack trace:, referer: http://localhost/
[Tue Aug 27 16:19:11.207758 2024] [:error] [pid 10312:tid 1352] [client ::1:59438] PHP   1. {main}() E:\\Web III\\UwAmp\\www\\cours4\\index.php:0, referer: http://localhost/
[Tue Aug 27 16:19:11.409809 2024] [:error] [pid 10312:tid 1352] [client ::1:59438] PHP Notice:  Undefined variable: mysqli in E:\\Web III\\UwAmp\\www\\cours4\\index.php on line 32, referer: http://localhost/
[Tue Aug 27 16:19:11.409809 2024] [:error] [pid 10312:tid 1352] [client ::1:59438] PHP Stack trace:, referer: http://localhost/
[Tue Aug 27 16:19:11.409809 2024] [:error] [pid 10312:tid 1352] [client ::1:59438] PHP   1. {main}() E:\\Web III\\UwAmp\\www\\cours4\\index.php:0, referer: http://localhost/
[Tue Aug 27 16:19:11.409809 2024] [:error] [pid 10312:tid 1352] [client ::1:59438] PHP Fatal error:  Call to a member function set_charset() on null in E:\\Web III\\UwAmp\\www\\cours4\\index.php on line 32, referer: http://localhost/
[Tue Aug 27 16:19:11.409809 2024] [:error] [pid 10312:tid 1352] [client ::1:59438] PHP Stack trace:, referer: http://localhost/
[Tue Aug 27 16:19:11.409809 2024] [:error] [pid 10312:tid 1352] [client ::1:59438] PHP   1. {main}() E:\\Web III\\UwAmp\\www\\cours4\\index.php:0, referer: http://localhost/
[Tue Aug 27 16:19:11.847015 2024] [:error] [pid 10312:tid 1352] [client ::1:59438] PHP Notice:  Undefined variable: mysqli in E:\\Web III\\UwAmp\\www\\cours4\\index.php on line 32, referer: http://localhost/
[Tue Aug 27 16:19:11.847015 2024] [:error] [pid 10312:tid 1352] [client ::1:59438] PHP Stack trace:, referer: http://localhost/
[Tue Aug 27 16:19:11.847015 2024] [:error] [pid 10312:tid 1352] [client ::1:59438] PHP   1. {main}() E:\\Web III\\UwAmp\\www\\cours4\\index.php:0, referer: http://localhost/
[Tue Aug 27 16:19:11.847015 2024] [:error] [pid 10312:tid 1352] [client ::1:59438] PHP Fatal error:  Call to a member function set_charset() on null in E:\\Web III\\UwAmp\\www\\cours4\\index.php on line 32, referer: http://localhost/
[Tue Aug 27 16:19:11.847015 2024] [:error] [pid 10312:tid 1352] [client ::1:59438] PHP Stack trace:, referer: http://localhost/
[Tue Aug 27 16:19:11.847015 2024] [:error] [pid 10312:tid 1352] [client ::1:59438] PHP   1. {main}() E:\\Web III\\UwAmp\\www\\cours4\\index.php:0, referer: http://localhost/
[Tue Aug 27 16:21:10.361559 2024] [mpm_winnt:crit] [pid 10312:tid 668] AH02538: Child: Parent process exited abruptly. Child process is ending
[Tue Aug 27 16:21:17.964748 2024] [ssl:warn] [pid 13528:tid 664] AH01906: main-serveur:443:0 server certificate is a CA certificate (BasicConstraints: CA == TRUE !?)
[Tue Aug 27 16:21:17.965718 2024] [ssl:warn] [pid 13528:tid 664] AH01909: main-serveur:443:0 server certificate does NOT include an ID which matches the server name
[Tue Aug 27 16:21:20.986146 2024] [core:warn] [pid 13528:tid 664] AH00098: pid file E:/Web III/UwAmp/bin/apache/logs/httpd.pid overwritten -- Unclean shutdown of previous Apache run?
[Tue Aug 27 16:21:21.137093 2024] [ssl:warn] [pid 13528:tid 664] AH01873: Init: Session Cache is not configured [hint: SSLSessionCache]
[Tue Aug 27 16:21:21.138093 2024] [ssl:warn] [pid 13528:tid 664] AH01906: main-serveur:443:0 server certificate is a CA certificate (BasicConstraints: CA == TRUE !?)
[Tue Aug 27 16:21:21.138093 2024] [ssl:warn] [pid 13528:tid 664] AH01909: main-serveur:443:0 server certificate does NOT include an ID which matches the server name
[Tue Aug 27 16:21:21.200746 2024] [mpm_winnt:notice] [pid 13528:tid 664] AH00455: Apache/2.4.18 (Win32) OpenSSL/1.0.2f PHP/5.6.18 configured -- resuming normal operations
[Tue Aug 27 16:21:21.200746 2024] [mpm_winnt:notice] [pid 13528:tid 664] AH00456: Server built: Jan 28 2016 09:58:25
[Tue Aug 27 16:21:21.200746 2024] [core:notice] [pid 13528:tid 664] AH00094: Command line: 'E:\\Web III\\UwAmp\\bin\\apache\\bin\\httpd.exe -d E:/Web III/UwAmp/bin/apache -f E:\\Web III\\UwAmp\\bin\\apache\\conf\\httpd.conf'
[Tue Aug 27 16:21:21.207745 2024] [mpm_winnt:notice] [pid 13528:tid 664] AH00418: Parent: Created child process 6280
[Tue Aug 27 16:21:22.099454 2024] [ssl:warn] [pid 6280:tid 628] AH01906: main-serveur:443:0 server certificate is a CA certificate (BasicConstraints: CA == TRUE !?)
[Tue Aug 27 16:21:22.099454 2024] [ssl:warn] [pid 6280:tid 628] AH01909: main-serveur:443:0 server certificate does NOT include an ID which matches the server name
[Tue Aug 27 16:21:22.199150 2024] [ssl:warn] [pid 6280:tid 628] AH01873: Init: Session Cache is not configured [hint: SSLSessionCache]
[Tue Aug 27 16:21:22.199150 2024] [ssl:warn] [pid 6280:tid 628] AH01906: main-serveur:443:0 server certificate is a CA certificate (BasicConstraints: CA == TRUE !?)
[Tue Aug 27 16:21:22.199150 2024] [ssl:warn] [pid 6280:tid 628] AH01909: main-serveur:443:0 server certificate does NOT include an ID which matches the server name
[Tue Aug 27 16:21:22.260327 2024] [mpm_winnt:notice] [pid 6280:tid 628] AH00354: Child: Starting 64 worker threads.
[Tue Aug 27 16:25:29.199355 2024] [:error] [pid 6280:tid 1348] [client ::1:59900] PHP Notice:  Undefined variable: mysqli in E:\\Web III\\UwAmp\\www\\cours4\\index.php on line 34
[Tue Aug 27 16:25:29.199355 2024] [:error] [pid 6280:tid 1348] [client ::1:59900] PHP Stack trace:
[Tue Aug 27 16:25:29.199355 2024] [:error] [pid 6280:tid 1348] [client ::1:59900] PHP   1. {main}() E:\\Web III\\UwAmp\\www\\cours4\\index.php:0
[Tue Aug 27 16:25:29.199355 2024] [:error] [pid 6280:tid 1348] [client ::1:59900] PHP Fatal error:  Call to a member function set_charset() on null in E:\\Web III\\UwAmp\\www\\cours4\\index.php on line 34
[Tue Aug 27 16:25:29.199355 2024] [:error] [pid 6280:tid 1348] [client ::1:59900] PHP Stack trace:
[Tue Aug 27 16:25:29.199355 2024] [:error] [pid 6280:tid 1348] [client ::1:59900] PHP   1. {main}() E:\\Web III\\UwAmp\\www\\cours4\\index.php:0
[Tue Aug 27 16:25:39.374274 2024] [:error] [pid 6280:tid 1348] [client ::1:59913] PHP Notice:  Undefined variable: mysqli in E:\\Web III\\UwAmp\\www\\cours4\\index.php on line 34
[Tue Aug 27 16:25:39.374274 2024] [:error] [pid 6280:tid 1348] [client ::1:59913] PHP Stack trace:
[Tue Aug 27 16:25:39.374274 2024] [:error] [pid 6280:tid 1348] [client ::1:59913] PHP   1. {main}() E:\\Web III\\UwAmp\\www\\cours4\\index.php:0
[Tue Aug 27 16:25:39.374274 2024] [:error] [pid 6280:tid 1348] [client ::1:59913] PHP Fatal error:  Call to a member function set_charset() on null in E:\\Web III\\UwAmp\\www\\cours4\\index.php on line 34
[Tue Aug 27 16:25:39.374274 2024] [:error] [pid 6280:tid 1348] [client ::1:59913] PHP Stack trace:
[Tue Aug 27 16:25:39.374274 2024] [:error] [pid 6280:tid 1348] [client ::1:59913] PHP   1. {main}() E:\\Web III\\UwAmp\\www\\cours4\\index.php:0
[Tue Aug 27 16:25:40.067744 2024] [:error] [pid 6280:tid 1348] [client ::1:59913] PHP Notice:  Undefined variable: mysqli in E:\\Web III\\UwAmp\\www\\cours4\\index.php on line 34
[Tue Aug 27 16:25:40.067744 2024] [:error] [pid 6280:tid 1348] [client ::1:59913] PHP Stack trace:
[Tue Aug 27 16:25:40.067744 2024] [:error] [pid 6280:tid 1348] [client ::1:59913] PHP   1. {main}() E:\\Web III\\UwAmp\\www\\cours4\\index.php:0
[Tue Aug 27 16:25:40.067744 2024] [:error] [pid 6280:tid 1348] [client ::1:59913] PHP Fatal error:  Call to a member function set_charset() on null in E:\\Web III\\UwAmp\\www\\cours4\\index.php on line 34
[Tue Aug 27 16:25:40.067744 2024] [:error] [pid 6280:tid 1348] [client ::1:59913] PHP Stack trace:
[Tue Aug 27 16:25:40.067744 2024] [:error] [pid 6280:tid 1348] [client ::1:59913] PHP   1. {main}() E:\\Web III\\UwAmp\\www\\cours4\\index.php:0
[Tue Aug 27 16:25:40.269820 2024] [:error] [pid 6280:tid 1348] [client ::1:59913] PHP Notice:  Undefined variable: mysqli in E:\\Web III\\UwAmp\\www\\cours4\\index.php on line 34
[Tue Aug 27 16:25:40.269820 2024] [:error] [pid 6280:tid 1348] [client ::1:59913] PHP Stack trace:
[Tue Aug 27 16:25:40.269820 2024] [:error] [pid 6280:tid 1348] [client ::1:59913] PHP   1. {main}() E:\\Web III\\UwAmp\\www\\cours4\\index.php:0
[Tue Aug 27 16:25:40.269820 2024] [:error] [pid 6280:tid 1348] [client ::1:59913] PHP Fatal error:  Call to a member function set_charset() on null in E:\\Web III\\UwAmp\\www\\cours4\\index.php on line 34
[Tue Aug 27 16:25:40.269820 2024] [:error] [pid 6280:tid 1348] [client ::1:59913] PHP Stack trace:
[Tue Aug 27 16:25:40.269820 2024] [:error] [pid 6280:tid 1348] [client ::1:59913] PHP   1. {main}() E:\\Web III\\UwAmp\\www\\cours4\\index.php:0
[Tue Aug 27 16:25:40.441303 2024] [:error] [pid 6280:tid 1348] [client ::1:59913] PHP Notice:  Undefined variable: mysqli in E:\\Web III\\UwAmp\\www\\cours4\\index.php on line 34
[Tue Aug 27 16:25:40.441303 2024] [:error] [pid 6280:tid 1348] [client ::1:59913] PHP Stack trace:
[Tue Aug 27 16:25:40.441303 2024] [:error] [pid 6280:tid 1348] [client ::1:59913] PHP   1. {main}() E:\\Web III\\UwAmp\\www\\cours4\\index.php:0
[Tue Aug 27 16:25:40.441303 2024] [:error] [pid 6280:tid 1348] [client ::1:59913] PHP Fatal error:  Call to a member function set_charset() on null in E:\\Web III\\UwAmp\\www\\cours4\\index.php on line 34
[Tue Aug 27 16:25:40.441303 2024] [:error] [pid 6280:tid 1348] [client ::1:59913] PHP Stack trace:
[Tue Aug 27 16:25:40.441303 2024] [:error] [pid 6280:tid 1348] [client ::1:59913] PHP   1. {main}() E:\\Web III\\UwAmp\\www\\cours4\\index.php:0
[Tue Aug 27 16:26:21.787307 2024] [:error] [pid 6280:tid 1348] [client ::1:59917] PHP Notice:  Undefined variable: mysqli in E:\\Web III\\UwAmp\\www\\cours4\\index.php on line 34
[Tue Aug 27 16:26:21.787307 2024] [:error] [pid 6280:tid 1348] [client ::1:59917] PHP Stack trace:
[Tue Aug 27 16:26:21.787307 2024] [:error] [pid 6280:tid 1348] [client ::1:59917] PHP   1. {main}() E:\\Web III\\UwAmp\\www\\cours4\\index.php:0
[Tue Aug 27 16:26:21.787307 2024] [:error] [pid 6280:tid 1348] [client ::1:59917] PHP Fatal error:  Call to a member function set_charset() on null in E:\\Web III\\UwAmp\\www\\cours4\\index.php on line 34
[Tue Aug 27 16:26:21.787307 2024] [:error] [pid 6280:tid 1348] [client ::1:59917] PHP Stack trace:
[Tue Aug 27 16:26:21.787307 2024] [:error] [pid 6280:tid 1348] [client ::1:59917] PHP   1. {main}() E:\\Web III\\UwAmp\\www\\cours4\\index.php:0
[Tue Aug 27 16:26:22.318074 2024] [:error] [pid 6280:tid 1348] [client ::1:59917] PHP Notice:  Undefined variable: mysqli in E:\\Web III\\UwAmp\\www\\cours4\\index.php on line 34
[Tue Aug 27 16:26:22.318074 2024] [:error] [pid 6280:tid 1348] [client ::1:59917] PHP Stack trace:
[Tue Aug 27 16:26:22.318074 2024] [:error] [pid 6280:tid 1348] [client ::1:59917] PHP   1. {main}() E:\\Web III\\UwAmp\\www\\cours4\\index.php:0
[Tue Aug 27 16:26:22.318753 2024] [:error] [pid 6280:tid 1348] [client ::1:59917] PHP Fatal error:  Call to a member function set_charset() on null in E:\\Web III\\UwAmp\\www\\cours4\\index.php on line 34
[Tue Aug 27 16:26:22.318753 2024] [:error] [pid 6280:tid 1348] [client ::1:59917] PHP Stack trace:
[Tue Aug 27 16:26:22.318753 2024] [:error] [pid 6280:tid 1348] [client ::1:59917] PHP   1. {main}() E:\\Web III\\UwAmp\\www\\cours4\\index.php:0
[Tue Aug 27 16:26:22.490031 2024] [:error] [pid 6280:tid 1348] [client ::1:59917] PHP Notice:  Undefined variable: mysqli in E:\\Web III\\UwAmp\\www\\cours4\\index.php on line 34
[Tue Aug 27 16:26:22.490031 2024] [:error] [pid 6280:tid 1348] [client ::1:59917] PHP Stack trace:
[Tue Aug 27 16:26:22.490031 2024] [:error] [pid 6280:tid 1348] [client ::1:59917] PHP   1. {main}() E:\\Web III\\UwAmp\\www\\cours4\\index.php:0
[Tue Aug 27 16:26:22.490031 2024] [:error] [pid 6280:tid 1348] [client ::1:59917] PHP Fatal error:  Call to a member function set_charset() on null in E:\\Web III\\UwAmp\\www\\cours4\\index.php on line 34
[Tue Aug 27 16:26:22.490031 2024] [:error] [pid 6280:tid 1348] [client ::1:59917] PHP Stack trace:
[Tue Aug 27 16:26:22.490031 2024] [:error] [pid 6280:tid 1348] [client ::1:59917] PHP   1. {main}() E:\\Web III\\UwAmp\\www\\cours4\\index.php:0
[Tue Aug 27 16:26:22.645095 2024] [:error] [pid 6280:tid 1348] [client ::1:59917] PHP Notice:  Undefined variable: mysqli in E:\\Web III\\UwAmp\\www\\cours4\\index.php on line 34
[Tue Aug 27 16:26:22.645095 2024] [:error] [pid 6280:tid 1348] [client ::1:59917] PHP Stack trace:
[Tue Aug 27 16:26:22.645095 2024] [:error] [pid 6280:tid 1348] [client ::1:59917] PHP   1. {main}() E:\\Web III\\UwAmp\\www\\cours4\\index.php:0
[Tue Aug 27 16:26:22.645095 2024] [:error] [pid 6280:tid 1348] [client ::1:59917] PHP Fatal error:  Call to a member function set_charset() on null in E:\\Web III\\UwAmp\\www\\cours4\\index.php on line 34
[Tue Aug 27 16:26:22.645095 2024] [:error] [pid 6280:tid 1348] [client ::1:59917] PHP Stack trace:
[Tue Aug 27 16:26:22.645095 2024] [:error] [pid 6280:tid 1348] [client ::1:59917] PHP   1. {main}() E:\\Web III\\UwAmp\\www\\cours4\\index.php:0
[Tue Aug 27 16:26:22.832741 2024] [:error] [pid 6280:tid 1348] [client ::1:59917] PHP Notice:  Undefined variable: mysqli in E:\\Web III\\UwAmp\\www\\cours4\\index.php on line 34
[Tue Aug 27 16:26:22.832741 2024] [:error] [pid 6280:tid 1348] [client ::1:59917] PHP Stack trace:
[Tue Aug 27 16:26:22.832741 2024] [:error] [pid 6280:tid 1348] [client ::1:59917] PHP   1. {main}() E:\\Web III\\UwAmp\\www\\cours4\\index.php:0
[Tue Aug 27 16:26:22.832741 2024] [:error] [pid 6280:tid 1348] [client ::1:59917] PHP Fatal error:  Call to a member function set_charset() on null in E:\\Web III\\UwAmp\\www\\cours4\\index.php on line 34
[Tue Aug 27 16:26:22.832741 2024] [:error] [pid 6280:tid 1348] [client ::1:59917] PHP Stack trace:
[Tue Aug 27 16:26:22.832741 2024] [:error] [pid 6280:tid 1348] [client ::1:59917] PHP   1. {main}() E:\\Web III\\UwAmp\\www\\cours4\\index.php:0
[Tue Aug 27 16:26:22.992004 2024] [:error] [pid 6280:tid 1348] [client ::1:59917] PHP Notice:  Undefined variable: mysqli in E:\\Web III\\UwAmp\\www\\cours4\\index.php on line 34
[Tue Aug 27 16:26:22.992004 2024] [:error] [pid 6280:tid 1348] [client ::1:59917] PHP Stack trace:
[Tue Aug 27 16:26:22.992004 2024] [:error] [pid 6280:tid 1348] [client ::1:59917] PHP   1. {main}() E:\\Web III\\UwAmp\\www\\cours4\\index.php:0
[Tue Aug 27 16:26:22.992004 2024] [:error] [pid 6280:tid 1348] [client ::1:59917] PHP Fatal error:  Call to a member function set_charset() on null in E:\\Web III\\UwAmp\\www\\cours4\\index.php on line 34
[Tue Aug 27 16:26:22.992004 2024] [:error] [pid 6280:tid 1348] [client ::1:59917] PHP Stack trace:
[Tue Aug 27 16:26:22.992004 2024] [:error] [pid 6280:tid 1348] [client ::1:59917] PHP   1. {main}() E:\\Web III\\UwAmp\\www\\cours4\\index.php:0
[Tue Aug 27 16:26:37.939472 2024] [:error] [pid 6280:tid 1348] [client ::1:59935] PHP Notice:  Undefined variable: mysqli in E:\\Web III\\UwAmp\\www\\cours4\\index.php on line 34
[Tue Aug 27 16:26:37.939472 2024] [:error] [pid 6280:tid 1348] [client ::1:59935] PHP Stack trace:
[Tue Aug 27 16:26:37.939472 2024] [:error] [pid 6280:tid 1348] [client ::1:59935] PHP   1. {main}() E:\\Web III\\UwAmp\\www\\cours4\\index.php:0
[Tue Aug 27 16:26:37.939472 2024] [:error] [pid 6280:tid 1348] [client ::1:59935] PHP Fatal error:  Call to a member function set_charset() on null in E:\\Web III\\UwAmp\\www\\cours4\\index.php on line 34
[Tue Aug 27 16:26:37.939472 2024] [:error] [pid 6280:tid 1348] [client ::1:59935] PHP Stack trace:
[Tue Aug 27 16:26:37.939472 2024] [:error] [pid 6280:tid 1348] [client ::1:59935] PHP   1. {main}() E:\\Web III\\UwAmp\\www\\cours4\\index.php:0
[Tue Aug 27 16:26:38.454380 2024] [:error] [pid 6280:tid 1348] [client ::1:59935] PHP Notice:  Undefined variable: mysqli in E:\\Web III\\UwAmp\\www\\cours4\\index.php on line 34
[Tue Aug 27 16:26:38.454380 2024] [:error] [pid 6280:tid 1348] [client ::1:59935] PHP Stack trace:
[Tue Aug 27 16:26:38.454380 2024] [:error] [pid 6280:tid 1348] [client ::1:59935] PHP   1. {main}() E:\\Web III\\UwAmp\\www\\cours4\\index.php:0
[Tue Aug 27 16:26:38.454380 2024] [:error] [pid 6280:tid 1348] [client ::1:59935] PHP Fatal error:  Call to a member function set_charset() on null in E:\\Web III\\UwAmp\\www\\cours4\\index.php on line 34
[Tue Aug 27 16:26:38.454380 2024] [:error] [pid 6280:tid 1348] [client ::1:59935] PHP Stack trace:
[Tue Aug 27 16:26:38.454380 2024] [:error] [pid 6280:tid 1348] [client ::1:59935] PHP   1. {main}() E:\\Web III\\UwAmp\\www\\cours4\\index.php:0
[Tue Aug 27 16:26:38.595422 2024] [:error] [pid 6280:tid 1348] [client ::1:59935] PHP Notice:  Undefined variable: mysqli in E:\\Web III\\UwAmp\\www\\cours4\\index.php on line 34
[Tue Aug 27 16:26:38.595422 2024] [:error] [pid 6280:tid 1348] [client ::1:59935] PHP Stack trace:
[Tue Aug 27 16:26:38.595422 2024] [:error] [pid 6280:tid 1348] [client ::1:59935] PHP   1. {main}() E:\\Web III\\UwAmp\\www\\cours4\\index.php:0
[Tue Aug 27 16:26:38.595422 2024] [:error] [pid 6280:tid 1348] [client ::1:59935] PHP Fatal error:  Call to a member function set_charset() on null in E:\\Web III\\UwAmp\\www\\cours4\\index.php on line 34
[Tue Aug 27 16:26:38.595422 2024] [:error] [pid 6280:tid 1348] [client ::1:59935] PHP Stack trace:
[Tue Aug 27 16:26:38.595422 2024] [:error] [pid 6280:tid 1348] [client ::1:59935] PHP   1. {main}() E:\\Web III\\UwAmp\\www\\cours4\\index.php:0
[Tue Aug 27 16:26:38.752469 2024] [:error] [pid 6280:tid 1348] [client ::1:59935] PHP Notice:  Undefined variable: mysqli in E:\\Web III\\UwAmp\\www\\cours4\\index.php on line 34
[Tue Aug 27 16:26:38.752469 2024] [:error] [pid 6280:tid 1348] [client ::1:59935] PHP Stack trace:
[Tue Aug 27 16:26:38.752469 2024] [:error] [pid 6280:tid 1348] [client ::1:59935] PHP   1. {main}() E:\\Web III\\UwAmp\\www\\cours4\\index.php:0
[Tue Aug 27 16:26:38.752469 2024] [:error] [pid 6280:tid 1348] [client ::1:59935] PHP Fatal error:  Call to a member function set_charset() on null in E:\\Web III\\UwAmp\\www\\cours4\\index.php on line 34
[Tue Aug 27 16:26:38.752469 2024] [:error] [pid 6280:tid 1348] [client ::1:59935] PHP Stack trace:
[Tue Aug 27 16:26:38.752469 2024] [:error] [pid 6280:tid 1348] [client ::1:59935] PHP   1. {main}() E:\\Web III\\UwAmp\\www\\cours4\\index.php:0
[Tue Aug 27 16:28:08.321571 2024] [:error] [pid 6280:tid 1348] [client ::1:59984] PHP Notice:  Undefined variable: mysqli in E:\\Web III\\UwAmp\\www\\cours4\\index.php on line 34
[Tue Aug 27 16:28:08.321571 2024] [:error] [pid 6280:tid 1348] [client ::1:59984] PHP Stack trace:
[Tue Aug 27 16:28:08.321571 2024] [:error] [pid 6280:tid 1348] [client ::1:59984] PHP   1. {main}() E:\\Web III\\UwAmp\\www\\cours4\\index.php:0
[Tue Aug 27 16:28:08.321571 2024] [:error] [pid 6280:tid 1348] [client ::1:59984] PHP Fatal error:  Call to a member function set_charset() on null in E:\\Web III\\UwAmp\\www\\cours4\\index.php on line 34
[Tue Aug 27 16:28:08.321571 2024] [:error] [pid 6280:tid 1348] [client ::1:59984] PHP Stack trace:
[Tue Aug 27 16:28:08.321571 2024] [:error] [pid 6280:tid 1348] [client ::1:59984] PHP   1. {main}() E:\\Web III\\UwAmp\\www\\cours4\\index.php:0
[Tue Aug 27 16:28:08.822488 2024] [:error] [pid 6280:tid 1348] [client ::1:59984] PHP Notice:  Undefined variable: mysqli in E:\\Web III\\UwAmp\\www\\cours4\\index.php on line 34
[Tue Aug 27 16:28:08.822488 2024] [:error] [pid 6280:tid 1348] [client ::1:59984] PHP Stack trace:
[Tue Aug 27 16:28:08.822488 2024] [:error] [pid 6280:tid 1348] [client ::1:59984] PHP   1. {main}() E:\\Web III\\UwAmp\\www\\cours4\\index.php:0
[Tue Aug 27 16:28:08.822488 2024] [:error] [pid 6280:tid 1348] [client ::1:59984] PHP Fatal error:  Call to a member function set_charset() on null in E:\\Web III\\UwAmp\\www\\cours4\\index.php on line 34
[Tue Aug 27 16:28:08.822488 2024] [:error] [pid 6280:tid 1348] [client ::1:59984] PHP Stack trace:
[Tue Aug 27 16:28:08.822488 2024] [:error] [pid 6280:tid 1348] [client ::1:59984] PHP   1. {main}() E:\\Web III\\UwAmp\\www\\cours4\\index.php:0
[Tue Aug 27 16:28:08.998317 2024] [:error] [pid 6280:tid 1348] [client ::1:59984] PHP Notice:  Undefined variable: mysqli in E:\\Web III\\UwAmp\\www\\cours4\\index.php on line 34
[Tue Aug 27 16:28:08.998317 2024] [:error] [pid 6280:tid 1348] [client ::1:59984] PHP Stack trace:
[Tue Aug 27 16:28:08.998317 2024] [:error] [pid 6280:tid 1348] [client ::1:59984] PHP   1. {main}() E:\\Web III\\UwAmp\\www\\cours4\\index.php:0
[Tue Aug 27 16:28:08.998317 2024] [:error] [pid 6280:tid 1348] [client ::1:59984] PHP Fatal error:  Call to a member function set_charset() on null in E:\\Web III\\UwAmp\\www\\cours4\\index.php on line 34
[Tue Aug 27 16:28:08.998317 2024] [:error] [pid 6280:tid 1348] [client ::1:59984] PHP Stack trace:
[Tue Aug 27 16:28:08.998317 2024] [:error] [pid 6280:tid 1348] [client ::1:59984] PHP   1. {main}() E:\\Web III\\UwAmp\\www\\cours4\\index.php:0
[Tue Aug 27 16:28:09.167241 2024] [:error] [pid 6280:tid 1348] [client ::1:59984] PHP Notice:  Undefined variable: mysqli in E:\\Web III\\UwAmp\\www\\cours4\\index.php on line 34
[Tue Aug 27 16:28:09.167241 2024] [:error] [pid 6280:tid 1348] [client ::1:59984] PHP Stack trace:
[Tue Aug 27 16:28:09.167241 2024] [:error] [pid 6280:tid 1348] [client ::1:59984] PHP   1. {main}() E:\\Web III\\UwAmp\\www\\cours4\\index.php:0
[Tue Aug 27 16:28:09.167241 2024] [:error] [pid 6280:tid 1348] [client ::1:59984] PHP Fatal error:  Call to a member function set_charset() on null in E:\\Web III\\UwAmp\\www\\cours4\\index.php on line 34
[Tue Aug 27 16:28:09.167241 2024] [:error] [pid 6280:tid 1348] [client ::1:59984] PHP Stack trace:
[Tue Aug 27 16:28:09.167241 2024] [:error] [pid 6280:tid 1348] [client ::1:59984] PHP   1. {main}() E:\\Web III\\UwAmp\\www\\cours4\\index.php:0
[Tue Aug 27 16:28:09.355556 2024] [:error] [pid 6280:tid 1348] [client ::1:59984] PHP Notice:  Undefined variable: mysqli in E:\\Web III\\UwAmp\\www\\cours4\\index.php on line 34
[Tue Aug 27 16:28:09.355556 2024] [:error] [pid 6280:tid 1348] [client ::1:59984] PHP Stack trace:
[Tue Aug 27 16:28:09.355556 2024] [:error] [pid 6280:tid 1348] [client ::1:59984] PHP   1. {main}() E:\\Web III\\UwAmp\\www\\cours4\\index.php:0
[Tue Aug 27 16:28:09.355556 2024] [:error] [pid 6280:tid 1348] [client ::1:59984] PHP Fatal error:  Call to a member function set_charset() on null in E:\\Web III\\UwAmp\\www\\cours4\\index.php on line 34
[Tue Aug 27 16:28:09.355556 2024] [:error] [pid 6280:tid 1348] [client ::1:59984] PHP Stack trace:
[Tue Aug 27 16:28:09.355556 2024] [:error] [pid 6280:tid 1348] [client ::1:59984] PHP   1. {main}() E:\\Web III\\UwAmp\\www\\cours4\\index.php:0
[Tue Aug 27 16:43:15.381520 2024] [:error] [pid 6280:tid 1352] [client ::1:64043] PHP Parse error:  syntax error, unexpected 'if' (T_IF), expecting ',' or ';' in E:\\Web III\\UwAmp\\www\\cours4\\index.php on line 66, referer: http://localhost/
[Tue Aug 27 16:43:16.067071 2024] [:error] [pid 6280:tid 1352] [client ::1:64043] PHP Parse error:  syntax error, unexpected 'if' (T_IF), expecting ',' or ';' in E:\\Web III\\UwAmp\\www\\cours4\\index.php on line 66, referer: http://localhost/
[Tue Aug 27 16:43:27.382321 2024] [:error] [pid 6280:tid 1352] [client ::1:64044] PHP Parse error:  syntax error, unexpected 'if' (T_IF), expecting ',' or ';' in E:\\Web III\\UwAmp\\www\\cours4\\index.php on line 66, referer: http://localhost/
[Tue Aug 27 16:43:27.857078 2024] [:error] [pid 6280:tid 1352] [client ::1:64044] PHP Parse error:  syntax error, unexpected 'if' (T_IF), expecting ',' or ';' in E:\\Web III\\UwAmp\\www\\cours4\\index.php on line 66, referer: http://localhost/
[Tue Aug 27 16:43:28.030932 2024] [:error] [pid 6280:tid 1352] [client ::1:64044] PHP Parse error:  syntax error, unexpected 'if' (T_IF), expecting ',' or ';' in E:\\Web III\\UwAmp\\www\\cours4\\index.php on line 66, referer: http://localhost/
[Tue Aug 27 16:43:37.468504 2024] [:error] [pid 6280:tid 1352] [client ::1:64047] PHP Parse error:  syntax error, unexpected 'if' (T_IF), expecting ',' or ';' in E:\\Web III\\UwAmp\\www\\cours4\\index.php on line 66, referer: http://localhost/
[Tue Aug 27 16:43:38.089100 2024] [:error] [pid 6280:tid 1352] [client ::1:64047] PHP Parse error:  syntax error, unexpected 'if' (T_IF), expecting ',' or ';' in E:\\Web III\\UwAmp\\www\\cours4\\index.php on line 66, referer: http://localhost/
[Tue Aug 27 16:43:48.796747 2024] [:error] [pid 6280:tid 1352] [client ::1:64052] PHP Parse error:  syntax error, unexpected 'if' (T_IF), expecting ',' or ';' in E:\\Web III\\UwAmp\\www\\cours4\\index.php on line 66, referer: http://localhost/
[Tue Aug 27 16:43:49.125647 2024] [:error] [pid 6280:tid 1352] [client ::1:64052] PHP Parse error:  syntax error, unexpected 'if' (T_IF), expecting ',' or ';' in E:\\Web III\\UwAmp\\www\\cours4\\index.php on line 66, referer: http://localhost/
[Tue Aug 27 16:43:49.274504 2024] [:error] [pid 6280:tid 1352] [client ::1:64052] PHP Parse error:  syntax error, unexpected 'if' (T_IF), expecting ',' or ';' in E:\\Web III\\UwAmp\\www\\cours4\\index.php on line 66, referer: http://localhost/
[Tue Aug 27 16:43:49.441072 2024] [:error] [pid 6280:tid 1352] [client ::1:64052] PHP Parse error:  syntax error, unexpected 'if' (T_IF), expecting ',' or ';' in E:\\Web III\\UwAmp\\www\\cours4\\index.php on line 66, referer: http://localhost/
[Tue Aug 27 17:26:29.776527 2024] [:error] [pid 6280:tid 1352] [client ::1:51223] PHP Parse error:  syntax error, unexpected '$resultat' (T_VARIABLE) in E:\\Web III\\UwAmp\\www\\cours4\\index.php on line 33, referer: http://localhost/
[Tue Aug 27 17:27:08.301209 2024] [:error] [pid 6280:tid 1352] [client ::1:51245] PHP Parse error:  syntax error, unexpected '->' (T_OBJECT_OPERATOR), expecting variable (T_VARIABLE) or '$' in E:\\Web III\\UwAmp\\www\\cours4\\index.php on line 32, referer: http://localhost/
[Tue Aug 27 17:27:12.540447 2024] [:error] [pid 6280:tid 1352] [client ::1:51245] PHP Notice:  Undefined variable: mysqli in E:\\Web III\\UwAmp\\www\\cours4\\index.php on line 32, referer: http://localhost/
[Tue Aug 27 17:27:12.540447 2024] [:error] [pid 6280:tid 1352] [client ::1:51245] PHP Stack trace:, referer: http://localhost/
[Tue Aug 27 17:27:12.540447 2024] [:error] [pid 6280:tid 1352] [client ::1:51245] PHP   1. {main}() E:\\Web III\\UwAmp\\www\\cours4\\index.php:0, referer: http://localhost/
[Tue Aug 27 17:27:12.540447 2024] [:error] [pid 6280:tid 1352] [client ::1:51245] PHP Fatal error:  Call to a member function set_charset() on null in E:\\Web III\\UwAmp\\www\\cours4\\index.php on line 32, referer: http://localhost/
[Tue Aug 27 17:27:12.540447 2024] [:error] [pid 6280:tid 1352] [client ::1:51245] PHP Stack trace:, referer: http://localhost/
[Tue Aug 27 17:27:12.540447 2024] [:error] [pid 6280:tid 1352] [client ::1:51245] PHP   1. {main}() E:\\Web III\\UwAmp\\www\\cours4\\index.php:0, referer: http://localhost/
[Tue Aug 27 17:35:36.787692 2024] [:error] [pid 6280:tid 1352] [client ::1:51784] PHP Parse error:  syntax error, unexpected 'echo' (T_ECHO) in E:\\Web III\\UwAmp\\www\\cours4\\index.php on line 76, referer: http://localhost/
[Tue Aug 27 17:36:12.537220 2024] [:error] [pid 6280:tid 1352] [client ::1:51785] PHP Parse error:  syntax error, unexpected 'echo' (T_ECHO) in E:\\Web III\\UwAmp\\www\\cours4\\index.php on line 76, referer: http://localhost/
[Tue Aug 27 17:36:13.133525 2024] [:error] [pid 6280:tid 1352] [client ::1:51785] PHP Parse error:  syntax error, unexpected 'echo' (T_ECHO) in E:\\Web III\\UwAmp\\www\\cours4\\index.php on line 76, referer: http://localhost/
[Tue Aug 27 17:36:17.404415 2024] [:error] [pid 6280:tid 1352] [client ::1:51785] PHP Parse error:  syntax error, unexpected 'echo' (T_ECHO) in E:\\Web III\\UwAmp\\www\\cours4\\index.php on line 76, referer: http://localhost/
[Tue Aug 27 17:36:17.883112 2024] [:error] [pid 6280:tid 1352] [client ::1:51785] PHP Parse error:  syntax error, unexpected 'echo' (T_ECHO) in E:\\Web III\\UwAmp\\www\\cours4\\index.php on line 76, referer: http://localhost/
[Tue Aug 27 17:36:18.062575 2024] [:error] [pid 6280:tid 1352] [client ::1:51785] PHP Parse error:  syntax error, unexpected 'echo' (T_ECHO) in E:\\Web III\\UwAmp\\www\\cours4\\index.php on line 76, referer: http://localhost/
[Tue Aug 27 17:36:18.221875 2024] [:error] [pid 6280:tid 1352] [client ::1:51785] PHP Parse error:  syntax error, unexpected 'echo' (T_ECHO) in E:\\Web III\\UwAmp\\www\\cours4\\index.php on line 76, referer: http://localhost/
[Tue Aug 27 17:36:30.636787 2024] [:error] [pid 6280:tid 1352] [client ::1:51824] PHP Parse error:  syntax error, unexpected 'echo' (T_ECHO) in E:\\Web III\\UwAmp\\www\\cours4\\index.php on line 76, referer: http://localhost/
[Tue Aug 27 17:36:31.085143 2024] [:error] [pid 6280:tid 1352] [client ::1:51824] PHP Parse error:  syntax error, unexpected 'echo' (T_ECHO) in E:\\Web III\\UwAmp\\www\\cours4\\index.php on line 76, referer: http://localhost/
[Tue Aug 27 17:36:31.237100 2024] [:error] [pid 6280:tid 1352] [client ::1:51824] PHP Parse error:  syntax error, unexpected 'echo' (T_ECHO) in E:\\Web III\\UwAmp\\www\\cours4\\index.php on line 76, referer: http://localhost/
[Tue Aug 27 17:39:53.343313 2024] [:error] [pid 6280:tid 1352] [client ::1:52061] PHP Parse error:  syntax error, unexpected '}', expecting ',' or ';' in E:\\Web III\\UwAmp\\www\\cours4\\index.php on line 82, referer: http://localhost/
[Tue Aug 27 17:44:34.098883 2024] [:error] [pid 6280:tid 1352] [client ::1:52338] PHP Parse error:  syntax error, unexpected 'echo' (T_ECHO) in E:\\Web III\\UwAmp\\www\\cours4\\index.php on line 53, referer: http://localhost/
[Tue Aug 27 17:46:06.980701 2024] [:error] [pid 6280:tid 1352] [client ::1:52426] PHP Parse error:  syntax error, unexpected 'if' (T_IF), expecting ',' or ';' in E:\\Web III\\UwAmp\\www\\cours4\\index.php on line 50, referer: http://localhost/
[Tue Aug 27 17:46:07.554167 2024] [:error] [pid 6280:tid 1352] [client ::1:52426] PHP Parse error:  syntax error, unexpected 'if' (T_IF), expecting ',' or ';' in E:\\Web III\\UwAmp\\www\\cours4\\index.php on line 50, referer: http://localhost/
[Tue Aug 27 17:46:07.716409 2024] [:error] [pid 6280:tid 1352] [client ::1:52426] PHP Parse error:  syntax error, unexpected 'if' (T_IF), expecting ',' or ';' in E:\\Web III\\UwAmp\\www\\cours4\\index.php on line 50, referer: http://localhost/
[Tue Aug 27 17:46:27.806456 2024] [:error] [pid 6280:tid 1352] [client ::1:52427] PHP Parse error:  syntax error, unexpected 'if' (T_IF), expecting ',' or ';' in E:\\Web III\\UwAmp\\www\\cours4\\index.php on line 50, referer: http://localhost/
[Tue Aug 27 17:46:28.227663 2024] [:error] [pid 6280:tid 1352] [client ::1:52427] PHP Parse error:  syntax error, unexpected 'if' (T_IF), expecting ',' or ';' in E:\\Web III\\UwAmp\\www\\cours4\\index.php on line 50, referer: http://localhost/
[Tue Aug 27 17:46:28.365280 2024] [:error] [pid 6280:tid 1352] [client ::1:52427] PHP Parse error:  syntax error, unexpected 'if' (T_IF), expecting ',' or ';' in E:\\Web III\\UwAmp\\www\\cours4\\index.php on line 50, referer: http://localhost/
[Tue Aug 27 17:46:39.615523 2024] [:error] [pid 6280:tid 1352] [client ::1:52448] PHP Parse error:  syntax error, unexpected 'if' (T_IF), expecting ',' or ';' in E:\\Web III\\UwAmp\\www\\cours4\\index.php on line 50, referer: http://localhost/
[Tue Aug 27 17:46:40.097184 2024] [:error] [pid 6280:tid 1352] [client ::1:52448] PHP Parse error:  syntax error, unexpected 'if' (T_IF), expecting ',' or ';' in E:\\Web III\\UwAmp\\www\\cours4\\index.php on line 50, referer: http://localhost/
[Tue Aug 27 17:47:20.567995 2024] [:error] [pid 6280:tid 1352] [client ::1:52461] PHP Parse error:  syntax error, unexpected 'if' (T_IF), expecting ',' or ';' in E:\\Web III\\UwAmp\\www\\cours4\\index.php on line 50, referer: http://localhost/
[Tue Aug 27 17:47:21.032781 2024] [:error] [pid 6280:tid 1352] [client ::1:52461] PHP Parse error:  syntax error, unexpected 'if' (T_IF), expecting ',' or ';' in E:\\Web III\\UwAmp\\www\\cours4\\index.php on line 50, referer: http://localhost/
[Tue Aug 27 17:47:21.186271 2024] [:error] [pid 6280:tid 1352] [client ::1:52461] PHP Parse error:  syntax error, unexpected 'if' (T_IF), expecting ',' or ';' in E:\\Web III\\UwAmp\\www\\cours4\\index.php on line 50, referer: http://localhost/
[Tue Aug 27 17:47:46.523186 2024] [:error] [pid 6280:tid 1352] [client ::1:52496] PHP Parse error:  syntax error, unexpected 'if' (T_IF) in E:\\Web III\\UwAmp\\www\\cours4\\index.php on line 50, referer: http://localhost/
[Tue Aug 27 17:47:46.932650 2024] [:error] [pid 6280:tid 1352] [client ::1:52496] PHP Parse error:  syntax error, unexpected 'if' (T_IF) in E:\\Web III\\UwAmp\\www\\cours4\\index.php on line 50, referer: http://localhost/
[Tue Aug 27 17:49:26.128470 2024] [mpm_winnt:crit] [pid 6280:tid 628] AH02538: Child: Parent process exited abruptly. Child process is ending
[Wed Aug 28 18:30:06.132218 2024] [ssl:warn] [pid 10176:tid 604] AH01906: main-serveur:443:0 server certificate is a CA certificate (BasicConstraints: CA == TRUE !?)
[Wed Aug 28 18:30:06.134224 2024] [ssl:warn] [pid 10176:tid 604] AH01909: main-serveur:443:0 server certificate does NOT include an ID which matches the server name
[Wed Aug 28 18:30:06.175977 2024] [core:warn] [pid 10176:tid 604] AH00098: pid file D:/Web III/UwAmp/bin/apache/logs/httpd.pid overwritten -- Unclean shutdown of previous Apache run?
[Wed Aug 28 18:30:06.236066 2024] [ssl:warn] [pid 10176:tid 604] AH01873: Init: Session Cache is not configured [hint: SSLSessionCache]
[Wed Aug 28 18:30:06.237063 2024] [ssl:warn] [pid 10176:tid 604] AH01906: main-serveur:443:0 server certificate is a CA certificate (BasicConstraints: CA == TRUE !?)
[Wed Aug 28 18:30:06.237063 2024] [ssl:warn] [pid 10176:tid 604] AH01909: main-serveur:443:0 server certificate does NOT include an ID which matches the server name
[Wed Aug 28 18:30:07.329370 2024] [mpm_winnt:notice] [pid 10176:tid 604] AH00455: Apache/2.4.18 (Win32) OpenSSL/1.0.2f PHP/5.6.18 configured -- resuming normal operations
[Wed Aug 28 18:30:07.329370 2024] [mpm_winnt:notice] [pid 10176:tid 604] AH00456: Server built: Jan 28 2016 09:58:25
[Wed Aug 28 18:30:07.329370 2024] [core:notice] [pid 10176:tid 604] AH00094: Command line: 'D:\\Web III\\UwAmp\\bin\\apache\\bin\\httpd.exe -d D:/Web III/UwAmp/bin/apache -f D:\\Web III\\UwAmp\\bin\\apache\\conf\\httpd.conf'
[Wed Aug 28 18:30:07.337482 2024] [mpm_winnt:notice] [pid 10176:tid 604] AH00418: Parent: Created child process 9996
[Wed Aug 28 18:30:07.859100 2024] [ssl:warn] [pid 9996:tid 640] AH01906: main-serveur:443:0 server certificate is a CA certificate (BasicConstraints: CA == TRUE !?)
[Wed Aug 28 18:30:07.859100 2024] [ssl:warn] [pid 9996:tid 640] AH01909: main-serveur:443:0 server certificate does NOT include an ID which matches the server name
[Wed Aug 28 18:30:07.935664 2024] [ssl:warn] [pid 9996:tid 640] AH01873: Init: Session Cache is not configured [hint: SSLSessionCache]
[Wed Aug 28 18:30:07.935664 2024] [ssl:warn] [pid 9996:tid 640] AH01906: main-serveur:443:0 server certificate is a CA certificate (BasicConstraints: CA == TRUE !?)
[Wed Aug 28 18:30:07.935664 2024] [ssl:warn] [pid 9996:tid 640] AH01909: main-serveur:443:0 server certificate does NOT include an ID which matches the server name
[Wed Aug 28 18:30:07.962978 2024] [mpm_winnt:notice] [pid 9996:tid 640] AH00354: Child: Starting 64 worker threads.
[Wed Aug 28 18:30:17.529975 2024] [:error] [pid 9996:tid 1308] [client ::1:50274] PHP Parse error:  syntax error, unexpected 'if' (T_IF) in D:\\Web III\\UwAmp\\www\\cours4\\index.php on line 50, referer: http://localhost/
[Wed Aug 28 18:31:58.742759 2024] [:error] [pid 9996:tid 1308] [client ::1:50355] PHP Parse error:  syntax error, unexpected 'if' (T_IF) in D:\\Web III\\UwAmp\\www\\cours4\\index.php on line 50, referer: http://localhost/
[Wed Aug 28 18:33:15.370802 2024] [:error] [pid 9996:tid 1308] [client ::1:50423] PHP Parse error:  syntax error, unexpected 'echo' (T_ECHO) in D:\\Web III\\UwAmp\\www\\cours4\\index.php on line 59, referer: http://localhost/
[Wed Aug 28 18:33:16.114276 2024] [:error] [pid 9996:tid 1308] [client ::1:50423] PHP Parse error:  syntax error, unexpected 'echo' (T_ECHO) in D:\\Web III\\UwAmp\\www\\cours4\\index.php on line 59, referer: http://localhost/
[Wed Aug 28 18:33:37.554577 2024] [:error] [pid 9996:tid 1308] [client ::1:50424] PHP Parse error:  syntax error, unexpected '.' in D:\\Web III\\UwAmp\\www\\cours4\\index.php on line 73, referer: http://localhost/
[Wed Aug 28 18:33:38.140504 2024] [:error] [pid 9996:tid 1308] [client ::1:50424] PHP Parse error:  syntax error, unexpected '.' in D:\\Web III\\UwAmp\\www\\cours4\\index.php on line 73, referer: http://localhost/
[Wed Aug 28 18:34:17.249350 2024] [:error] [pid 9996:tid 1308] [client ::1:50439] PHP Parse error:  syntax error, unexpected 'if' (T_IF) in D:\\Web III\\UwAmp\\www\\cours4\\index.php on line 50, referer: http://localhost/
[Wed Aug 28 18:35:09.741137 2024] [:error] [pid 9996:tid 1308] [client ::1:50452] PHP Parse error:  syntax error, unexpected 'if' (T_IF) in D:\\Web III\\UwAmp\\www\\cours4\\index.php on line 50, referer: http://localhost/
[Wed Aug 28 18:35:10.109453 2024] [:error] [pid 9996:tid 1308] [client ::1:50452] PHP Parse error:  syntax error, unexpected 'if' (T_IF) in D:\\Web III\\UwAmp\\www\\cours4\\index.php on line 50, referer: http://localhost/
[Wed Aug 28 18:35:10.264531 2024] [:error] [pid 9996:tid 1308] [client ::1:50452] PHP Parse error:  syntax error, unexpected 'if' (T_IF) in D:\\Web III\\UwAmp\\www\\cours4\\index.php on line 50, referer: http://localhost/
[Wed Aug 28 18:35:10.394843 2024] [:error] [pid 9996:tid 1308] [client ::1:50452] PHP Parse error:  syntax error, unexpected 'if' (T_IF) in D:\\Web III\\UwAmp\\www\\cours4\\index.php on line 50, referer: http://localhost/
[Wed Aug 28 18:38:06.255824 2024] [:error] [pid 9996:tid 1308] [client ::1:50542] PHP Parse error:  syntax error, unexpected '"Pas d'agents dans la BD..."' (T_CONSTANT_ENCAPSED_STRING) in D:\\Web III\\UwAmp\\www\\cours4\\index.php on line 48, referer: http://localhost/
[Wed Aug 28 18:38:41.132271 2024] [:error] [pid 9996:tid 1308] [client ::1:50552] PHP Notice:  Undefined variable: sortie in D:\\Web III\\UwAmp\\www\\cours4\\index.php on line 44, referer: http://localhost/
[Wed Aug 28 18:38:41.132271 2024] [:error] [pid 9996:tid 1308] [client ::1:50552] PHP Stack trace:, referer: http://localhost/
[Wed Aug 28 18:38:41.132271 2024] [:error] [pid 9996:tid 1308] [client ::1:50552] PHP   1. {main}() D:\\Web III\\UwAmp\\www\\cours4\\index.php:0, referer: http://localhost/
[Wed Aug 28 18:42:29.534415 2024] [:error] [pid 9996:tid 1308] [client ::1:50656] PHP Parse error:  syntax error, unexpected 'if' (T_IF) in D:\\Web III\\UwAmp\\www\\cours4\\index.php on line 54, referer: http://localhost/
[Wed Aug 28 18:42:50.491332 2024] [:error] [pid 9996:tid 1308] [client ::1:50657] PHP Parse error:  syntax error, unexpected 'if' (T_IF) in D:\\Web III\\UwAmp\\www\\cours4\\index.php on line 54, referer: http://localhost/
[Wed Aug 28 18:42:50.991303 2024] [:error] [pid 9996:tid 1308] [client ::1:50657] PHP Parse error:  syntax error, unexpected 'if' (T_IF) in D:\\Web III\\UwAmp\\www\\cours4\\index.php on line 54, referer: http://localhost/
[Wed Aug 28 18:42:51.144788 2024] [:error] [pid 9996:tid 1308] [client ::1:50657] PHP Parse error:  syntax error, unexpected 'if' (T_IF) in D:\\Web III\\UwAmp\\www\\cours4\\index.php on line 54, referer: http://localhost/
[Wed Aug 28 18:43:02.328333 2024] [:error] [pid 9996:tid 1308] [client ::1:50666] PHP Parse error:  syntax error, unexpected 'if' (T_IF) in D:\\Web III\\UwAmp\\www\\cours4\\index.php on line 54, referer: http://localhost/
[Wed Aug 28 18:43:02.790721 2024] [:error] [pid 9996:tid 1308] [client ::1:50666] PHP Parse error:  syntax error, unexpected 'if' (T_IF) in D:\\Web III\\UwAmp\\www\\cours4\\index.php on line 54, referer: http://localhost/
[Wed Aug 28 18:43:24.524645 2024] [:error] [pid 9996:tid 1308] [client ::1:50672] PHP Parse error:  syntax error, unexpected 'if' (T_IF) in D:\\Web III\\UwAmp\\www\\cours4\\index.php on line 54, referer: http://localhost/
[Wed Aug 28 18:45:04.802542 2024] [:error] [pid 9996:tid 1308] [client ::1:50795] PHP Parse error:  syntax error, unexpected '.' in D:\\Web III\\UwAmp\\www\\cours4\\index.php on line 53, referer: http://localhost/
[Wed Aug 28 18:45:05.520449 2024] [:error] [pid 9996:tid 1308] [client ::1:50795] PHP Parse error:  syntax error, unexpected '.' in D:\\Web III\\UwAmp\\www\\cours4\\index.php on line 53, referer: http://localhost/
[Wed Aug 28 18:45:05.914986 2024] [:error] [pid 9996:tid 1308] [client ::1:50795] PHP Parse error:  syntax error, unexpected '.' in D:\\Web III\\UwAmp\\www\\cours4\\index.php on line 53, referer: http://localhost/
[Wed Aug 28 18:45:30.992913 2024] [:error] [pid 9996:tid 1308] [client ::1:50796] PHP Parse error:  syntax error, unexpected 'if' (T_IF) in D:\\Web III\\UwAmp\\www\\cours4\\index.php on line 54, referer: http://localhost/
[Wed Aug 28 18:47:04.518552 2024] [:error] [pid 9996:tid 1308] [client ::1:50890] PHP Parse error:  syntax error, unexpected '.' in D:\\Web III\\UwAmp\\www\\cours4\\index.php on line 70, referer: http://localhost/
[Wed Aug 28 18:47:05.138504 2024] [:error] [pid 9996:tid 1308] [client ::1:50890] PHP Parse error:  syntax error, unexpected '.' in D:\\Web III\\UwAmp\\www\\cours4\\index.php on line 70, referer: http://localhost/
[Wed Aug 28 18:47:05.361329 2024] [:error] [pid 9996:tid 1308] [client ::1:50890] PHP Parse error:  syntax error, unexpected '.' in D:\\Web III\\UwAmp\\www\\cours4\\index.php on line 70, referer: http://localhost/
[Wed Aug 28 18:47:05.528444 2024] [:error] [pid 9996:tid 1308] [client ::1:50890] PHP Parse error:  syntax error, unexpected '.' in D:\\Web III\\UwAmp\\www\\cours4\\index.php on line 70, referer: http://localhost/
[Wed Aug 28 18:47:29.462452 2024] [:error] [pid 9996:tid 1308] [client ::1:50891] PHP Parse error:  syntax error, unexpected '.' in D:\\Web III\\UwAmp\\www\\cours4\\index.php on line 70, referer: http://localhost/
[Wed Aug 28 18:47:34.623248 2024] [:error] [pid 9996:tid 1308] [client ::1:50900] PHP Parse error:  syntax error, unexpected 'if' (T_IF) in D:\\Web III\\UwAmp\\www\\cours4\\index.php on line 54, referer: http://localhost/
[Wed Aug 28 19:39:06.731653 2024] [mpm_winnt:crit] [pid 9996:tid 640] AH02538: Child: Parent process exited abruptly. Child process is ending
[Tue Sep 03 15:16:01.651227 2024] [ssl:warn] [pid 10580:tid 648] AH01906: main-serveur:443:0 server certificate is a CA certificate (BasicConstraints: CA == TRUE !?)
[Tue Sep 03 15:16:01.651227 2024] [ssl:warn] [pid 10580:tid 648] AH01909: main-serveur:443:0 server certificate does NOT include an ID which matches the server name
[Tue Sep 03 15:16:01.682479 2024] [core:warn] [pid 10580:tid 648] AH00098: pid file E:/Web III/UwAmp/bin/apache/logs/httpd.pid overwritten -- Unclean shutdown of previous Apache run?
[Tue Sep 03 15:16:01.776736 2024] [ssl:warn] [pid 10580:tid 648] AH01873: Init: Session Cache is not configured [hint: SSLSessionCache]
[Tue Sep 03 15:16:01.807984 2024] [ssl:warn] [pid 10580:tid 648] AH01906: main-serveur:443:0 server certificate is a CA certificate (BasicConstraints: CA == TRUE !?)
[Tue Sep 03 15:16:01.807984 2024] [ssl:warn] [pid 10580:tid 648] AH01909: main-serveur:443:0 server certificate does NOT include an ID which matches the server name
[Tue Sep 03 15:16:03.315491 2024] [mpm_winnt:notice] [pid 10580:tid 648] AH00455: Apache/2.4.18 (Win32) OpenSSL/1.0.2f PHP/5.6.18 configured -- resuming normal operations
[Tue Sep 03 15:16:03.315491 2024] [mpm_winnt:notice] [pid 10580:tid 648] AH00456: Server built: Jan 28 2016 09:58:25
[Tue Sep 03 15:16:03.315491 2024] [core:notice] [pid 10580:tid 648] AH00094: Command line: 'E:\\Web III\\UwAmp\\bin\\apache\\bin\\httpd.exe -d E:/Web III/UwAmp/bin/apache -f E:\\Web III\\UwAmp\\bin\\apache\\conf\\httpd.conf'
[Tue Sep 03 15:16:03.318998 2024] [mpm_winnt:notice] [pid 10580:tid 648] AH00418: Parent: Created child process 18812
[Tue Sep 03 15:16:05.012100 2024] [ssl:warn] [pid 18812:tid 528] AH01906: main-serveur:443:0 server certificate is a CA certificate (BasicConstraints: CA == TRUE !?)
[Tue Sep 03 15:16:05.012100 2024] [ssl:warn] [pid 18812:tid 528] AH01909: main-serveur:443:0 server certificate does NOT include an ID which matches the server name
[Tue Sep 03 15:16:05.138083 2024] [ssl:warn] [pid 18812:tid 528] AH01873: Init: Session Cache is not configured [hint: SSLSessionCache]
[Tue Sep 03 15:16:05.138083 2024] [ssl:warn] [pid 18812:tid 528] AH01906: main-serveur:443:0 server certificate is a CA certificate (BasicConstraints: CA == TRUE !?)
[Tue Sep 03 15:16:05.138083 2024] [ssl:warn] [pid 18812:tid 528] AH01909: main-serveur:443:0 server certificate does NOT include an ID which matches the server name
[Tue Sep 03 15:16:05.169330 2024] [mpm_winnt:notice] [pid 18812:tid 528] AH00354: Child: Starting 64 worker threads.
[Tue Sep 03 15:53:06.018357 2024] [:error] [pid 18812:tid 1416] [client ::1:49616] PHP Notice:  Undefined index: image in E:\\Web III\\UwAmp\\www\\cours4\\ajouter.php on line 12, referer: http://localhost/cours4/
[Tue Sep 03 15:53:06.018357 2024] [:error] [pid 18812:tid 1416] [client ::1:49616] PHP Stack trace:, referer: http://localhost/cours4/
[Tue Sep 03 15:53:06.018357 2024] [:error] [pid 18812:tid 1416] [client ::1:49616] PHP   1. {main}() E:\\Web III\\UwAmp\\www\\cours4\\ajouter.php:0, referer: http://localhost/cours4/
[Tue Sep 03 15:53:06.019460 2024] [:error] [pid 18812:tid 1416] [client ::1:49616] PHP Notice:  Undefined index: nom in E:\\Web III\\UwAmp\\www\\cours4\\ajouter.php on line 13, referer: http://localhost/cours4/
[Tue Sep 03 15:53:06.019460 2024] [:error] [pid 18812:tid 1416] [client ::1:49616] PHP Stack trace:, referer: http://localhost/cours4/
[Tue Sep 03 15:53:06.019460 2024] [:error] [pid 18812:tid 1416] [client ::1:49616] PHP   1. {main}() E:\\Web III\\UwAmp\\www\\cours4\\ajouter.php:0, referer: http://localhost/cours4/
[Tue Sep 03 15:53:06.019460 2024] [:error] [pid 18812:tid 1416] [client ::1:49616] PHP Notice:  Undefined index: position in E:\\Web III\\UwAmp\\www\\cours4\\ajouter.php on line 14, referer: http://localhost/cours4/
[Tue Sep 03 15:53:06.019460 2024] [:error] [pid 18812:tid 1416] [client ::1:49616] PHP Stack trace:, referer: http://localhost/cours4/
[Tue Sep 03 15:53:06.019460 2024] [:error] [pid 18812:tid 1416] [client ::1:49616] PHP   1. {main}() E:\\Web III\\UwAmp\\www\\cours4\\ajouter.php:0, referer: http://localhost/cours4/
[Tue Sep 03 15:53:06.019460 2024] [:error] [pid 18812:tid 1416] [client ::1:49616] PHP Notice:  Undefined index: orgnisation in E:\\Web III\\UwAmp\\www\\cours4\\ajouter.php on line 15, referer: http://localhost/cours4/
[Tue Sep 03 15:53:06.019460 2024] [:error] [pid 18812:tid 1416] [client ::1:49616] PHP Stack trace:, referer: http://localhost/cours4/
[Tue Sep 03 15:53:06.019460 2024] [:error] [pid 18812:tid 1416] [client ::1:49616] PHP   1. {main}() E:\\Web III\\UwAmp\\www\\cours4\\ajouter.php:0, referer: http://localhost/cours4/
[Tue Sep 03 15:53:06.019460 2024] [:error] [pid 18812:tid 1416] [client ::1:49616] PHP Notice:  Undefined index: arme_p in E:\\Web III\\UwAmp\\www\\cours4\\ajouter.php on line 16, referer: http://localhost/cours4/
[Tue Sep 03 15:53:06.019460 2024] [:error] [pid 18812:tid 1416] [client ::1:49616] PHP Stack trace:, referer: http://localhost/cours4/
[Tue Sep 03 15:53:06.019460 2024] [:error] [pid 18812:tid 1416] [client ::1:49616] PHP   1. {main}() E:\\Web III\\UwAmp\\www\\cours4\\ajouter.php:0, referer: http://localhost/cours4/
[Tue Sep 03 15:53:06.019460 2024] [:error] [pid 18812:tid 1416] [client ::1:49616] PHP Notice:  Undefined index: arme_s in E:\\Web III\\UwAmp\\www\\cours4\\ajouter.php on line 17, referer: http://localhost/cours4/
[Tue Sep 03 15:53:06.019460 2024] [:error] [pid 18812:tid 1416] [client ::1:49616] PHP Stack trace:, referer: http://localhost/cours4/
[Tue Sep 03 15:53:06.019460 2024] [:error] [pid 18812:tid 1416] [client ::1:49616] PHP   1. {main}() E:\\Web III\\UwAmp\\www\\cours4\\ajouter.php:0, referer: http://localhost/cours4/
[Tue Sep 03 15:53:29.463338 2024] [:error] [pid 18812:tid 1416] [client ::1:49617] PHP Notice:  Undefined index: image in E:\\Web III\\UwAmp\\www\\cours4\\ajouter.php on line 46, referer: http://localhost/cours4/
[Tue Sep 03 15:53:29.463338 2024] [:error] [pid 18812:tid 1416] [client ::1:49617] PHP Stack trace:, referer: http://localhost/cours4/
[Tue Sep 03 15:53:29.463338 2024] [:error] [pid 18812:tid 1416] [client ::1:49617] PHP   1. {main}() E:\\Web III\\UwAmp\\www\\cours4\\ajouter.php:0, referer: http://localhost/cours4/
[Tue Sep 03 15:53:29.463338 2024] [:error] [pid 18812:tid 1416] [client ::1:49617] PHP Notice:  Undefined index: nom in E:\\Web III\\UwAmp\\www\\cours4\\ajouter.php on line 47, referer: http://localhost/cours4/
[Tue Sep 03 15:53:29.463338 2024] [:error] [pid 18812:tid 1416] [client ::1:49617] PHP Stack trace:, referer: http://localhost/cours4/
[Tue Sep 03 15:53:29.463338 2024] [:error] [pid 18812:tid 1416] [client ::1:49617] PHP   1. {main}() E:\\Web III\\UwAmp\\www\\cours4\\ajouter.php:0, referer: http://localhost/cours4/
[Tue Sep 03 15:53:29.463338 2024] [:error] [pid 18812:tid 1416] [client ::1:49617] PHP Notice:  Undefined index: position in E:\\Web III\\UwAmp\\www\\cours4\\ajouter.php on line 48, referer: http://localhost/cours4/
[Tue Sep 03 15:53:29.463338 2024] [:error] [pid 18812:tid 1416] [client ::1:49617] PHP Stack trace:, referer: http://localhost/cours4/
[Tue Sep 03 15:53:29.463338 2024] [:error] [pid 18812:tid 1416] [client ::1:49617] PHP   1. {main}() E:\\Web III\\UwAmp\\www\\cours4\\ajouter.php:0, referer: http://localhost/cours4/
[Tue Sep 03 15:53:29.463338 2024] [:error] [pid 18812:tid 1416] [client ::1:49617] PHP Notice:  Undefined index: orgnisation in E:\\Web III\\UwAmp\\www\\cours4\\ajouter.php on line 49, referer: http://localhost/cours4/
[Tue Sep 03 15:53:29.463338 2024] [:error] [pid 18812:tid 1416] [client ::1:49617] PHP Stack trace:, referer: http://localhost/cours4/
[Tue Sep 03 15:53:29.463338 2024] [:error] [pid 18812:tid 1416] [client ::1:49617] PHP   1. {main}() E:\\Web III\\UwAmp\\www\\cours4\\ajouter.php:0, referer: http://localhost/cours4/
[Tue Sep 03 15:53:29.463338 2024] [:error] [pid 18812:tid 1416] [client ::1:49617] PHP Notice:  Undefined index: arme_p in E:\\Web III\\UwAmp\\www\\cours4\\ajouter.php on line 50, referer: http://localhost/cours4/
[Tue Sep 03 15:53:29.463338 2024] [:error] [pid 18812:tid 1416] [client ::1:49617] PHP Stack trace:, referer: http://localhost/cours4/
[Tue Sep 03 15:53:29.463338 2024] [:error] [pid 18812:tid 1416] [client ::1:49617] PHP   1. {main}() E:\\Web III\\UwAmp\\www\\cours4\\ajouter.php:0, referer: http://localhost/cours4/
[Tue Sep 03 15:53:29.463338 2024] [:error] [pid 18812:tid 1416] [client ::1:49617] PHP Notice:  Undefined index: arme_s in E:\\Web III\\UwAmp\\www\\cours4\\ajouter.php on line 51, referer: http://localhost/cours4/
[Tue Sep 03 15:53:29.463338 2024] [:error] [pid 18812:tid 1416] [client ::1:49617] PHP Stack trace:, referer: http://localhost/cours4/
[Tue Sep 03 15:53:29.463338 2024] [:error] [pid 18812:tid 1416] [client ::1:49617] PHP   1. {main}() E:\\Web III\\UwAmp\\www\\cours4\\ajouter.php:0, referer: http://localhost/cours4/
[Tue Sep 03 15:53:51.166545 2024] [:error] [pid 18812:tid 1416] [client ::1:49623] PHP Notice:  Undefined index: image in E:\\Web III\\UwAmp\\www\\cours4\\ajouter.php on line 46, referer: http://localhost/cours4/
[Tue Sep 03 15:53:51.166545 2024] [:error] [pid 18812:tid 1416] [client ::1:49623] PHP Stack trace:, referer: http://localhost/cours4/
[Tue Sep 03 15:53:51.166545 2024] [:error] [pid 18812:tid 1416] [client ::1:49623] PHP   1. {main}() E:\\Web III\\UwAmp\\www\\cours4\\ajouter.php:0, referer: http://localhost/cours4/
[Tue Sep 03 15:53:51.166658 2024] [:error] [pid 18812:tid 1416] [client ::1:49623] PHP Notice:  Undefined index: nom in E:\\Web III\\UwAmp\\www\\cours4\\ajouter.php on line 47, referer: http://localhost/cours4/
[Tue Sep 03 15:53:51.166658 2024] [:error] [pid 18812:tid 1416] [client ::1:49623] PHP Stack trace:, referer: http://localhost/cours4/
[Tue Sep 03 15:53:51.166658 2024] [:error] [pid 18812:tid 1416] [client ::1:49623] PHP   1. {main}() E:\\Web III\\UwAmp\\www\\cours4\\ajouter.php:0, referer: http://localhost/cours4/
[Tue Sep 03 15:53:51.166658 2024] [:error] [pid 18812:tid 1416] [client ::1:49623] PHP Notice:  Undefined index: position in E:\\Web III\\UwAmp\\www\\cours4\\ajouter.php on line 48, referer: http://localhost/cours4/
[Tue Sep 03 15:53:51.166658 2024] [:error] [pid 18812:tid 1416] [client ::1:49623] PHP Stack trace:, referer: http://localhost/cours4/
[Tue Sep 03 15:53:51.166658 2024] [:error] [pid 18812:tid 1416] [client ::1:49623] PHP   1. {main}() E:\\Web III\\UwAmp\\www\\cours4\\ajouter.php:0, referer: http://localhost/cours4/
[Tue Sep 03 15:53:51.166658 2024] [:error] [pid 18812:tid 1416] [client ::1:49623] PHP Notice:  Undefined index: orgnisation in E:\\Web III\\UwAmp\\www\\cours4\\ajouter.php on line 49, referer: http://localhost/cours4/
[Tue Sep 03 15:53:51.166658 2024] [:error] [pid 18812:tid 1416] [client ::1:49623] PHP Stack trace:, referer: http://localhost/cours4/
[Tue Sep 03 15:53:51.166658 2024] [:error] [pid 18812:tid 1416] [client ::1:49623] PHP   1. {main}() E:\\Web III\\UwAmp\\www\\cours4\\ajouter.php:0, referer: http://localhost/cours4/
[Tue Sep 03 15:53:51.166658 2024] [:error] [pid 18812:tid 1416] [client ::1:49623] PHP Notice:  Undefined index: arme_p in E:\\Web III\\UwAmp\\www\\cours4\\ajouter.php on line 50, referer: http://localhost/cours4/
[Tue Sep 03 15:53:51.166658 2024] [:error] [pid 18812:tid 1416] [client ::1:49623] PHP Stack trace:, referer: http://localhost/cours4/
[Tue Sep 03 15:53:51.166658 2024] [:error] [pid 18812:tid 1416] [client ::1:49623] PHP   1. {main}() E:\\Web III\\UwAmp\\www\\cours4\\ajouter.php:0, referer: http://localhost/cours4/
[Tue Sep 03 15:53:51.166658 2024] [:error] [pid 18812:tid 1416] [client ::1:49623] PHP Notice:  Undefined index: arme_s in E:\\Web III\\UwAmp\\www\\cours4\\ajouter.php on line 51, referer: http://localhost/cours4/
[Tue Sep 03 15:53:51.166658 2024] [:error] [pid 18812:tid 1416] [client ::1:49623] PHP Stack trace:, referer: http://localhost/cours4/
[Tue Sep 03 15:53:51.166658 2024] [:error] [pid 18812:tid 1416] [client ::1:49623] PHP   1. {main}() E:\\Web III\\UwAmp\\www\\cours4\\ajouter.php:0, referer: http://localhost/cours4/
[Tue Sep 03 15:53:51.884637 2024] [:error] [pid 18812:tid 1416] [client ::1:49623] PHP Notice:  Undefined index: image in E:\\Web III\\UwAmp\\www\\cours4\\ajouter.php on line 46, referer: http://localhost/cours4/
[Tue Sep 03 15:53:51.884637 2024] [:error] [pid 18812:tid 1416] [client ::1:49623] PHP Stack trace:, referer: http://localhost/cours4/
[Tue Sep 03 15:53:51.884637 2024] [:error] [pid 18812:tid 1416] [client ::1:49623] PHP   1. {main}() E:\\Web III\\UwAmp\\www\\cours4\\ajouter.php:0, referer: http://localhost/cours4/
[Tue Sep 03 15:53:51.884637 2024] [:error] [pid 18812:tid 1416] [client ::1:49623] PHP Notice:  Undefined index: nom in E:\\Web III\\UwAmp\\www\\cours4\\ajouter.php on line 47, referer: http://localhost/cours4/
[Tue Sep 03 15:53:51.884637 2024] [:error] [pid 18812:tid 1416] [client ::1:49623] PHP Stack trace:, referer: http://localhost/cours4/
[Tue Sep 03 15:53:51.884637 2024] [:error] [pid 18812:tid 1416] [client ::1:49623] PHP   1. {main}() E:\\Web III\\UwAmp\\www\\cours4\\ajouter.php:0, referer: http://localhost/cours4/
[Tue Sep 03 15:53:51.884637 2024] [:error] [pid 18812:tid 1416] [client ::1:49623] PHP Notice:  Undefined index: position in E:\\Web III\\UwAmp\\www\\cours4\\ajouter.php on line 48, referer: http://localhost/cours4/
[Tue Sep 03 15:53:51.884637 2024] [:error] [pid 18812:tid 1416] [client ::1:49623] PHP Stack trace:, referer: http://localhost/cours4/
[Tue Sep 03 15:53:51.884637 2024] [:error] [pid 18812:tid 1416] [client ::1:49623] PHP   1. {main}() E:\\Web III\\UwAmp\\www\\cours4\\ajouter.php:0, referer: http://localhost/cours4/
[Tue Sep 03 15:53:51.884637 2024] [:error] [pid 18812:tid 1416] [client ::1:49623] PHP Notice:  Undefined index: orgnisation in E:\\Web III\\UwAmp\\www\\cours4\\ajouter.php on line 49, referer: http://localhost/cours4/
[Tue Sep 03 15:53:51.884637 2024] [:error] [pid 18812:tid 1416] [client ::1:49623] PHP Stack trace:, referer: http://localhost/cours4/
[Tue Sep 03 15:53:51.884637 2024] [:error] [pid 18812:tid 1416] [client ::1:49623] PHP   1. {main}() E:\\Web III\\UwAmp\\www\\cours4\\ajouter.php:0, referer: http://localhost/cours4/
[Tue Sep 03 15:53:51.884637 2024] [:error] [pid 18812:tid 1416] [client ::1:49623] PHP Notice:  Undefined index: arme_p in E:\\Web III\\UwAmp\\www\\cours4\\ajouter.php on line 50, referer: http://localhost/cours4/
[Tue Sep 03 15:53:51.884637 2024] [:error] [pid 18812:tid 1416] [client ::1:49623] PHP Stack trace:, referer: http://localhost/cours4/
[Tue Sep 03 15:53:51.884637 2024] [:error] [pid 18812:tid 1416] [client ::1:49623] PHP   1. {main}() E:\\Web III\\UwAmp\\www\\cours4\\ajouter.php:0, referer: http://localhost/cours4/
[Tue Sep 03 15:53:51.884637 2024] [:error] [pid 18812:tid 1416] [client ::1:49623] PHP Notice:  Undefined index: arme_s in E:\\Web III\\UwAmp\\www\\cours4\\ajouter.php on line 51, referer: http://localhost/cours4/
[Tue Sep 03 15:53:51.884637 2024] [:error] [pid 18812:tid 1416] [client ::1:49623] PHP Stack trace:, referer: http://localhost/cours4/
[Tue Sep 03 15:53:51.884637 2024] [:error] [pid 18812:tid 1416] [client ::1:49623] PHP   1. {main}() E:\\Web III\\UwAmp\\www\\cours4\\ajouter.php:0, referer: http://localhost/cours4/
[Tue Sep 03 15:53:52.054966 2024] [:error] [pid 18812:tid 1416] [client ::1:49623] PHP Notice:  Undefined index: image in E:\\Web III\\UwAmp\\www\\cours4\\ajouter.php on line 46, referer: http://localhost/cours4/
[Tue Sep 03 15:53:52.054966 2024] [:error] [pid 18812:tid 1416] [client ::1:49623] PHP Stack trace:, referer: http://localhost/cours4/
[Tue Sep 03 15:53:52.054966 2024] [:error] [pid 18812:tid 1416] [client ::1:49623] PHP   1. {main}() E:\\Web III\\UwAmp\\www\\cours4\\ajouter.php:0, referer: http://localhost/cours4/
[Tue Sep 03 15:53:52.054966 2024] [:error] [pid 18812:tid 1416] [client ::1:49623] PHP Notice:  Undefined index: nom in E:\\Web III\\UwAmp\\www\\cours4\\ajouter.php on line 47, referer: http://localhost/cours4/
[Tue Sep 03 15:53:52.054966 2024] [:error] [pid 18812:tid 1416] [client ::1:49623] PHP Stack trace:, referer: http://localhost/cours4/
[Tue Sep 03 15:53:52.054966 2024] [:error] [pid 18812:tid 1416] [client ::1:49623] PHP   1. {main}() E:\\Web III\\UwAmp\\www\\cours4\\ajouter.php:0, referer: http://localhost/cours4/
[Tue Sep 03 15:53:52.054966 2024] [:error] [pid 18812:tid 1416] [client ::1:49623] PHP Notice:  Undefined index: position in E:\\Web III\\UwAmp\\www\\cours4\\ajouter.php on line 48, referer: http://localhost/cours4/
[Tue Sep 03 15:53:52.054966 2024] [:error] [pid 18812:tid 1416] [client ::1:49623] PHP Stack trace:, referer: http://localhost/cours4/
[Tue Sep 03 15:53:52.054966 2024] [:error] [pid 18812:tid 1416] [client ::1:49623] PHP   1. {main}() E:\\Web III\\UwAmp\\www\\cours4\\ajouter.php:0, referer: http://localhost/cours4/
[Tue Sep 03 15:53:52.054966 2024] [:error] [pid 18812:tid 1416] [client ::1:49623] PHP Notice:  Undefined index: orgnisation in E:\\Web III\\UwAmp\\www\\cours4\\ajouter.php on line 49, referer: http://localhost/cours4/
[Tue Sep 03 15:53:52.054966 2024] [:error] [pid 18812:tid 1416] [client ::1:49623] PHP Stack trace:, referer: http://localhost/cours4/
[Tue Sep 03 15:53:52.054966 2024] [:error] [pid 18812:tid 1416] [client ::1:49623] PHP   1. {main}() E:\\Web III\\UwAmp\\www\\cours4\\ajouter.php:0, referer: http://localhost/cours4/
[Tue Sep 03 15:53:52.054966 2024] [:error] [pid 18812:tid 1416] [client ::1:49623] PHP Notice:  Undefined index: arme_p in E:\\Web III\\UwAmp\\www\\cours4\\ajouter.php on line 50, referer: http://localhost/cours4/
[Tue Sep 03 15:53:52.054966 2024] [:error] [pid 18812:tid 1416] [client ::1:49623] PHP Stack trace:, referer: http://localhost/cours4/
[Tue Sep 03 15:53:52.054966 2024] [:error] [pid 18812:tid 1416] [client ::1:49623] PHP   1. {main}() E:\\Web III\\UwAmp\\www\\cours4\\ajouter.php:0, referer: http://localhost/cours4/
[Tue Sep 03 15:53:52.054966 2024] [:error] [pid 18812:tid 1416] [client ::1:49623] PHP Notice:  Undefined index: arme_s in E:\\Web III\\UwAmp\\www\\cours4\\ajouter.php on line 51, referer: http://localhost/cours4/
[Tue Sep 03 15:53:52.054966 2024] [:error] [pid 18812:tid 1416] [client ::1:49623] PHP Stack trace:, referer: http://localhost/cours4/
[Tue Sep 03 15:53:52.054966 2024] [:error] [pid 18812:tid 1416] [client ::1:49623] PHP   1. {main}() E:\\Web III\\UwAmp\\www\\cours4\\ajouter.php:0, referer: http://localhost/cours4/
[Tue Sep 03 15:54:03.655944 2024] [:error] [pid 18812:tid 1416] [client ::1:49634] PHP Notice:  Undefined variable: image in E:\\Web III\\UwAmp\\www\\cours4\\ajouter.php on line 19, referer: http://localhost/cours4/
[Tue Sep 03 15:54:03.655944 2024] [:error] [pid 18812:tid 1416] [client ::1:49634] PHP Stack trace:, referer: http://localhost/cours4/
[Tue Sep 03 15:54:03.655944 2024] [:error] [pid 18812:tid 1416] [client ::1:49634] PHP   1. {main}() E:\\Web III\\UwAmp\\www\\cours4\\ajouter.php:0, referer: http://localhost/cours4/
[Tue Sep 03 15:54:03.655944 2024] [:error] [pid 18812:tid 1416] [client ::1:49634] PHP Notice:  Undefined index: image in E:\\Web III\\UwAmp\\www\\cours4\\ajouter.php on line 46, referer: http://localhost/cours4/
[Tue Sep 03 15:54:03.655944 2024] [:error] [pid 18812:tid 1416] [client ::1:49634] PHP Stack trace:, referer: http://localhost/cours4/
[Tue Sep 03 15:54:03.655944 2024] [:error] [pid 18812:tid 1416] [client ::1:49634] PHP   1. {main}() E:\\Web III\\UwAmp\\www\\cours4\\ajouter.php:0, referer: http://localhost/cours4/
[Tue Sep 03 15:54:03.655944 2024] [:error] [pid 18812:tid 1416] [client ::1:49634] PHP Notice:  Undefined index: nom in E:\\Web III\\UwAmp\\www\\cours4\\ajouter.php on line 47, referer: http://localhost/cours4/
[Tue Sep 03 15:54:03.655944 2024] [:error] [pid 18812:tid 1416] [client ::1:49634] PHP Stack trace:, referer: http://localhost/cours4/
[Tue Sep 03 15:54:03.655944 2024] [:error] [pid 18812:tid 1416] [client ::1:49634] PHP   1. {main}() E:\\Web III\\UwAmp\\www\\cours4\\ajouter.php:0, referer: http://localhost/cours4/
[Tue Sep 03 15:54:03.655944 2024] [:error] [pid 18812:tid 1416] [client ::1:49634] PHP Notice:  Undefined index: position in E:\\Web III\\UwAmp\\www\\cours4\\ajouter.php on line 48, referer: http://localhost/cours4/
[Tue Sep 03 15:54:03.655944 2024] [:error] [pid 18812:tid 1416] [client ::1:49634] PHP Stack trace:, referer: http://localhost/cours4/
[Tue Sep 03 15:54:03.656944 2024] [:error] [pid 18812:tid 1416] [client ::1:49634] PHP   1. {main}() E:\\Web III\\UwAmp\\www\\cours4\\ajouter.php:0, referer: http://localhost/cours4/
[Tue Sep 03 15:54:03.656944 2024] [:error] [pid 18812:tid 1416] [client ::1:49634] PHP Notice:  Undefined index: orgnisation in E:\\Web III\\UwAmp\\www\\cours4\\ajouter.php on line 49, referer: http://localhost/cours4/
[Tue Sep 03 15:54:03.656944 2024] [:error] [pid 18812:tid 1416] [client ::1:49634] PHP Stack trace:, referer: http://localhost/cours4/
[Tue Sep 03 15:54:03.656944 2024] [:error] [pid 18812:tid 1416] [client ::1:49634] PHP   1. {main}() E:\\Web III\\UwAmp\\www\\cours4\\ajouter.php:0, referer: http://localhost/cours4/
[Tue Sep 03 15:54:03.656944 2024] [:error] [pid 18812:tid 1416] [client ::1:49634] PHP Notice:  Undefined index: arme_p in E:\\Web III\\UwAmp\\www\\cours4\\ajouter.php on line 50, referer: http://localhost/cours4/
[Tue Sep 03 15:54:03.656944 2024] [:error] [pid 18812:tid 1416] [client ::1:49634] PHP Stack trace:, referer: http://localhost/cours4/
[Tue Sep 03 15:54:03.656944 2024] [:error] [pid 18812:tid 1416] [client ::1:49634] PHP   1. {main}() E:\\Web III\\UwAmp\\www\\cours4\\ajouter.php:0, referer: http://localhost/cours4/
[Tue Sep 03 15:54:03.656944 2024] [:error] [pid 18812:tid 1416] [client ::1:49634] PHP Notice:  Undefined index: arme_s in E:\\Web III\\UwAmp\\www\\cours4\\ajouter.php on line 51, referer: http://localhost/cours4/
[Tue Sep 03 15:54:03.656944 2024] [:error] [pid 18812:tid 1416] [client ::1:49634] PHP Stack trace:, referer: http://localhost/cours4/
[Tue Sep 03 15:54:03.656944 2024] [:error] [pid 18812:tid 1416] [client ::1:49634] PHP   1. {main}() E:\\Web III\\UwAmp\\www\\cours4\\ajouter.php:0, referer: http://localhost/cours4/
[Tue Sep 03 15:54:12.161215 2024] [:error] [pid 18812:tid 1416] [client ::1:49641] PHP Notice:  Undefined variable: image in E:\\Web III\\UwAmp\\www\\cours4\\ajouter.php on line 19, referer: http://localhost/cours4/ajouter.php
[Tue Sep 03 15:54:12.161215 2024] [:error] [pid 18812:tid 1416] [client ::1:49641] PHP Stack trace:, referer: http://localhost/cours4/ajouter.php
[Tue Sep 03 15:54:12.161215 2024] [:error] [pid 18812:tid 1416] [client ::1:49641] PHP   1. {main}() E:\\Web III\\UwAmp\\www\\cours4\\ajouter.php:0, referer: http://localhost/cours4/ajouter.php
[Tue Sep 03 15:54:12.161215 2024] [:error] [pid 18812:tid 1416] [client ::1:49641] PHP Notice:  Undefined index: image in E:\\Web III\\UwAmp\\www\\cours4\\ajouter.php on line 46, referer: http://localhost/cours4/ajouter.php
[Tue Sep 03 15:54:12.161215 2024] [:error] [pid 18812:tid 1416] [client ::1:49641] PHP Stack trace:, referer: http://localhost/cours4/ajouter.php
[Tue Sep 03 15:54:12.161215 2024] [:error] [pid 18812:tid 1416] [client ::1:49641] PHP   1. {main}() E:\\Web III\\UwAmp\\www\\cours4\\ajouter.php:0, referer: http://localhost/cours4/ajouter.php
[Tue Sep 03 15:54:12.161215 2024] [:error] [pid 18812:tid 1416] [client ::1:49641] PHP Notice:  Undefined index: orgnisation in E:\\Web III\\UwAmp\\www\\cours4\\ajouter.php on line 49, referer: http://localhost/cours4/ajouter.php
[Tue Sep 03 15:54:12.161215 2024] [:error] [pid 18812:tid 1416] [client ::1:49641] PHP Stack trace:, referer: http://localhost/cours4/ajouter.php
[Tue Sep 03 15:54:12.161215 2024] [:error] [pid 18812:tid 1416] [client ::1:49641] PHP   1. {main}() E:\\Web III\\UwAmp\\www\\cours4\\ajouter.php:0, referer: http://localhost/cours4/ajouter.php
[Tue Sep 03 15:54:19.652606 2024] [:error] [pid 18812:tid 1416] [client ::1:49643] PHP Notice:  Undefined variable: image in E:\\Web III\\UwAmp\\www\\cours4\\ajouter.php on line 19, referer: http://localhost/cours4/ajouter.php?nom=Jeremy&position=&organisation=&arme_p=&arme_s=
[Tue Sep 03 15:54:19.652606 2024] [:error] [pid 18812:tid 1416] [client ::1:49643] PHP Stack trace:, referer: http://localhost/cours4/ajouter.php?nom=Jeremy&position=&organisation=&arme_p=&arme_s=
[Tue Sep 03 15:54:19.652606 2024] [:error] [pid 18812:tid 1416] [client ::1:49643] PHP   1. {main}() E:\\Web III\\UwAmp\\www\\cours4\\ajouter.php:0, referer: http://localhost/cours4/ajouter.php?nom=Jeremy&position=&organisation=&arme_p=&arme_s=
[Tue Sep 03 15:54:19.652606 2024] [:error] [pid 18812:tid 1416] [client ::1:49643] PHP Notice:  Undefined index: image in E:\\Web III\\UwAmp\\www\\cours4\\ajouter.php on line 46, referer: http://localhost/cours4/ajouter.php?nom=Jeremy&position=&organisation=&arme_p=&arme_s=
[Tue Sep 03 15:54:19.652606 2024] [:error] [pid 18812:tid 1416] [client ::1:49643] PHP Stack trace:, referer: http://localhost/cours4/ajouter.php?nom=Jeremy&position=&organisation=&arme_p=&arme_s=
[Tue Sep 03 15:54:19.652606 2024] [:error] [pid 18812:tid 1416] [client ::1:49643] PHP   1. {main}() E:\\Web III\\UwAmp\\www\\cours4\\ajouter.php:0, referer: http://localhost/cours4/ajouter.php?nom=Jeremy&position=&organisation=&arme_p=&arme_s=
[Tue Sep 03 15:54:19.652606 2024] [:error] [pid 18812:tid 1416] [client ::1:49643] PHP Notice:  Undefined index: orgnisation in E:\\Web III\\UwAmp\\www\\cours4\\ajouter.php on line 49, referer: http://localhost/cours4/ajouter.php?nom=Jeremy&position=&organisation=&arme_p=&arme_s=
[Tue Sep 03 15:54:19.653607 2024] [:error] [pid 18812:tid 1416] [client ::1:49643] PHP Stack trace:, referer: http://localhost/cours4/ajouter.php?nom=Jeremy&position=&organisation=&arme_p=&arme_s=
[Tue Sep 03 15:54:19.653607 2024] [:error] [pid 18812:tid 1416] [client ::1:49643] PHP   1. {main}() E:\\Web III\\UwAmp\\www\\cours4\\ajouter.php:0, referer: http://localhost/cours4/ajouter.php?nom=Jeremy&position=&organisation=&arme_p=&arme_s=
[Tue Sep 03 15:54:20.420290 2024] [:error] [pid 18812:tid 1416] [client ::1:49643] PHP Notice:  Undefined variable: image in E:\\Web III\\UwAmp\\www\\cours4\\ajouter.php on line 19, referer: http://localhost/cours4/ajouter.php?nom=&position=&organisation=&arme_p=&arme_s=
[Tue Sep 03 15:54:20.420290 2024] [:error] [pid 18812:tid 1416] [client ::1:49643] PHP Stack trace:, referer: http://localhost/cours4/ajouter.php?nom=&position=&organisation=&arme_p=&arme_s=
[Tue Sep 03 15:54:20.420290 2024] [:error] [pid 18812:tid 1416] [client ::1:49643] PHP   1. {main}() E:\\Web III\\UwAmp\\www\\cours4\\ajouter.php:0, referer: http://localhost/cours4/ajouter.php?nom=&position=&organisation=&arme_p=&arme_s=
[Tue Sep 03 15:54:20.420290 2024] [:error] [pid 18812:tid 1416] [client ::1:49643] PHP Notice:  Undefined index: image in E:\\Web III\\UwAmp\\www\\cours4\\ajouter.php on line 46, referer: http://localhost/cours4/ajouter.php?nom=&position=&organisation=&arme_p=&arme_s=
[Tue Sep 03 15:54:20.420290 2024] [:error] [pid 18812:tid 1416] [client ::1:49643] PHP Stack trace:, referer: http://localhost/cours4/ajouter.php?nom=&position=&organisation=&arme_p=&arme_s=
[Tue Sep 03 15:54:20.420290 2024] [:error] [pid 18812:tid 1416] [client ::1:49643] PHP   1. {main}() E:\\Web III\\UwAmp\\www\\cours4\\ajouter.php:0, referer: http://localhost/cours4/ajouter.php?nom=&position=&organisation=&arme_p=&arme_s=
[Tue Sep 03 15:54:20.420290 2024] [:error] [pid 18812:tid 1416] [client ::1:49643] PHP Notice:  Undefined index: orgnisation in E:\\Web III\\UwAmp\\www\\cours4\\ajouter.php on line 49, referer: http://localhost/cours4/ajouter.php?nom=&position=&organisation=&arme_p=&arme_s=
[Tue Sep 03 15:54:20.420290 2024] [:error] [pid 18812:tid 1416] [client ::1:49643] PHP Stack trace:, referer: http://localhost/cours4/ajouter.php?nom=&position=&organisation=&arme_p=&arme_s=
[Tue Sep 03 15:54:20.420290 2024] [:error] [pid 18812:tid 1416] [client ::1:49643] PHP   1. {main}() E:\\Web III\\UwAmp\\www\\cours4\\ajouter.php:0, referer: http://localhost/cours4/ajouter.php?nom=&position=&organisation=&arme_p=&arme_s=
[Tue Sep 03 15:54:41.067613 2024] [:error] [pid 18812:tid 1416] [client ::1:49652] PHP Notice:  Undefined variable: image in E:\\Web III\\UwAmp\\www\\cours4\\ajouter.php on line 19, referer: http://localhost/cours4/ajouter.php?nom=&position=&organisation=&arme_p=&arme_s=
[Tue Sep 03 15:54:41.067613 2024] [:error] [pid 18812:tid 1416] [client ::1:49652] PHP Stack trace:, referer: http://localhost/cours4/ajouter.php?nom=&position=&organisation=&arme_p=&arme_s=
[Tue Sep 03 15:54:41.067613 2024] [:error] [pid 18812:tid 1416] [client ::1:49652] PHP   1. {main}() E:\\Web III\\UwAmp\\www\\cours4\\ajouter.php:0, referer: http://localhost/cours4/ajouter.php?nom=&position=&organisation=&arme_p=&arme_s=
[Tue Sep 03 15:54:41.067613 2024] [:error] [pid 18812:tid 1416] [client ::1:49652] PHP Notice:  Undefined index: image in E:\\Web III\\UwAmp\\www\\cours4\\ajouter.php on line 46, referer: http://localhost/cours4/ajouter.php?nom=&position=&organisation=&arme_p=&arme_s=
[Tue Sep 03 15:54:41.067613 2024] [:error] [pid 18812:tid 1416] [client ::1:49652] PHP Stack trace:, referer: http://localhost/cours4/ajouter.php?nom=&position=&organisation=&arme_p=&arme_s=
[Tue Sep 03 15:54:41.067613 2024] [:error] [pid 18812:tid 1416] [client ::1:49652] PHP   1. {main}() E:\\Web III\\UwAmp\\www\\cours4\\ajouter.php:0, referer: http://localhost/cours4/ajouter.php?nom=&position=&organisation=&arme_p=&arme_s=
[Tue Sep 03 15:54:41.067613 2024] [:error] [pid 18812:tid 1416] [client ::1:49652] PHP Notice:  Undefined index: orgnisation in E:\\Web III\\UwAmp\\www\\cours4\\ajouter.php on line 49, referer: http://localhost/cours4/ajouter.php?nom=&position=&organisation=&arme_p=&arme_s=
[Tue Sep 03 15:54:41.067613 2024] [:error] [pid 18812:tid 1416] [client ::1:49652] PHP Stack trace:, referer: http://localhost/cours4/ajouter.php?nom=&position=&organisation=&arme_p=&arme_s=
[Tue Sep 03 15:54:41.067613 2024] [:error] [pid 18812:tid 1416] [client ::1:49652] PHP   1. {main}() E:\\Web III\\UwAmp\\www\\cours4\\ajouter.php:0, referer: http://localhost/cours4/ajouter.php?nom=&position=&organisation=&arme_p=&arme_s=
[Tue Sep 03 15:54:41.569250 2024] [:error] [pid 18812:tid 1416] [client ::1:49652] PHP Notice:  Undefined variable: image in E:\\Web III\\UwAmp\\www\\cours4\\ajouter.php on line 19, referer: http://localhost/cours4/ajouter.php?nom=&position=&organisation=&arme_p=&arme_s=
[Tue Sep 03 15:54:41.569250 2024] [:error] [pid 18812:tid 1416] [client ::1:49652] PHP Stack trace:, referer: http://localhost/cours4/ajouter.php?nom=&position=&organisation=&arme_p=&arme_s=
[Tue Sep 03 15:54:41.569250 2024] [:error] [pid 18812:tid 1416] [client ::1:49652] PHP   1. {main}() E:\\Web III\\UwAmp\\www\\cours4\\ajouter.php:0, referer: http://localhost/cours4/ajouter.php?nom=&position=&organisation=&arme_p=&arme_s=
[Tue Sep 03 15:54:41.570288 2024] [:error] [pid 18812:tid 1416] [client ::1:49652] PHP Notice:  Undefined index: image in E:\\Web III\\UwAmp\\www\\cours4\\ajouter.php on line 46, referer: http://localhost/cours4/ajouter.php?nom=&position=&organisation=&arme_p=&arme_s=
[Tue Sep 03 15:54:41.570288 2024] [:error] [pid 18812:tid 1416] [client ::1:49652] PHP Stack trace:, referer: http://localhost/cours4/ajouter.php?nom=&position=&organisation=&arme_p=&arme_s=
[Tue Sep 03 15:54:41.570288 2024] [:error] [pid 18812:tid 1416] [client ::1:49652] PHP   1. {main}() E:\\Web III\\UwAmp\\www\\cours4\\ajouter.php:0, referer: http://localhost/cours4/ajouter.php?nom=&position=&organisation=&arme_p=&arme_s=
[Tue Sep 03 15:54:41.570288 2024] [:error] [pid 18812:tid 1416] [client ::1:49652] PHP Notice:  Undefined index: orgnisation in E:\\Web III\\UwAmp\\www\\cours4\\ajouter.php on line 49, referer: http://localhost/cours4/ajouter.php?nom=&position=&organisation=&arme_p=&arme_s=
[Tue Sep 03 15:54:41.570288 2024] [:error] [pid 18812:tid 1416] [client ::1:49652] PHP Stack trace:, referer: http://localhost/cours4/ajouter.php?nom=&position=&organisation=&arme_p=&arme_s=
[Tue Sep 03 15:54:41.570288 2024] [:error] [pid 18812:tid 1416] [client ::1:49652] PHP   1. {main}() E:\\Web III\\UwAmp\\www\\cours4\\ajouter.php:0, referer: http://localhost/cours4/ajouter.php?nom=&position=&organisation=&arme_p=&arme_s=
[Tue Sep 03 15:54:41.728347 2024] [:error] [pid 18812:tid 1416] [client ::1:49652] PHP Notice:  Undefined variable: image in E:\\Web III\\UwAmp\\www\\cours4\\ajouter.php on line 19, referer: http://localhost/cours4/ajouter.php?nom=&position=&organisation=&arme_p=&arme_s=
[Tue Sep 03 15:54:41.728347 2024] [:error] [pid 18812:tid 1416] [client ::1:49652] PHP Stack trace:, referer: http://localhost/cours4/ajouter.php?nom=&position=&organisation=&arme_p=&arme_s=
[Tue Sep 03 15:54:41.728347 2024] [:error] [pid 18812:tid 1416] [client ::1:49652] PHP   1. {main}() E:\\Web III\\UwAmp\\www\\cours4\\ajouter.php:0, referer: http://localhost/cours4/ajouter.php?nom=&position=&organisation=&arme_p=&arme_s=
[Tue Sep 03 15:54:41.728347 2024] [:error] [pid 18812:tid 1416] [client ::1:49652] PHP Notice:  Undefined index: image in E:\\Web III\\UwAmp\\www\\cours4\\ajouter.php on line 46, referer: http://localhost/cours4/ajouter.php?nom=&position=&organisation=&arme_p=&arme_s=
[Tue Sep 03 15:54:41.728347 2024] [:error] [pid 18812:tid 1416] [client ::1:49652] PHP Stack trace:, referer: http://localhost/cours4/ajouter.php?nom=&position=&organisation=&arme_p=&arme_s=
[Tue Sep 03 15:54:41.728347 2024] [:error] [pid 18812:tid 1416] [client ::1:49652] PHP   1. {main}() E:\\Web III\\UwAmp\\www\\cours4\\ajouter.php:0, referer: http://localhost/cours4/ajouter.php?nom=&position=&organisation=&arme_p=&arme_s=
[Tue Sep 03 15:54:41.728347 2024] [:error] [pid 18812:tid 1416] [client ::1:49652] PHP Notice:  Undefined index: orgnisation in E:\\Web III\\UwAmp\\www\\cours4\\ajouter.php on line 49, referer: http://localhost/cours4/ajouter.php?nom=&position=&organisation=&arme_p=&arme_s=
[Tue Sep 03 15:54:41.728347 2024] [:error] [pid 18812:tid 1416] [client ::1:49652] PHP Stack trace:, referer: http://localhost/cours4/ajouter.php?nom=&position=&organisation=&arme_p=&arme_s=
[Tue Sep 03 15:54:41.728347 2024] [:error] [pid 18812:tid 1416] [client ::1:49652] PHP   1. {main}() E:\\Web III\\UwAmp\\www\\cours4\\ajouter.php:0, referer: http://localhost/cours4/ajouter.php?nom=&position=&organisation=&arme_p=&arme_s=
[Tue Sep 03 15:54:41.904362 2024] [:error] [pid 18812:tid 1416] [client ::1:49652] PHP Notice:  Undefined variable: image in E:\\Web III\\UwAmp\\www\\cours4\\ajouter.php on line 19, referer: http://localhost/cours4/ajouter.php?nom=&position=&organisation=&arme_p=&arme_s=
[Tue Sep 03 15:54:41.904362 2024] [:error] [pid 18812:tid 1416] [client ::1:49652] PHP Stack trace:, referer: http://localhost/cours4/ajouter.php?nom=&position=&organisation=&arme_p=&arme_s=
[Tue Sep 03 15:54:41.904362 2024] [:error] [pid 18812:tid 1416] [client ::1:49652] PHP   1. {main}() E:\\Web III\\UwAmp\\www\\cours4\\ajouter.php:0, referer: http://localhost/cours4/ajouter.php?nom=&position=&organisation=&arme_p=&arme_s=
[Tue Sep 03 15:54:41.904362 2024] [:error] [pid 18812:tid 1416] [client ::1:49652] PHP Notice:  Undefined index: image in E:\\Web III\\UwAmp\\www\\cours4\\ajouter.php on line 46, referer: http://localhost/cours4/ajouter.php?nom=&position=&organisation=&arme_p=&arme_s=
[Tue Sep 03 15:54:41.904362 2024] [:error] [pid 18812:tid 1416] [client ::1:49652] PHP Stack trace:, referer: http://localhost/cours4/ajouter.php?nom=&position=&organisation=&arme_p=&arme_s=
[Tue Sep 03 15:54:41.904362 2024] [:error] [pid 18812:tid 1416] [client ::1:49652] PHP   1. {main}() E:\\Web III\\UwAmp\\www\\cours4\\ajouter.php:0, referer: http://localhost/cours4/ajouter.php?nom=&position=&organisation=&arme_p=&arme_s=
[Tue Sep 03 15:54:41.904362 2024] [:error] [pid 18812:tid 1416] [client ::1:49652] PHP Notice:  Undefined index: orgnisation in E:\\Web III\\UwAmp\\www\\cours4\\ajouter.php on line 49, referer: http://localhost/cours4/ajouter.php?nom=&position=&organisation=&arme_p=&arme_s=
[Tue Sep 03 15:54:41.904362 2024] [:error] [pid 18812:tid 1416] [client ::1:49652] PHP Stack trace:, referer: http://localhost/cours4/ajouter.php?nom=&position=&organisation=&arme_p=&arme_s=
[Tue Sep 03 15:54:41.904362 2024] [:error] [pid 18812:tid 1416] [client ::1:49652] PHP   1. {main}() E:\\Web III\\UwAmp\\www\\cours4\\ajouter.php:0, referer: http://localhost/cours4/ajouter.php?nom=&position=&organisation=&arme_p=&arme_s=
[Tue Sep 03 15:54:42.128336 2024] [:error] [pid 18812:tid 1416] [client ::1:49652] PHP Notice:  Undefined variable: image in E:\\Web III\\UwAmp\\www\\cours4\\ajouter.php on line 19, referer: http://localhost/cours4/ajouter.php?nom=&position=&organisation=&arme_p=&arme_s=
[Tue Sep 03 15:54:42.128336 2024] [:error] [pid 18812:tid 1416] [client ::1:49652] PHP Stack trace:, referer: http://localhost/cours4/ajouter.php?nom=&position=&organisation=&arme_p=&arme_s=
[Tue Sep 03 15:54:42.128336 2024] [:error] [pid 18812:tid 1416] [client ::1:49652] PHP   1. {main}() E:\\Web III\\UwAmp\\www\\cours4\\ajouter.php:0, referer: http://localhost/cours4/ajouter.php?nom=&position=&organisation=&arme_p=&arme_s=
[Tue Sep 03 15:54:42.128336 2024] [:error] [pid 18812:tid 1416] [client ::1:49652] PHP Notice:  Undefined index: image in E:\\Web III\\UwAmp\\www\\cours4\\ajouter.php on line 46, referer: http://localhost/cours4/ajouter.php?nom=&position=&organisation=&arme_p=&arme_s=
[Tue Sep 03 15:54:42.128336 2024] [:error] [pid 18812:tid 1416] [client ::1:49652] PHP Stack trace:, referer: http://localhost/cours4/ajouter.php?nom=&position=&organisation=&arme_p=&arme_s=
[Tue Sep 03 15:54:42.128336 2024] [:error] [pid 18812:tid 1416] [client ::1:49652] PHP   1. {main}() E:\\Web III\\UwAmp\\www\\cours4\\ajouter.php:0, referer: http://localhost/cours4/ajouter.php?nom=&position=&organisation=&arme_p=&arme_s=
[Tue Sep 03 15:54:42.128336 2024] [:error] [pid 18812:tid 1416] [client ::1:49652] PHP Notice:  Undefined index: orgnisation in E:\\Web III\\UwAmp\\www\\cours4\\ajouter.php on line 49, referer: http://localhost/cours4/ajouter.php?nom=&position=&organisation=&arme_p=&arme_s=
[Tue Sep 03 15:54:42.128336 2024] [:error] [pid 18812:tid 1416] [client ::1:49652] PHP Stack trace:, referer: http://localhost/cours4/ajouter.php?nom=&position=&organisation=&arme_p=&arme_s=
[Tue Sep 03 15:54:42.128336 2024] [:error] [pid 18812:tid 1416] [client ::1:49652] PHP   1. {main}() E:\\Web III\\UwAmp\\www\\cours4\\ajouter.php:0, referer: http://localhost/cours4/ajouter.php?nom=&position=&organisation=&arme_p=&arme_s=
[Tue Sep 03 15:54:42.300678 2024] [:error] [pid 18812:tid 1416] [client ::1:49652] PHP Notice:  Undefined variable: image in E:\\Web III\\UwAmp\\www\\cours4\\ajouter.php on line 19, referer: http://localhost/cours4/ajouter.php?nom=&position=&organisation=&arme_p=&arme_s=
[Tue Sep 03 15:54:42.300678 2024] [:error] [pid 18812:tid 1416] [client ::1:49652] PHP Stack trace:, referer: http://localhost/cours4/ajouter.php?nom=&position=&organisation=&arme_p=&arme_s=
[Tue Sep 03 15:54:42.300678 2024] [:error] [pid 18812:tid 1416] [client ::1:49652] PHP   1. {main}() E:\\Web III\\UwAmp\\www\\cours4\\ajouter.php:0, referer: http://localhost/cours4/ajouter.php?nom=&position=&organisation=&arme_p=&arme_s=
[Tue Sep 03 15:54:42.300678 2024] [:error] [pid 18812:tid 1416] [client ::1:49652] PHP Notice:  Undefined index: image in E:\\Web III\\UwAmp\\www\\cours4\\ajouter.php on line 46, referer: http://localhost/cours4/ajouter.php?nom=&position=&organisation=&arme_p=&arme_s=
[Tue Sep 03 15:54:42.300678 2024] [:error] [pid 18812:tid 1416] [client ::1:49652] PHP Stack trace:, referer: http://localhost/cours4/ajouter.php?nom=&position=&organisation=&arme_p=&arme_s=
[Tue Sep 03 15:54:42.300678 2024] [:error] [pid 18812:tid 1416] [client ::1:49652] PHP   1. {main}() E:\\Web III\\UwAmp\\www\\cours4\\ajouter.php:0, referer: http://localhost/cours4/ajouter.php?nom=&position=&organisation=&arme_p=&arme_s=
[Tue Sep 03 15:54:42.300678 2024] [:error] [pid 18812:tid 1416] [client ::1:49652] PHP Notice:  Undefined index: orgnisation in E:\\Web III\\UwAmp\\www\\cours4\\ajouter.php on line 49, referer: http://localhost/cours4/ajouter.php?nom=&position=&organisation=&arme_p=&arme_s=
[Tue Sep 03 15:54:42.300678 2024] [:error] [pid 18812:tid 1416] [client ::1:49652] PHP Stack trace:, referer: http://localhost/cours4/ajouter.php?nom=&position=&organisation=&arme_p=&arme_s=
[Tue Sep 03 15:54:42.300678 2024] [:error] [pid 18812:tid 1416] [client ::1:49652] PHP   1. {main}() E:\\Web III\\UwAmp\\www\\cours4\\ajouter.php:0, referer: http://localhost/cours4/ajouter.php?nom=&position=&organisation=&arme_p=&arme_s=
[Tue Sep 03 15:54:42.480197 2024] [:error] [pid 18812:tid 1416] [client ::1:49652] PHP Notice:  Undefined variable: image in E:\\Web III\\UwAmp\\www\\cours4\\ajouter.php on line 19, referer: http://localhost/cours4/ajouter.php?nom=&position=&organisation=&arme_p=&arme_s=
[Tue Sep 03 15:54:42.480197 2024] [:error] [pid 18812:tid 1416] [client ::1:49652] PHP Stack trace:, referer: http://localhost/cours4/ajouter.php?nom=&position=&organisation=&arme_p=&arme_s=
[Tue Sep 03 15:54:42.480197 2024] [:error] [pid 18812:tid 1416] [client ::1:49652] PHP   1. {main}() E:\\Web III\\UwAmp\\www\\cours4\\ajouter.php:0, referer: http://localhost/cours4/ajouter.php?nom=&position=&organisation=&arme_p=&arme_s=
[Tue Sep 03 15:54:42.480197 2024] [:error] [pid 18812:tid 1416] [client ::1:49652] PHP Notice:  Undefined index: image in E:\\Web III\\UwAmp\\www\\cours4\\ajouter.php on line 46, referer: http://localhost/cours4/ajouter.php?nom=&position=&organisation=&arme_p=&arme_s=
[Tue Sep 03 15:54:42.480197 2024] [:error] [pid 18812:tid 1416] [client ::1:49652] PHP Stack trace:, referer: http://localhost/cours4/ajouter.php?nom=&position=&organisation=&arme_p=&arme_s=
[Tue Sep 03 15:54:42.480197 2024] [:error] [pid 18812:tid 1416] [client ::1:49652] PHP   1. {main}() E:\\Web III\\UwAmp\\www\\cours4\\ajouter.php:0, referer: http://localhost/cours4/ajouter.php?nom=&position=&organisation=&arme_p=&arme_s=
[Tue Sep 03 15:54:42.480197 2024] [:error] [pid 18812:tid 1416] [client ::1:49652] PHP Notice:  Undefined index: orgnisation in E:\\Web III\\UwAmp\\www\\cours4\\ajouter.php on line 49, referer: http://localhost/cours4/ajouter.php?nom=&position=&organisation=&arme_p=&arme_s=
[Tue Sep 03 15:54:42.480197 2024] [:error] [pid 18812:tid 1416] [client ::1:49652] PHP Stack trace:, referer: http://localhost/cours4/ajouter.php?nom=&position=&organisation=&arme_p=&arme_s=
[Tue Sep 03 15:54:42.480197 2024] [:error] [pid 18812:tid 1416] [client ::1:49652] PHP   1. {main}() E:\\Web III\\UwAmp\\www\\cours4\\ajouter.php:0, referer: http://localhost/cours4/ajouter.php?nom=&position=&organisation=&arme_p=&arme_s=
[Tue Sep 03 15:54:42.661040 2024] [:error] [pid 18812:tid 1416] [client ::1:49652] PHP Notice:  Undefined variable: image in E:\\Web III\\UwAmp\\www\\cours4\\ajouter.php on line 19, referer: http://localhost/cours4/ajouter.php?nom=&position=&organisation=&arme_p=&arme_s=
[Tue Sep 03 15:54:42.661040 2024] [:error] [pid 18812:tid 1416] [client ::1:49652] PHP Stack trace:, referer: http://localhost/cours4/ajouter.php?nom=&position=&organisation=&arme_p=&arme_s=
[Tue Sep 03 15:54:42.661040 2024] [:error] [pid 18812:tid 1416] [client ::1:49652] PHP   1. {main}() E:\\Web III\\UwAmp\\www\\cours4\\ajouter.php:0, referer: http://localhost/cours4/ajouter.php?nom=&position=&organisation=&arme_p=&arme_s=
[Tue Sep 03 15:54:42.661040 2024] [:error] [pid 18812:tid 1416] [client ::1:49652] PHP Notice:  Undefined index: image in E:\\Web III\\UwAmp\\www\\cours4\\ajouter.php on line 46, referer: http://localhost/cours4/ajouter.php?nom=&position=&organisation=&arme_p=&arme_s=
[Tue Sep 03 15:54:42.661040 2024] [:error] [pid 18812:tid 1416] [client ::1:49652] PHP Stack trace:, referer: http://localhost/cours4/ajouter.php?nom=&position=&organisation=&arme_p=&arme_s=
[Tue Sep 03 15:54:42.661040 2024] [:error] [pid 18812:tid 1416] [client ::1:49652] PHP   1. {main}() E:\\Web III\\UwAmp\\www\\cours4\\ajouter.php:0, referer: http://localhost/cours4/ajouter.php?nom=&position=&organisation=&arme_p=&arme_s=
[Tue Sep 03 15:54:42.661040 2024] [:error] [pid 18812:tid 1416] [client ::1:49652] PHP Notice:  Undefined index: orgnisation in E:\\Web III\\UwAmp\\www\\cours4\\ajouter.php on line 49, referer: http://localhost/cours4/ajouter.php?nom=&position=&organisation=&arme_p=&arme_s=
[Tue Sep 03 15:54:42.661040 2024] [:error] [pid 18812:tid 1416] [client ::1:49652] PHP Stack trace:, referer: http://localhost/cours4/ajouter.php?nom=&position=&organisation=&arme_p=&arme_s=
[Tue Sep 03 15:54:42.661040 2024] [:error] [pid 18812:tid 1416] [client ::1:49652] PHP   1. {main}() E:\\Web III\\UwAmp\\www\\cours4\\ajouter.php:0, referer: http://localhost/cours4/ajouter.php?nom=&position=&organisation=&arme_p=&arme_s=
[Tue Sep 03 15:54:42.847519 2024] [:error] [pid 18812:tid 1416] [client ::1:49652] PHP Notice:  Undefined variable: image in E:\\Web III\\UwAmp\\www\\cours4\\ajouter.php on line 19, referer: http://localhost/cours4/ajouter.php?nom=&position=&organisation=&arme_p=&arme_s=
[Tue Sep 03 15:54:42.847519 2024] [:error] [pid 18812:tid 1416] [client ::1:49652] PHP Stack trace:, referer: http://localhost/cours4/ajouter.php?nom=&position=&organisation=&arme_p=&arme_s=
[Tue Sep 03 15:54:42.847519 2024] [:error] [pid 18812:tid 1416] [client ::1:49652] PHP   1. {main}() E:\\Web III\\UwAmp\\www\\cours4\\ajouter.php:0, referer: http://localhost/cours4/ajouter.php?nom=&position=&organisation=&arme_p=&arme_s=
[Tue Sep 03 15:54:42.847519 2024] [:error] [pid 18812:tid 1416] [client ::1:49652] PHP Notice:  Undefined index: image in E:\\Web III\\UwAmp\\www\\cours4\\ajouter.php on line 46, referer: http://localhost/cours4/ajouter.php?nom=&position=&organisation=&arme_p=&arme_s=
[Tue Sep 03 15:54:42.847519 2024] [:error] [pid 18812:tid 1416] [client ::1:49652] PHP Stack trace:, referer: http://localhost/cours4/ajouter.php?nom=&position=&organisation=&arme_p=&arme_s=
[Tue Sep 03 15:54:42.847519 2024] [:error] [pid 18812:tid 1416] [client ::1:49652] PHP   1. {main}() E:\\Web III\\UwAmp\\www\\cours4\\ajouter.php:0, referer: http://localhost/cours4/ajouter.php?nom=&position=&organisation=&arme_p=&arme_s=
[Tue Sep 03 15:54:42.847519 2024] [:error] [pid 18812:tid 1416] [client ::1:49652] PHP Notice:  Undefined index: orgnisation in E:\\Web III\\UwAmp\\www\\cours4\\ajouter.php on line 49, referer: http://localhost/cours4/ajouter.php?nom=&position=&organisation=&arme_p=&arme_s=
[Tue Sep 03 15:54:42.847519 2024] [:error] [pid 18812:tid 1416] [client ::1:49652] PHP Stack trace:, referer: http://localhost/cours4/ajouter.php?nom=&position=&organisation=&arme_p=&arme_s=
[Tue Sep 03 15:54:42.847519 2024] [:error] [pid 18812:tid 1416] [client ::1:49652] PHP   1. {main}() E:\\Web III\\UwAmp\\www\\cours4\\ajouter.php:0, referer: http://localhost/cours4/ajouter.php?nom=&position=&organisation=&arme_p=&arme_s=
[Tue Sep 03 15:54:43.065451 2024] [:error] [pid 18812:tid 1416] [client ::1:49652] PHP Notice:  Undefined variable: image in E:\\Web III\\UwAmp\\www\\cours4\\ajouter.php on line 19, referer: http://localhost/cours4/ajouter.php?nom=&position=&organisation=&arme_p=&arme_s=
[Tue Sep 03 15:54:43.065451 2024] [:error] [pid 18812:tid 1416] [client ::1:49652] PHP Stack trace:, referer: http://localhost/cours4/ajouter.php?nom=&position=&organisation=&arme_p=&arme_s=
[Tue Sep 03 15:54:43.065451 2024] [:error] [pid 18812:tid 1416] [client ::1:49652] PHP   1. {main}() E:\\Web III\\UwAmp\\www\\cours4\\ajouter.php:0, referer: http://localhost/cours4/ajouter.php?nom=&position=&organisation=&arme_p=&arme_s=
[Tue Sep 03 15:54:43.065451 2024] [:error] [pid 18812:tid 1416] [client ::1:49652] PHP Notice:  Undefined index: image in E:\\Web III\\UwAmp\\www\\cours4\\ajouter.php on line 46, referer: http://localhost/cours4/ajouter.php?nom=&position=&organisation=&arme_p=&arme_s=
[Tue Sep 03 15:54:43.065451 2024] [:error] [pid 18812:tid 1416] [client ::1:49652] PHP Stack trace:, referer: http://localhost/cours4/ajouter.php?nom=&position=&organisation=&arme_p=&arme_s=
[Tue Sep 03 15:54:43.065451 2024] [:error] [pid 18812:tid 1416] [client ::1:49652] PHP   1. {main}() E:\\Web III\\UwAmp\\www\\cours4\\ajouter.php:0, referer: http://localhost/cours4/ajouter.php?nom=&position=&organisation=&arme_p=&arme_s=
[Tue Sep 03 15:54:43.065451 2024] [:error] [pid 18812:tid 1416] [client ::1:49652] PHP Notice:  Undefined index: orgnisation in E:\\Web III\\UwAmp\\www\\cours4\\ajouter.php on line 49, referer: http://localhost/cours4/ajouter.php?nom=&position=&organisation=&arme_p=&arme_s=
[Tue Sep 03 15:54:43.065451 2024] [:error] [pid 18812:tid 1416] [client ::1:49652] PHP Stack trace:, referer: http://localhost/cours4/ajouter.php?nom=&position=&organisation=&arme_p=&arme_s=
[Tue Sep 03 15:54:43.065451 2024] [:error] [pid 18812:tid 1416] [client ::1:49652] PHP   1. {main}() E:\\Web III\\UwAmp\\www\\cours4\\ajouter.php:0, referer: http://localhost/cours4/ajouter.php?nom=&position=&organisation=&arme_p=&arme_s=
[Tue Sep 03 15:54:43.488681 2024] [:error] [pid 18812:tid 1416] [client ::1:49652] PHP Notice:  Undefined variable: image in E:\\Web III\\UwAmp\\www\\cours4\\ajouter.php on line 19, referer: http://localhost/cours4/ajouter.php?nom=&position=&organisation=&arme_p=&arme_s=
[Tue Sep 03 15:54:43.488681 2024] [:error] [pid 18812:tid 1416] [client ::1:49652] PHP Stack trace:, referer: http://localhost/cours4/ajouter.php?nom=&position=&organisation=&arme_p=&arme_s=
[Tue Sep 03 15:54:43.488681 2024] [:error] [pid 18812:tid 1416] [client ::1:49652] PHP   1. {main}() E:\\Web III\\UwAmp\\www\\cours4\\ajouter.php:0, referer: http://localhost/cours4/ajouter.php?nom=&position=&organisation=&arme_p=&arme_s=
[Tue Sep 03 15:54:43.488681 2024] [:error] [pid 18812:tid 1416] [client ::1:49652] PHP Notice:  Undefined index: image in E:\\Web III\\UwAmp\\www\\cours4\\ajouter.php on line 46, referer: http://localhost/cours4/ajouter.php?nom=&position=&organisation=&arme_p=&arme_s=
[Tue Sep 03 15:54:43.488681 2024] [:error] [pid 18812:tid 1416] [client ::1:49652] PHP Stack trace:, referer: http://localhost/cours4/ajouter.php?nom=&position=&organisation=&arme_p=&arme_s=
[Tue Sep 03 15:54:43.488681 2024] [:error] [pid 18812:tid 1416] [client ::1:49652] PHP   1. {main}() E:\\Web III\\UwAmp\\www\\cours4\\ajouter.php:0, referer: http://localhost/cours4/ajouter.php?nom=&position=&organisation=&arme_p=&arme_s=
[Tue Sep 03 15:54:43.488681 2024] [:error] [pid 18812:tid 1416] [client ::1:49652] PHP Notice:  Undefined index: orgnisation in E:\\Web III\\UwAmp\\www\\cours4\\ajouter.php on line 49, referer: http://localhost/cours4/ajouter.php?nom=&position=&organisation=&arme_p=&arme_s=
[Tue Sep 03 15:54:43.488681 2024] [:error] [pid 18812:tid 1416] [client ::1:49652] PHP Stack trace:, referer: http://localhost/cours4/ajouter.php?nom=&position=&organisation=&arme_p=&arme_s=
[Tue Sep 03 15:54:43.488681 2024] [:error] [pid 18812:tid 1416] [client ::1:49652] PHP   1. {main}() E:\\Web III\\UwAmp\\www\\cours4\\ajouter.php:0, referer: http://localhost/cours4/ajouter.php?nom=&position=&organisation=&arme_p=&arme_s=
[Tue Sep 03 15:54:43.914746 2024] [:error] [pid 18812:tid 1416] [client ::1:49652] PHP Notice:  Undefined variable: image in E:\\Web III\\UwAmp\\www\\cours4\\ajouter.php on line 19, referer: http://localhost/cours4/ajouter.php?nom=&position=&organisation=&arme_p=&arme_s=
[Tue Sep 03 15:54:43.914746 2024] [:error] [pid 18812:tid 1416] [client ::1:49652] PHP Stack trace:, referer: http://localhost/cours4/ajouter.php?nom=&position=&organisation=&arme_p=&arme_s=
[Tue Sep 03 15:54:43.914746 2024] [:error] [pid 18812:tid 1416] [client ::1:49652] PHP   1. {main}() E:\\Web III\\UwAmp\\www\\cours4\\ajouter.php:0, referer: http://localhost/cours4/ajouter.php?nom=&position=&organisation=&arme_p=&arme_s=
[Tue Sep 03 15:54:43.914746 2024] [:error] [pid 18812:tid 1416] [client ::1:49652] PHP Notice:  Undefined index: image in E:\\Web III\\UwAmp\\www\\cours4\\ajouter.php on line 46, referer: http://localhost/cours4/ajouter.php?nom=&position=&organisation=&arme_p=&arme_s=
[Tue Sep 03 15:54:43.914746 2024] [:error] [pid 18812:tid 1416] [client ::1:49652] PHP Stack trace:, referer: http://localhost/cours4/ajouter.php?nom=&position=&organisation=&arme_p=&arme_s=
[Tue Sep 03 15:54:43.914746 2024] [:error] [pid 18812:tid 1416] [client ::1:49652] PHP   1. {main}() E:\\Web III\\UwAmp\\www\\cours4\\ajouter.php:0, referer: http://localhost/cours4/ajouter.php?nom=&position=&organisation=&arme_p=&arme_s=
[Tue Sep 03 15:54:43.914746 2024] [:error] [pid 18812:tid 1416] [client ::1:49652] PHP Notice:  Undefined index: orgnisation in E:\\Web III\\UwAmp\\www\\cours4\\ajouter.php on line 49, referer: http://localhost/cours4/ajouter.php?nom=&position=&organisation=&arme_p=&arme_s=
[Tue Sep 03 15:54:43.914746 2024] [:error] [pid 18812:tid 1416] [client ::1:49652] PHP Stack trace:, referer: http://localhost/cours4/ajouter.php?nom=&position=&organisation=&arme_p=&arme_s=
[Tue Sep 03 15:54:43.914746 2024] [:error] [pid 18812:tid 1416] [client ::1:49652] PHP   1. {main}() E:\\Web III\\UwAmp\\www\\cours4\\ajouter.php:0, referer: http://localhost/cours4/ajouter.php?nom=&position=&organisation=&arme_p=&arme_s=
[Tue Sep 03 15:54:44.081286 2024] [:error] [pid 18812:tid 1416] [client ::1:49652] PHP Notice:  Undefined variable: image in E:\\Web III\\UwAmp\\www\\cours4\\ajouter.php on line 19, referer: http://localhost/cours4/ajouter.php?nom=&position=&organisation=&arme_p=&arme_s=
[Tue Sep 03 15:54:44.081286 2024] [:error] [pid 18812:tid 1416] [client ::1:49652] PHP Stack trace:, referer: http://localhost/cours4/ajouter.php?nom=&position=&organisation=&arme_p=&arme_s=
[Tue Sep 03 15:54:44.081286 2024] [:error] [pid 18812:tid 1416] [client ::1:49652] PHP   1. {main}() E:\\Web III\\UwAmp\\www\\cours4\\ajouter.php:0, referer: http://localhost/cours4/ajouter.php?nom=&position=&organisation=&arme_p=&arme_s=
[Tue Sep 03 15:54:44.081286 2024] [:error] [pid 18812:tid 1416] [client ::1:49652] PHP Notice:  Undefined index: image in E:\\Web III\\UwAmp\\www\\cours4\\ajouter.php on line 46, referer: http://localhost/cours4/ajouter.php?nom=&position=&organisation=&arme_p=&arme_s=
[Tue Sep 03 15:54:44.081286 2024] [:error] [pid 18812:tid 1416] [client ::1:49652] PHP Stack trace:, referer: http://localhost/cours4/ajouter.php?nom=&position=&organisation=&arme_p=&arme_s=
[Tue Sep 03 15:54:44.081286 2024] [:error] [pid 18812:tid 1416] [client ::1:49652] PHP   1. {main}() E:\\Web III\\UwAmp\\www\\cours4\\ajouter.php:0, referer: http://localhost/cours4/ajouter.php?nom=&position=&organisation=&arme_p=&arme_s=
[Tue Sep 03 15:54:44.081286 2024] [:error] [pid 18812:tid 1416] [client ::1:49652] PHP Notice:  Undefined index: orgnisation in E:\\Web III\\UwAmp\\www\\cours4\\ajouter.php on line 49, referer: http://localhost/cours4/ajouter.php?nom=&position=&organisation=&arme_p=&arme_s=
[Tue Sep 03 15:54:44.081286 2024] [:error] [pid 18812:tid 1416] [client ::1:49652] PHP Stack trace:, referer: http://localhost/cours4/ajouter.php?nom=&position=&organisation=&arme_p=&arme_s=
[Tue Sep 03 15:54:44.081286 2024] [:error] [pid 18812:tid 1416] [client ::1:49652] PHP   1. {main}() E:\\Web III\\UwAmp\\www\\cours4\\ajouter.php:0, referer: http://localhost/cours4/ajouter.php?nom=&position=&organisation=&arme_p=&arme_s=
[Tue Sep 03 15:54:44.267728 2024] [:error] [pid 18812:tid 1416] [client ::1:49652] PHP Notice:  Undefined variable: image in E:\\Web III\\UwAmp\\www\\cours4\\ajouter.php on line 19, referer: http://localhost/cours4/ajouter.php?nom=&position=&organisation=&arme_p=&arme_s=
[Tue Sep 03 15:54:44.268728 2024] [:error] [pid 18812:tid 1416] [client ::1:49652] PHP Stack trace:, referer: http://localhost/cours4/ajouter.php?nom=&position=&organisation=&arme_p=&arme_s=
[Tue Sep 03 15:54:44.268728 2024] [:error] [pid 18812:tid 1416] [client ::1:49652] PHP   1. {main}() E:\\Web III\\UwAmp\\www\\cours4\\ajouter.php:0, referer: http://localhost/cours4/ajouter.php?nom=&position=&organisation=&arme_p=&arme_s=
[Tue Sep 03 15:54:44.268728 2024] [:error] [pid 18812:tid 1416] [client ::1:49652] PHP Notice:  Undefined index: image in E:\\Web III\\UwAmp\\www\\cours4\\ajouter.php on line 46, referer: http://localhost/cours4/ajouter.php?nom=&position=&organisation=&arme_p=&arme_s=
[Tue Sep 03 15:54:44.268728 2024] [:error] [pid 18812:tid 1416] [client ::1:49652] PHP Stack trace:, referer: http://localhost/cours4/ajouter.php?nom=&position=&organisation=&arme_p=&arme_s=
[Tue Sep 03 15:54:44.268728 2024] [:error] [pid 18812:tid 1416] [client ::1:49652] PHP   1. {main}() E:\\Web III\\UwAmp\\www\\cours4\\ajouter.php:0, referer: http://localhost/cours4/ajouter.php?nom=&position=&organisation=&arme_p=&arme_s=
[Tue Sep 03 15:54:44.268728 2024] [:error] [pid 18812:tid 1416] [client ::1:49652] PHP Notice:  Undefined index: orgnisation in E:\\Web III\\UwAmp\\www\\cours4\\ajouter.php on line 49, referer: http://localhost/cours4/ajouter.php?nom=&position=&organisation=&arme_p=&arme_s=
[Tue Sep 03 15:54:44.268728 2024] [:error] [pid 18812:tid 1416] [client ::1:49652] PHP Stack trace:, referer: http://localhost/cours4/ajouter.php?nom=&position=&organisation=&arme_p=&arme_s=
[Tue Sep 03 15:54:44.268728 2024] [:error] [pid 18812:tid 1416] [client ::1:49652] PHP   1. {main}() E:\\Web III\\UwAmp\\www\\cours4\\ajouter.php:0, referer: http://localhost/cours4/ajouter.php?nom=&position=&organisation=&arme_p=&arme_s=
[Tue Sep 03 15:54:44.451883 2024] [:error] [pid 18812:tid 1416] [client ::1:49652] PHP Notice:  Undefined variable: image in E:\\Web III\\UwAmp\\www\\cours4\\ajouter.php on line 19, referer: http://localhost/cours4/ajouter.php?nom=&position=&organisation=&arme_p=&arme_s=
[Tue Sep 03 15:54:44.451883 2024] [:error] [pid 18812:tid 1416] [client ::1:49652] PHP Stack trace:, referer: http://localhost/cours4/ajouter.php?nom=&position=&organisation=&arme_p=&arme_s=
[Tue Sep 03 15:54:44.451883 2024] [:error] [pid 18812:tid 1416] [client ::1:49652] PHP   1. {main}() E:\\Web III\\UwAmp\\www\\cours4\\ajouter.php:0, referer: http://localhost/cours4/ajouter.php?nom=&position=&organisation=&arme_p=&arme_s=
[Tue Sep 03 15:54:44.451883 2024] [:error] [pid 18812:tid 1416] [client ::1:49652] PHP Notice:  Undefined index: image in E:\\Web III\\UwAmp\\www\\cours4\\ajouter.php on line 46, referer: http://localhost/cours4/ajouter.php?nom=&position=&organisation=&arme_p=&arme_s=
[Tue Sep 03 15:54:44.451883 2024] [:error] [pid 18812:tid 1416] [client ::1:49652] PHP Stack trace:, referer: http://localhost/cours4/ajouter.php?nom=&position=&organisation=&arme_p=&arme_s=
[Tue Sep 03 15:54:44.451883 2024] [:error] [pid 18812:tid 1416] [client ::1:49652] PHP   1. {main}() E:\\Web III\\UwAmp\\www\\cours4\\ajouter.php:0, referer: http://localhost/cours4/ajouter.php?nom=&position=&organisation=&arme_p=&arme_s=
[Tue Sep 03 15:54:44.451883 2024] [:error] [pid 18812:tid 1416] [client ::1:49652] PHP Notice:  Undefined index: orgnisation in E:\\Web III\\UwAmp\\www\\cours4\\ajouter.php on line 49, referer: http://localhost/cours4/ajouter.php?nom=&position=&organisation=&arme_p=&arme_s=
[Tue Sep 03 15:54:44.451883 2024] [:error] [pid 18812:tid 1416] [client ::1:49652] PHP Stack trace:, referer: http://localhost/cours4/ajouter.php?nom=&position=&organisation=&arme_p=&arme_s=
[Tue Sep 03 15:54:44.451883 2024] [:error] [pid 18812:tid 1416] [client ::1:49652] PHP   1. {main}() E:\\Web III\\UwAmp\\www\\cours4\\ajouter.php:0, referer: http://localhost/cours4/ajouter.php?nom=&position=&organisation=&arme_p=&arme_s=
[Tue Sep 03 15:54:44.622619 2024] [:error] [pid 18812:tid 1416] [client ::1:49652] PHP Notice:  Undefined variable: image in E:\\Web III\\UwAmp\\www\\cours4\\ajouter.php on line 19, referer: http://localhost/cours4/ajouter.php?nom=&position=&organisation=&arme_p=&arme_s=
[Tue Sep 03 15:54:44.622619 2024] [:error] [pid 18812:tid 1416] [client ::1:49652] PHP Stack trace:, referer: http://localhost/cours4/ajouter.php?nom=&position=&organisation=&arme_p=&arme_s=
[Tue Sep 03 15:54:44.622619 2024] [:error] [pid 18812:tid 1416] [client ::1:49652] PHP   1. {main}() E:\\Web III\\UwAmp\\www\\cours4\\ajouter.php:0, referer: http://localhost/cours4/ajouter.php?nom=&position=&organisation=&arme_p=&arme_s=
[Tue Sep 03 15:54:44.622619 2024] [:error] [pid 18812:tid 1416] [client ::1:49652] PHP Notice:  Undefined index: image in E:\\Web III\\UwAmp\\www\\cours4\\ajouter.php on line 46, referer: http://localhost/cours4/ajouter.php?nom=&position=&organisation=&arme_p=&arme_s=
[Tue Sep 03 15:54:44.622619 2024] [:error] [pid 18812:tid 1416] [client ::1:49652] PHP Stack trace:, referer: http://localhost/cours4/ajouter.php?nom=&position=&organisation=&arme_p=&arme_s=
[Tue Sep 03 15:54:44.622619 2024] [:error] [pid 18812:tid 1416] [client ::1:49652] PHP   1. {main}() E:\\Web III\\UwAmp\\www\\cours4\\ajouter.php:0, referer: http://localhost/cours4/ajouter.php?nom=&position=&organisation=&arme_p=&arme_s=
[Tue Sep 03 15:54:44.622619 2024] [:error] [pid 18812:tid 1416] [client ::1:49652] PHP Notice:  Undefined index: orgnisation in E:\\Web III\\UwAmp\\www\\cours4\\ajouter.php on line 49, referer: http://localhost/cours4/ajouter.php?nom=&position=&organisation=&arme_p=&arme_s=
[Tue Sep 03 15:54:44.622619 2024] [:error] [pid 18812:tid 1416] [client ::1:49652] PHP Stack trace:, referer: http://localhost/cours4/ajouter.php?nom=&position=&organisation=&arme_p=&arme_s=
[Tue Sep 03 15:54:44.622619 2024] [:error] [pid 18812:tid 1416] [client ::1:49652] PHP   1. {main}() E:\\Web III\\UwAmp\\www\\cours4\\ajouter.php:0, referer: http://localhost/cours4/ajouter.php?nom=&position=&organisation=&arme_p=&arme_s=
[Tue Sep 03 15:54:44.814501 2024] [:error] [pid 18812:tid 1416] [client ::1:49652] PHP Notice:  Undefined variable: image in E:\\Web III\\UwAmp\\www\\cours4\\ajouter.php on line 19, referer: http://localhost/cours4/ajouter.php?nom=&position=&organisation=&arme_p=&arme_s=
[Tue Sep 03 15:54:44.814501 2024] [:error] [pid 18812:tid 1416] [client ::1:49652] PHP Stack trace:, referer: http://localhost/cours4/ajouter.php?nom=&position=&organisation=&arme_p=&arme_s=
[Tue Sep 03 15:54:44.814501 2024] [:error] [pid 18812:tid 1416] [client ::1:49652] PHP   1. {main}() E:\\Web III\\UwAmp\\www\\cours4\\ajouter.php:0, referer: http://localhost/cours4/ajouter.php?nom=&position=&organisation=&arme_p=&arme_s=
[Tue Sep 03 15:54:44.814501 2024] [:error] [pid 18812:tid 1416] [client ::1:49652] PHP Notice:  Undefined index: image in E:\\Web III\\UwAmp\\www\\cours4\\ajouter.php on line 46, referer: http://localhost/cours4/ajouter.php?nom=&position=&organisation=&arme_p=&arme_s=
[Tue Sep 03 15:54:44.814501 2024] [:error] [pid 18812:tid 1416] [client ::1:49652] PHP Stack trace:, referer: http://localhost/cours4/ajouter.php?nom=&position=&organisation=&arme_p=&arme_s=
[Tue Sep 03 15:54:44.814501 2024] [:error] [pid 18812:tid 1416] [client ::1:49652] PHP   1. {main}() E:\\Web III\\UwAmp\\www\\cours4\\ajouter.php:0, referer: http://localhost/cours4/ajouter.php?nom=&position=&organisation=&arme_p=&arme_s=
[Tue Sep 03 15:54:44.814501 2024] [:error] [pid 18812:tid 1416] [client ::1:49652] PHP Notice:  Undefined index: orgnisation in E:\\Web III\\UwAmp\\www\\cours4\\ajouter.php on line 49, referer: http://localhost/cours4/ajouter.php?nom=&position=&organisation=&arme_p=&arme_s=
[Tue Sep 03 15:54:44.814501 2024] [:error] [pid 18812:tid 1416] [client ::1:49652] PHP Stack trace:, referer: http://localhost/cours4/ajouter.php?nom=&position=&organisation=&arme_p=&arme_s=
[Tue Sep 03 15:54:44.814501 2024] [:error] [pid 18812:tid 1416] [client ::1:49652] PHP   1. {main}() E:\\Web III\\UwAmp\\www\\cours4\\ajouter.php:0, referer: http://localhost/cours4/ajouter.php?nom=&position=&organisation=&arme_p=&arme_s=
[Tue Sep 03 16:22:35.019431 2024] [:error] [pid 18812:tid 1416] [client ::1:50498] PHP Parse error:  syntax error, unexpected '}', expecting ',' or ';' in E:\\Web III\\UwAmp\\www\\cours4\\ajouter.php on line 48, referer: http://localhost/cours4/ajouter.php?nom=&position=&organisation=&arme_p=&arme_s=
[Tue Sep 03 16:22:59.251318 2024] [:error] [pid 18812:tid 1416] [client ::1:50499] PHP Notice:  Undefined variable: image in E:\\Web III\\UwAmp\\www\\cours4\\ajouter.php on line 19, referer: http://localhost/cours4/ajouter.php?nom=&position=&organisation=&arme_p=&arme_s=
[Tue Sep 03 16:22:59.251318 2024] [:error] [pid 18812:tid 1416] [client ::1:50499] PHP Stack trace:, referer: http://localhost/cours4/ajouter.php?nom=&position=&organisation=&arme_p=&arme_s=
[Tue Sep 03 16:22:59.251318 2024] [:error] [pid 18812:tid 1416] [client ::1:50499] PHP   1. {main}() E:\\Web III\\UwAmp\\www\\cours4\\ajouter.php:0, referer: http://localhost/cours4/ajouter.php?nom=&position=&organisation=&arme_p=&arme_s=
[Tue Sep 03 17:04:14.651110 2024] [:error] [pid 18812:tid 1416] [client ::1:51903] PHP Parse error:  syntax error, unexpected '}', expecting ',' or ';' in E:\\Web III\\UwAmp\\www\\cours4\\ajouter.php on line 22, referer: http://localhost/cours4/ajouter.php?image=&nom=&position=&organisation=&arme_p=&arme_s=
[Tue Sep 03 17:04:15.440228 2024] [:error] [pid 18812:tid 1416] [client ::1:51903] PHP Parse error:  syntax error, unexpected '}', expecting ',' or ';' in E:\\Web III\\UwAmp\\www\\cours4\\ajouter.php on line 22, referer: http://localhost/cours4/ajouter.php?image=&nom=&position=&organisation=&arme_p=&arme_s=
[Tue Sep 03 17:04:58.727266 2024] [:error] [pid 18812:tid 1416] [client ::1:51904] PHP Parse error:  syntax error, unexpected '}', expecting ',' or ';' in E:\\Web III\\UwAmp\\www\\cours4\\ajouter.php on line 22, referer: http://localhost/cours4/ajouter.php?image=&nom=&position=&organisation=&arme_p=&arme_s=
[Tue Sep 03 17:04:59.386697 2024] [:error] [pid 18812:tid 1416] [client ::1:51904] PHP Parse error:  syntax error, unexpected '}', expecting ',' or ';' in E:\\Web III\\UwAmp\\www\\cours4\\ajouter.php on line 22, referer: http://localhost/cours4/ajouter.php?image=&nom=&position=&organisation=&arme_p=&arme_s=
[Tue Sep 03 17:04:59.552938 2024] [:error] [pid 18812:tid 1416] [client ::1:51904] PHP Parse error:  syntax error, unexpected '}', expecting ',' or ';' in E:\\Web III\\UwAmp\\www\\cours4\\ajouter.php on line 22, referer: http://localhost/cours4/ajouter.php?image=&nom=&position=&organisation=&arme_p=&arme_s=
[Tue Sep 03 17:04:59.724608 2024] [:error] [pid 18812:tid 1416] [client ::1:51904] PHP Parse error:  syntax error, unexpected '}', expecting ',' or ';' in E:\\Web III\\UwAmp\\www\\cours4\\ajouter.php on line 22, referer: http://localhost/cours4/ajouter.php?image=&nom=&position=&organisation=&arme_p=&arme_s=
[Tue Sep 03 17:39:48.647823 2024] [mpm_winnt:crit] [pid 18812:tid 528] AH02538: Child: Parent process exited abruptly. Child process is ending
[Sun Sep 08 20:28:14.078592 2024] [ssl:warn] [pid 18084:tid 648] AH01906: main-serveur:443:0 server certificate is a CA certificate (BasicConstraints: CA == TRUE !?)
[Sun Sep 08 20:28:14.081596 2024] [ssl:warn] [pid 18084:tid 648] AH01909: main-serveur:443:0 server certificate does NOT include an ID which matches the server name
[Sun Sep 08 20:28:14.114122 2024] [core:warn] [pid 18084:tid 648] AH00098: pid file D:/Web III/UwAmp/bin/apache/logs/httpd.pid overwritten -- Unclean shutdown of previous Apache run?
[Sun Sep 08 20:28:14.203700 2024] [ssl:warn] [pid 18084:tid 648] AH01873: Init: Session Cache is not configured [hint: SSLSessionCache]
[Sun Sep 08 20:28:14.204701 2024] [ssl:warn] [pid 18084:tid 648] AH01906: main-serveur:443:0 server certificate is a CA certificate (BasicConstraints: CA == TRUE !?)
[Sun Sep 08 20:28:14.204701 2024] [ssl:warn] [pid 18084:tid 648] AH01909: main-serveur:443:0 server certificate does NOT include an ID which matches the server name
[Sun Sep 08 20:28:15.481155 2024] [mpm_winnt:notice] [pid 18084:tid 648] AH00455: Apache/2.4.18 (Win32) OpenSSL/1.0.2f PHP/5.6.18 configured -- resuming normal operations
[Sun Sep 08 20:28:15.481155 2024] [mpm_winnt:notice] [pid 18084:tid 648] AH00456: Server built: Jan 28 2016 09:58:25
[Sun Sep 08 20:28:15.481155 2024] [core:notice] [pid 18084:tid 648] AH00094: Command line: 'D:\\Web III\\UwAmp\\bin\\apache\\bin\\httpd.exe -d D:/Web III/UwAmp/bin/apache -f D:\\Web III\\UwAmp\\bin\\apache\\conf\\httpd.conf'
[Sun Sep 08 20:28:15.487662 2024] [mpm_winnt:notice] [pid 18084:tid 648] AH00418: Parent: Created child process 33752
[Sun Sep 08 20:28:16.004104 2024] [ssl:warn] [pid 33752:tid 724] AH01906: main-serveur:443:0 server certificate is a CA certificate (BasicConstraints: CA == TRUE !?)
[Sun Sep 08 20:28:16.005105 2024] [ssl:warn] [pid 33752:tid 724] AH01909: main-serveur:443:0 server certificate does NOT include an ID which matches the server name
[Sun Sep 08 20:28:16.114198 2024] [ssl:warn] [pid 33752:tid 724] AH01873: Init: Session Cache is not configured [hint: SSLSessionCache]
[Sun Sep 08 20:28:16.114699 2024] [ssl:warn] [pid 33752:tid 724] AH01906: main-serveur:443:0 server certificate is a CA certificate (BasicConstraints: CA == TRUE !?)
[Sun Sep 08 20:28:16.114699 2024] [ssl:warn] [pid 33752:tid 724] AH01909: main-serveur:443:0 server certificate does NOT include an ID which matches the server name
[Sun Sep 08 20:28:16.151166 2024] [mpm_winnt:notice] [pid 33752:tid 724] AH00354: Child: Starting 64 worker threads.
[Sun Sep 08 20:36:13.514864 2024] [mpm_winnt:crit] [pid 33752:tid 724] AH02538: Child: Parent process exited abruptly. Child process is ending
[Mon Sep 09 09:59:35.450768 2024] [ssl:warn] [pid 11340:tid 600] AH01906: main-serveur:443:0 server certificate is a CA certificate (BasicConstraints: CA == TRUE !?)
[Mon Sep 09 09:59:35.453270 2024] [ssl:warn] [pid 11340:tid 600] AH01909: main-serveur:443:0 server certificate does NOT include an ID which matches the server name
[Mon Sep 09 09:59:35.496307 2024] [core:warn] [pid 11340:tid 600] AH00098: pid file D:/Web III/UwAmp/bin/apache/logs/httpd.pid overwritten -- Unclean shutdown of previous Apache run?
[Mon Sep 09 09:59:35.627420 2024] [ssl:warn] [pid 11340:tid 600] AH01873: Init: Session Cache is not configured [hint: SSLSessionCache]
[Mon Sep 09 09:59:35.627920 2024] [ssl:warn] [pid 11340:tid 600] AH01906: main-serveur:443:0 server certificate is a CA certificate (BasicConstraints: CA == TRUE !?)
[Mon Sep 09 09:59:35.627920 2024] [ssl:warn] [pid 11340:tid 600] AH01909: main-serveur:443:0 server certificate does NOT include an ID which matches the server name
[Mon Sep 09 09:59:37.002160 2024] [mpm_winnt:notice] [pid 11340:tid 600] AH00455: Apache/2.4.18 (Win32) OpenSSL/1.0.2f PHP/5.6.18 configured -- resuming normal operations
[Mon Sep 09 09:59:37.002160 2024] [mpm_winnt:notice] [pid 11340:tid 600] AH00456: Server built: Jan 28 2016 09:58:25
[Mon Sep 09 09:59:37.002160 2024] [core:notice] [pid 11340:tid 600] AH00094: Command line: 'D:\\Web III\\UwAmp\\bin\\apache\\bin\\httpd.exe -d D:/Web III/UwAmp/bin/apache -f D:\\Web III\\UwAmp\\bin\\apache\\conf\\httpd.conf'
[Mon Sep 09 09:59:37.007664 2024] [mpm_winnt:notice] [pid 11340:tid 600] AH00418: Parent: Created child process 24360
[Mon Sep 09 09:59:37.433862 2024] [ssl:warn] [pid 24360:tid 612] AH01906: main-serveur:443:0 server certificate is a CA certificate (BasicConstraints: CA == TRUE !?)
[Mon Sep 09 09:59:37.434362 2024] [ssl:warn] [pid 24360:tid 612] AH01909: main-serveur:443:0 server certificate does NOT include an ID which matches the server name
[Mon Sep 09 09:59:37.522294 2024] [ssl:warn] [pid 24360:tid 612] AH01873: Init: Session Cache is not configured [hint: SSLSessionCache]
[Mon Sep 09 09:59:37.522794 2024] [ssl:warn] [pid 24360:tid 612] AH01906: main-serveur:443:0 server certificate is a CA certificate (BasicConstraints: CA == TRUE !?)
[Mon Sep 09 09:59:37.522794 2024] [ssl:warn] [pid 24360:tid 612] AH01909: main-serveur:443:0 server certificate does NOT include an ID which matches the server name
[Mon Sep 09 09:59:37.547315 2024] [mpm_winnt:notice] [pid 24360:tid 612] AH00354: Child: Starting 64 worker threads.
[Mon Sep 09 11:07:40.968839 2024] [mpm_winnt:crit] [pid 24360:tid 612] AH02538: Child: Parent process exited abruptly. Child process is ending
[Mon Sep 09 12:30:59.053916 2024] [ssl:warn] [pid 4448:tid 628] AH01906: main-serveur:443:0 server certificate is a CA certificate (BasicConstraints: CA == TRUE !?)
[Mon Sep 09 12:30:59.056914 2024] [ssl:warn] [pid 4448:tid 628] AH01909: main-serveur:443:0 server certificate does NOT include an ID which matches the server name
[Mon Sep 09 12:30:59.096293 2024] [core:warn] [pid 4448:tid 628] AH00098: pid file F:/Web III/UwAmp/bin/apache/logs/httpd.pid overwritten -- Unclean shutdown of previous Apache run?
[Mon Sep 09 12:30:59.183498 2024] [ssl:warn] [pid 4448:tid 628] AH01873: Init: Session Cache is not configured [hint: SSLSessionCache]
[Mon Sep 09 12:30:59.183498 2024] [ssl:warn] [pid 4448:tid 628] AH01906: main-serveur:443:0 server certificate is a CA certificate (BasicConstraints: CA == TRUE !?)
[Mon Sep 09 12:30:59.183498 2024] [ssl:warn] [pid 4448:tid 628] AH01909: main-serveur:443:0 server certificate does NOT include an ID which matches the server name
[Mon Sep 09 12:31:02.234159 2024] [mpm_winnt:notice] [pid 4448:tid 628] AH00455: Apache/2.4.18 (Win32) OpenSSL/1.0.2f PHP/5.6.18 configured -- resuming normal operations
[Mon Sep 09 12:31:02.235160 2024] [mpm_winnt:notice] [pid 4448:tid 628] AH00456: Server built: Jan 28 2016 09:58:25
[Mon Sep 09 12:31:02.235160 2024] [core:notice] [pid 4448:tid 628] AH00094: Command line: 'F:\\Web III\\UwAmp\\bin\\apache\\bin\\httpd.exe -d F:/Web III/UwAmp/bin/apache -f F:\\Web III\\UwAmp\\bin\\apache\\conf\\httpd.conf'
[Mon Sep 09 12:31:02.241674 2024] [mpm_winnt:notice] [pid 4448:tid 628] AH00418: Parent: Created child process 16356
[Mon Sep 09 12:31:03.306874 2024] [ssl:warn] [pid 16356:tid 684] AH01906: main-serveur:443:0 server certificate is a CA certificate (BasicConstraints: CA == TRUE !?)
[Mon Sep 09 12:31:03.306874 2024] [ssl:warn] [pid 16356:tid 684] AH01909: main-serveur:443:0 server certificate does NOT include an ID which matches the server name
[Mon Sep 09 12:31:03.410643 2024] [ssl:warn] [pid 16356:tid 684] AH01873: Init: Session Cache is not configured [hint: SSLSessionCache]
[Mon Sep 09 12:31:03.410643 2024] [ssl:warn] [pid 16356:tid 684] AH01906: main-serveur:443:0 server certificate is a CA certificate (BasicConstraints: CA == TRUE !?)
[Mon Sep 09 12:31:03.410643 2024] [ssl:warn] [pid 16356:tid 684] AH01909: main-serveur:443:0 server certificate does NOT include an ID which matches the server name
[Mon Sep 09 12:31:03.448394 2024] [mpm_winnt:notice] [pid 16356:tid 684] AH00354: Child: Starting 64 worker threads.
[Mon Sep 09 13:20:32.358712 2024] [:error] [pid 16356:tid 1352] [client ::1:53029] PHP Parse error:  syntax error, unexpected '{' in F:\\Web III\\UwAmp\\www\\cours4\\login.php on line 64, referer: http://localhost/cours4/
[Mon Sep 09 13:20:33.645559 2024] [:error] [pid 16356:tid 1352] [client ::1:53029] PHP Parse error:  syntax error, unexpected '{' in F:\\Web III\\UwAmp\\www\\cours4\\login.php on line 64, referer: http://localhost/cours4/
[Mon Sep 09 13:20:33.844623 2024] [:error] [pid 16356:tid 1352] [client ::1:53029] PHP Parse error:  syntax error, unexpected '{' in F:\\Web III\\UwAmp\\www\\cours4\\login.php on line 64, referer: http://localhost/cours4/
[Mon Sep 09 13:20:34.056168 2024] [:error] [pid 16356:tid 1352] [client ::1:53029] PHP Parse error:  syntax error, unexpected '{' in F:\\Web III\\UwAmp\\www\\cours4\\login.php on line 64, referer: http://localhost/cours4/
[Mon Sep 09 13:20:34.363512 2024] [:error] [pid 16356:tid 1352] [client ::1:53029] PHP Parse error:  syntax error, unexpected '{' in F:\\Web III\\UwAmp\\www\\cours4\\login.php on line 64, referer: http://localhost/cours4/
[Mon Sep 09 13:20:34.605076 2024] [:error] [pid 16356:tid 1352] [client ::1:53029] PHP Parse error:  syntax error, unexpected '{' in F:\\Web III\\UwAmp\\www\\cours4\\login.php on line 64, referer: http://localhost/cours4/
[Mon Sep 09 13:20:34.839003 2024] [:error] [pid 16356:tid 1352] [client ::1:53029] PHP Parse error:  syntax error, unexpected '{' in F:\\Web III\\UwAmp\\www\\cours4\\login.php on line 64, referer: http://localhost/cours4/
[Mon Sep 09 13:20:35.059679 2024] [:error] [pid 16356:tid 1352] [client ::1:53029] PHP Parse error:  syntax error, unexpected '{' in F:\\Web III\\UwAmp\\www\\cours4\\login.php on line 64, referer: http://localhost/cours4/
[Mon Sep 09 13:20:44.980814 2024] [:error] [pid 16356:tid 1352] [client ::1:53030] PHP Parse error:  syntax error, unexpected '{' in F:\\Web III\\UwAmp\\www\\cours4\\login.php on line 64, referer: http://localhost/cours4/
[Mon Sep 09 13:20:45.523699 2024] [:error] [pid 16356:tid 1352] [client ::1:53030] PHP Parse error:  syntax error, unexpected '{' in F:\\Web III\\UwAmp\\www\\cours4\\login.php on line 64, referer: http://localhost/cours4/
[Mon Sep 09 13:20:45.884973 2024] [:error] [pid 16356:tid 1352] [client ::1:53030] PHP Parse error:  syntax error, unexpected '{' in F:\\Web III\\UwAmp\\www\\cours4\\login.php on line 64, referer: http://localhost/cours4/
[Mon Sep 09 13:20:46.075072 2024] [:error] [pid 16356:tid 1352] [client ::1:53030] PHP Parse error:  syntax error, unexpected '{' in F:\\Web III\\UwAmp\\www\\cours4\\login.php on line 64, referer: http://localhost/cours4/
[Mon Sep 09 13:20:46.249948 2024] [:error] [pid 16356:tid 1352] [client ::1:53030] PHP Parse error:  syntax error, unexpected '{' in F:\\Web III\\UwAmp\\www\\cours4\\login.php on line 64, referer: http://localhost/cours4/
[Mon Sep 09 13:24:17.731083 2024] [:error] [pid 16356:tid 1352] [client ::1:53069] PHP Notice:  Undefined variable: result in F:\\Web III\\UwAmp\\www\\cours4\\login.php on line 66, referer: http://localhost/cours4/login.php
[Mon Sep 09 13:24:17.731083 2024] [:error] [pid 16356:tid 1352] [client ::1:53069] PHP Stack trace:, referer: http://localhost/cours4/login.php
[Mon Sep 09 13:24:17.731083 2024] [:error] [pid 16356:tid 1352] [client ::1:53069] PHP   1. {main}() F:\\Web III\\UwAmp\\www\\cours4\\login.php:0, referer: http://localhost/cours4/login.php
[Mon Sep 09 13:24:17.731083 2024] [:error] [pid 16356:tid 1352] [client ::1:53069] PHP Notice:  Trying to get property of non-object in F:\\Web III\\UwAmp\\www\\cours4\\login.php on line 66, referer: http://localhost/cours4/login.php
[Mon Sep 09 13:24:17.731083 2024] [:error] [pid 16356:tid 1352] [client ::1:53069] PHP Stack trace:, referer: http://localhost/cours4/login.php
[Mon Sep 09 13:24:17.731083 2024] [:error] [pid 16356:tid 1352] [client ::1:53069] PHP   1. {main}() F:\\Web III\\UwAmp\\www\\cours4\\login.php:0, referer: http://localhost/cours4/login.php
[Mon Sep 09 13:24:18.791373 2024] [:error] [pid 16356:tid 1352] [client ::1:53069] PHP Notice:  Undefined variable: result in F:\\Web III\\UwAmp\\www\\cours4\\login.php on line 66, referer: http://localhost/cours4/login.php
[Mon Sep 09 13:24:18.791373 2024] [:error] [pid 16356:tid 1352] [client ::1:53069] PHP Stack trace:, referer: http://localhost/cours4/login.php
[Mon Sep 09 13:24:18.791373 2024] [:error] [pid 16356:tid 1352] [client ::1:53069] PHP   1. {main}() F:\\Web III\\UwAmp\\www\\cours4\\login.php:0, referer: http://localhost/cours4/login.php
[Mon Sep 09 13:24:18.791373 2024] [:error] [pid 16356:tid 1352] [client ::1:53069] PHP Notice:  Trying to get property of non-object in F:\\Web III\\UwAmp\\www\\cours4\\login.php on line 66, referer: http://localhost/cours4/login.php
[Mon Sep 09 13:24:18.792381 2024] [:error] [pid 16356:tid 1352] [client ::1:53069] PHP Stack trace:, referer: http://localhost/cours4/login.php
[Mon Sep 09 13:24:18.792381 2024] [:error] [pid 16356:tid 1352] [client ::1:53069] PHP   1. {main}() F:\\Web III\\UwAmp\\www\\cours4\\login.php:0, referer: http://localhost/cours4/login.php
[Mon Sep 09 13:24:19.202448 2024] [:error] [pid 16356:tid 1352] [client ::1:53069] PHP Notice:  Undefined variable: result in F:\\Web III\\UwAmp\\www\\cours4\\login.php on line 66, referer: http://localhost/cours4/login.php
[Mon Sep 09 13:24:19.202448 2024] [:error] [pid 16356:tid 1352] [client ::1:53069] PHP Stack trace:, referer: http://localhost/cours4/login.php
[Mon Sep 09 13:24:19.202448 2024] [:error] [pid 16356:tid 1352] [client ::1:53069] PHP   1. {main}() F:\\Web III\\UwAmp\\www\\cours4\\login.php:0, referer: http://localhost/cours4/login.php
[Mon Sep 09 13:24:19.202448 2024] [:error] [pid 16356:tid 1352] [client ::1:53069] PHP Notice:  Trying to get property of non-object in F:\\Web III\\UwAmp\\www\\cours4\\login.php on line 66, referer: http://localhost/cours4/login.php
[Mon Sep 09 13:24:19.202448 2024] [:error] [pid 16356:tid 1352] [client ::1:53069] PHP Stack trace:, referer: http://localhost/cours4/login.php
[Mon Sep 09 13:24:19.202448 2024] [:error] [pid 16356:tid 1352] [client ::1:53069] PHP   1. {main}() F:\\Web III\\UwAmp\\www\\cours4\\login.php:0, referer: http://localhost/cours4/login.php
[Mon Sep 09 13:24:19.395990 2024] [:error] [pid 16356:tid 1352] [client ::1:53069] PHP Notice:  Undefined variable: result in F:\\Web III\\UwAmp\\www\\cours4\\login.php on line 66, referer: http://localhost/cours4/login.php
[Mon Sep 09 13:24:19.395990 2024] [:error] [pid 16356:tid 1352] [client ::1:53069] PHP Stack trace:, referer: http://localhost/cours4/login.php
[Mon Sep 09 13:24:19.395990 2024] [:error] [pid 16356:tid 1352] [client ::1:53069] PHP   1. {main}() F:\\Web III\\UwAmp\\www\\cours4\\login.php:0, referer: http://localhost/cours4/login.php
[Mon Sep 09 13:24:19.395990 2024] [:error] [pid 16356:tid 1352] [client ::1:53069] PHP Notice:  Trying to get property of non-object in F:\\Web III\\UwAmp\\www\\cours4\\login.php on line 66, referer: http://localhost/cours4/login.php
[Mon Sep 09 13:24:19.395990 2024] [:error] [pid 16356:tid 1352] [client ::1:53069] PHP Stack trace:, referer: http://localhost/cours4/login.php
[Mon Sep 09 13:24:19.395990 2024] [:error] [pid 16356:tid 1352] [client ::1:53069] PHP   1. {main}() F:\\Web III\\UwAmp\\www\\cours4\\login.php:0, referer: http://localhost/cours4/login.php
[Mon Sep 09 13:24:59.634695 2024] [:error] [pid 16356:tid 1352] [client ::1:53073] PHP Notice:  Undefined variable: result in F:\\Web III\\UwAmp\\www\\cours4\\login.php on line 66, referer: http://localhost/cours4/login.php
[Mon Sep 09 13:24:59.634695 2024] [:error] [pid 16356:tid 1352] [client ::1:53073] PHP Stack trace:, referer: http://localhost/cours4/login.php
[Mon Sep 09 13:24:59.634695 2024] [:error] [pid 16356:tid 1352] [client ::1:53073] PHP   1. {main}() F:\\Web III\\UwAmp\\www\\cours4\\login.php:0, referer: http://localhost/cours4/login.php
[Mon Sep 09 13:24:59.634695 2024] [:error] [pid 16356:tid 1352] [client ::1:53073] PHP Notice:  Trying to get property of non-object in F:\\Web III\\UwAmp\\www\\cours4\\login.php on line 66, referer: http://localhost/cours4/login.php
[Mon Sep 09 13:24:59.634695 2024] [:error] [pid 16356:tid 1352] [client ::1:53073] PHP Stack trace:, referer: http://localhost/cours4/login.php
[Mon Sep 09 13:24:59.634695 2024] [:error] [pid 16356:tid 1352] [client ::1:53073] PHP   1. {main}() F:\\Web III\\UwAmp\\www\\cours4\\login.php:0, referer: http://localhost/cours4/login.php
[Mon Sep 09 13:25:10.092607 2024] [:error] [pid 16356:tid 1352] [client ::1:53089] PHP Notice:  Undefined variable: result in F:\\Web III\\UwAmp\\www\\cours4\\login.php on line 66, referer: http://localhost/cours4/login.php
[Mon Sep 09 13:25:10.092607 2024] [:error] [pid 16356:tid 1352] [client ::1:53089] PHP Stack trace:, referer: http://localhost/cours4/login.php
[Mon Sep 09 13:25:10.092607 2024] [:error] [pid 16356:tid 1352] [client ::1:53089] PHP   1. {main}() F:\\Web III\\UwAmp\\www\\cours4\\login.php:0, referer: http://localhost/cours4/login.php
[Mon Sep 09 13:25:10.093642 2024] [:error] [pid 16356:tid 1352] [client ::1:53089] PHP Notice:  Trying to get property of non-object in F:\\Web III\\UwAmp\\www\\cours4\\login.php on line 66, referer: http://localhost/cours4/login.php
[Mon Sep 09 13:25:10.093642 2024] [:error] [pid 16356:tid 1352] [client ::1:53089] PHP Stack trace:, referer: http://localhost/cours4/login.php
[Mon Sep 09 13:25:10.093642 2024] [:error] [pid 16356:tid 1352] [client ::1:53089] PHP   1. {main}() F:\\Web III\\UwAmp\\www\\cours4\\login.php:0, referer: http://localhost/cours4/login.php
[Mon Sep 09 13:25:15.261187 2024] [:error] [pid 16356:tid 1352] [client ::1:53093] PHP Notice:  Undefined variable: result in F:\\Web III\\UwAmp\\www\\cours4\\login.php on line 66, referer: http://localhost/cours4/login.php
[Mon Sep 09 13:25:15.261187 2024] [:error] [pid 16356:tid 1352] [client ::1:53093] PHP Stack trace:, referer: http://localhost/cours4/login.php
[Mon Sep 09 13:25:15.261187 2024] [:error] [pid 16356:tid 1352] [client ::1:53093] PHP   1. {main}() F:\\Web III\\UwAmp\\www\\cours4\\login.php:0, referer: http://localhost/cours4/login.php
[Mon Sep 09 13:25:15.261187 2024] [:error] [pid 16356:tid 1352] [client ::1:53093] PHP Notice:  Trying to get property of non-object in F:\\Web III\\UwAmp\\www\\cours4\\login.php on line 66, referer: http://localhost/cours4/login.php
[Mon Sep 09 13:25:15.261187 2024] [:error] [pid 16356:tid 1352] [client ::1:53093] PHP Stack trace:, referer: http://localhost/cours4/login.php
[Mon Sep 09 13:25:15.261187 2024] [:error] [pid 16356:tid 1352] [client ::1:53093] PHP   1. {main}() F:\\Web III\\UwAmp\\www\\cours4\\login.php:0, referer: http://localhost/cours4/login.php
[Mon Sep 09 13:25:43.300473 2024] [mpm_winnt:crit] [pid 16356:tid 684] AH02538: Child: Parent process exited abruptly. Child process is ending
[Mon Sep 09 13:25:51.357852 2024] [ssl:warn] [pid 16340:tid 680] AH01906: main-serveur:443:0 server certificate is a CA certificate (BasicConstraints: CA == TRUE !?)
[Mon Sep 09 13:25:51.358821 2024] [ssl:warn] [pid 16340:tid 680] AH01909: main-serveur:443:0 server certificate does NOT include an ID which matches the server name
[Mon Sep 09 13:25:51.383779 2024] [core:warn] [pid 16340:tid 680] AH00098: pid file F:/Web III/UwAmp/bin/apache/logs/httpd.pid overwritten -- Unclean shutdown of previous Apache run?
[Mon Sep 09 13:25:51.476102 2024] [ssl:warn] [pid 16340:tid 680] AH01873: Init: Session Cache is not configured [hint: SSLSessionCache]
[Mon Sep 09 13:25:51.477101 2024] [ssl:warn] [pid 16340:tid 680] AH01906: main-serveur:443:0 server certificate is a CA certificate (BasicConstraints: CA == TRUE !?)
[Mon Sep 09 13:25:51.477101 2024] [ssl:warn] [pid 16340:tid 680] AH01909: main-serveur:443:0 server certificate does NOT include an ID which matches the server name
[Mon Sep 09 13:25:51.504186 2024] [mpm_winnt:notice] [pid 16340:tid 680] AH00455: Apache/2.4.18 (Win32) OpenSSL/1.0.2f PHP/5.6.18 configured -- resuming normal operations
[Mon Sep 09 13:25:51.504186 2024] [mpm_winnt:notice] [pid 16340:tid 680] AH00456: Server built: Jan 28 2016 09:58:25
[Mon Sep 09 13:25:51.504186 2024] [core:notice] [pid 16340:tid 680] AH00094: Command line: 'F:\\Web III\\UwAmp\\bin\\apache\\bin\\httpd.exe -d F:/Web III/UwAmp/bin/apache -f F:\\Web III\\UwAmp\\bin\\apache\\conf\\httpd.conf'
[Mon Sep 09 13:25:51.510215 2024] [mpm_winnt:notice] [pid 16340:tid 680] AH00418: Parent: Created child process 14096
[Mon Sep 09 13:25:52.360166 2024] [ssl:warn] [pid 14096:tid 676] AH01906: main-serveur:443:0 server certificate is a CA certificate (BasicConstraints: CA == TRUE !?)
[Mon Sep 09 13:25:52.361135 2024] [ssl:warn] [pid 14096:tid 676] AH01909: main-serveur:443:0 server certificate does NOT include an ID which matches the server name
[Mon Sep 09 13:25:52.470530 2024] [ssl:warn] [pid 14096:tid 676] AH01873: Init: Session Cache is not configured [hint: SSLSessionCache]
[Mon Sep 09 13:25:52.470530 2024] [ssl:warn] [pid 14096:tid 676] AH01906: main-serveur:443:0 server certificate is a CA certificate (BasicConstraints: CA == TRUE !?)
[Mon Sep 09 13:25:52.471499 2024] [ssl:warn] [pid 14096:tid 676] AH01909: main-serveur:443:0 server certificate does NOT include an ID which matches the server name
[Mon Sep 09 13:25:52.498382 2024] [mpm_winnt:notice] [pid 14096:tid 676] AH00354: Child: Starting 64 worker threads.
[Mon Sep 09 13:26:05.859197 2024] [:error] [pid 14096:tid 1464] [client ::1:53126] PHP Notice:  Undefined variable: result in F:\\Web III\\UwAmp\\www\\cours4\\login.php on line 66, referer: http://localhost/cours4/login.php
[Mon Sep 09 13:26:05.859197 2024] [:error] [pid 14096:tid 1464] [client ::1:53126] PHP Stack trace:, referer: http://localhost/cours4/login.php
[Mon Sep 09 13:26:05.859197 2024] [:error] [pid 14096:tid 1464] [client ::1:53126] PHP   1. {main}() F:\\Web III\\UwAmp\\www\\cours4\\login.php:0, referer: http://localhost/cours4/login.php
[Mon Sep 09 13:26:05.859197 2024] [:error] [pid 14096:tid 1464] [client ::1:53126] PHP Notice:  Trying to get property of non-object in F:\\Web III\\UwAmp\\www\\cours4\\login.php on line 66, referer: http://localhost/cours4/login.php
[Mon Sep 09 13:26:05.859197 2024] [:error] [pid 14096:tid 1464] [client ::1:53126] PHP Stack trace:, referer: http://localhost/cours4/login.php
[Mon Sep 09 13:26:05.859197 2024] [:error] [pid 14096:tid 1464] [client ::1:53126] PHP   1. {main}() F:\\Web III\\UwAmp\\www\\cours4\\login.php:0, referer: http://localhost/cours4/login.php
[Mon Sep 09 13:26:13.436761 2024] [:error] [pid 14096:tid 1464] [client ::1:53127] PHP Notice:  Undefined variable: result in F:\\Web III\\UwAmp\\www\\cours4\\login.php on line 66, referer: http://localhost/cours4/login.php
[Mon Sep 09 13:26:13.436761 2024] [:error] [pid 14096:tid 1464] [client ::1:53127] PHP Stack trace:, referer: http://localhost/cours4/login.php
[Mon Sep 09 13:26:13.436761 2024] [:error] [pid 14096:tid 1464] [client ::1:53127] PHP   1. {main}() F:\\Web III\\UwAmp\\www\\cours4\\login.php:0, referer: http://localhost/cours4/login.php
[Mon Sep 09 13:26:13.436761 2024] [:error] [pid 14096:tid 1464] [client ::1:53127] PHP Notice:  Trying to get property of non-object in F:\\Web III\\UwAmp\\www\\cours4\\login.php on line 66, referer: http://localhost/cours4/login.php
[Mon Sep 09 13:26:13.437792 2024] [:error] [pid 14096:tid 1464] [client ::1:53127] PHP Stack trace:, referer: http://localhost/cours4/login.php
[Mon Sep 09 13:26:13.437792 2024] [:error] [pid 14096:tid 1464] [client ::1:53127] PHP   1. {main}() F:\\Web III\\UwAmp\\www\\cours4\\login.php:0, referer: http://localhost/cours4/login.php
[Mon Sep 09 13:26:14.016537 2024] [:error] [pid 14096:tid 1464] [client ::1:53127] PHP Notice:  Undefined variable: result in F:\\Web III\\UwAmp\\www\\cours4\\login.php on line 66, referer: http://localhost/cours4/login.php
[Mon Sep 09 13:26:14.016537 2024] [:error] [pid 14096:tid 1464] [client ::1:53127] PHP Stack trace:, referer: http://localhost/cours4/login.php
[Mon Sep 09 13:26:14.016537 2024] [:error] [pid 14096:tid 1464] [client ::1:53127] PHP   1. {main}() F:\\Web III\\UwAmp\\www\\cours4\\login.php:0, referer: http://localhost/cours4/login.php
[Mon Sep 09 13:26:14.016537 2024] [:error] [pid 14096:tid 1464] [client ::1:53127] PHP Notice:  Trying to get property of non-object in F:\\Web III\\UwAmp\\www\\cours4\\login.php on line 66, referer: http://localhost/cours4/login.php
[Mon Sep 09 13:26:14.016537 2024] [:error] [pid 14096:tid 1464] [client ::1:53127] PHP Stack trace:, referer: http://localhost/cours4/login.php
[Mon Sep 09 13:26:14.016537 2024] [:error] [pid 14096:tid 1464] [client ::1:53127] PHP   1. {main}() F:\\Web III\\UwAmp\\www\\cours4\\login.php:0, referer: http://localhost/cours4/login.php
[Mon Sep 09 13:26:14.895244 2024] [:error] [pid 14096:tid 1464] [client ::1:53127] PHP Notice:  Undefined variable: result in F:\\Web III\\UwAmp\\www\\cours4\\login.php on line 66, referer: http://localhost/cours4/login.php
[Mon Sep 09 13:26:14.895244 2024] [:error] [pid 14096:tid 1464] [client ::1:53127] PHP Stack trace:, referer: http://localhost/cours4/login.php
[Mon Sep 09 13:26:14.895244 2024] [:error] [pid 14096:tid 1464] [client ::1:53127] PHP   1. {main}() F:\\Web III\\UwAmp\\www\\cours4\\login.php:0, referer: http://localhost/cours4/login.php
[Mon Sep 09 13:26:14.895244 2024] [:error] [pid 14096:tid 1464] [client ::1:53127] PHP Notice:  Trying to get property of non-object in F:\\Web III\\UwAmp\\www\\cours4\\login.php on line 66, referer: http://localhost/cours4/login.php
[Mon Sep 09 13:26:14.895244 2024] [:error] [pid 14096:tid 1464] [client ::1:53127] PHP Stack trace:, referer: http://localhost/cours4/login.php
[Mon Sep 09 13:26:14.895244 2024] [:error] [pid 14096:tid 1464] [client ::1:53127] PHP   1. {main}() F:\\Web III\\UwAmp\\www\\cours4\\login.php:0, referer: http://localhost/cours4/login.php
[Mon Sep 09 13:26:15.175677 2024] [:error] [pid 14096:tid 1464] [client ::1:53127] PHP Notice:  Undefined variable: result in F:\\Web III\\UwAmp\\www\\cours4\\login.php on line 66, referer: http://localhost/cours4/login.php
[Mon Sep 09 13:26:15.175677 2024] [:error] [pid 14096:tid 1464] [client ::1:53127] PHP Stack trace:, referer: http://localhost/cours4/login.php
[Mon Sep 09 13:26:15.175677 2024] [:error] [pid 14096:tid 1464] [client ::1:53127] PHP   1. {main}() F:\\Web III\\UwAmp\\www\\cours4\\login.php:0, referer: http://localhost/cours4/login.php
[Mon Sep 09 13:26:15.175677 2024] [:error] [pid 14096:tid 1464] [client ::1:53127] PHP Notice:  Trying to get property of non-object in F:\\Web III\\UwAmp\\www\\cours4\\login.php on line 66, referer: http://localhost/cours4/login.php
[Mon Sep 09 13:26:15.175677 2024] [:error] [pid 14096:tid 1464] [client ::1:53127] PHP Stack trace:, referer: http://localhost/cours4/login.php
[Mon Sep 09 13:26:15.176680 2024] [:error] [pid 14096:tid 1464] [client ::1:53127] PHP   1. {main}() F:\\Web III\\UwAmp\\www\\cours4\\login.php:0, referer: http://localhost/cours4/login.php
[Mon Sep 09 13:26:15.411649 2024] [:error] [pid 14096:tid 1464] [client ::1:53127] PHP Notice:  Undefined variable: result in F:\\Web III\\UwAmp\\www\\cours4\\login.php on line 66, referer: http://localhost/cours4/login.php
[Mon Sep 09 13:26:15.411649 2024] [:error] [pid 14096:tid 1464] [client ::1:53127] PHP Stack trace:, referer: http://localhost/cours4/login.php
[Mon Sep 09 13:26:15.411649 2024] [:error] [pid 14096:tid 1464] [client ::1:53127] PHP   1. {main}() F:\\Web III\\UwAmp\\www\\cours4\\login.php:0, referer: http://localhost/cours4/login.php
[Mon Sep 09 13:26:15.411649 2024] [:error] [pid 14096:tid 1464] [client ::1:53127] PHP Notice:  Trying to get property of non-object in F:\\Web III\\UwAmp\\www\\cours4\\login.php on line 66, referer: http://localhost/cours4/login.php
[Mon Sep 09 13:26:15.411649 2024] [:error] [pid 14096:tid 1464] [client ::1:53127] PHP Stack trace:, referer: http://localhost/cours4/login.php
[Mon Sep 09 13:26:15.411649 2024] [:error] [pid 14096:tid 1464] [client ::1:53127] PHP   1. {main}() F:\\Web III\\UwAmp\\www\\cours4\\login.php:0, referer: http://localhost/cours4/login.php
[Mon Sep 09 13:26:15.584023 2024] [:error] [pid 14096:tid 1464] [client ::1:53127] PHP Notice:  Undefined variable: result in F:\\Web III\\UwAmp\\www\\cours4\\login.php on line 66, referer: http://localhost/cours4/login.php
[Mon Sep 09 13:26:15.584023 2024] [:error] [pid 14096:tid 1464] [client ::1:53127] PHP Stack trace:, referer: http://localhost/cours4/login.php
[Mon Sep 09 13:26:15.584023 2024] [:error] [pid 14096:tid 1464] [client ::1:53127] PHP   1. {main}() F:\\Web III\\UwAmp\\www\\cours4\\login.php:0, referer: http://localhost/cours4/login.php
[Mon Sep 09 13:26:15.584023 2024] [:error] [pid 14096:tid 1464] [client ::1:53127] PHP Notice:  Trying to get property of non-object in F:\\Web III\\UwAmp\\www\\cours4\\login.php on line 66, referer: http://localhost/cours4/login.php
[Mon Sep 09 13:26:15.584023 2024] [:error] [pid 14096:tid 1464] [client ::1:53127] PHP Stack trace:, referer: http://localhost/cours4/login.php
[Mon Sep 09 13:26:15.584023 2024] [:error] [pid 14096:tid 1464] [client ::1:53127] PHP   1. {main}() F:\\Web III\\UwAmp\\www\\cours4\\login.php:0, referer: http://localhost/cours4/login.php
[Mon Sep 09 13:26:15.773866 2024] [:error] [pid 14096:tid 1464] [client ::1:53127] PHP Notice:  Undefined variable: result in F:\\Web III\\UwAmp\\www\\cours4\\login.php on line 66, referer: http://localhost/cours4/login.php
[Mon Sep 09 13:26:15.773866 2024] [:error] [pid 14096:tid 1464] [client ::1:53127] PHP Stack trace:, referer: http://localhost/cours4/login.php
[Mon Sep 09 13:26:15.773866 2024] [:error] [pid 14096:tid 1464] [client ::1:53127] PHP   1. {main}() F:\\Web III\\UwAmp\\www\\cours4\\login.php:0, referer: http://localhost/cours4/login.php
[Mon Sep 09 13:26:15.773866 2024] [:error] [pid 14096:tid 1464] [client ::1:53127] PHP Notice:  Trying to get property of non-object in F:\\Web III\\UwAmp\\www\\cours4\\login.php on line 66, referer: http://localhost/cours4/login.php
[Mon Sep 09 13:26:15.774864 2024] [:error] [pid 14096:tid 1464] [client ::1:53127] PHP Stack trace:, referer: http://localhost/cours4/login.php
[Mon Sep 09 13:26:15.774864 2024] [:error] [pid 14096:tid 1464] [client ::1:53127] PHP   1. {main}() F:\\Web III\\UwAmp\\www\\cours4\\login.php:0, referer: http://localhost/cours4/login.php
[Mon Sep 09 13:26:15.962166 2024] [:error] [pid 14096:tid 1464] [client ::1:53127] PHP Notice:  Undefined variable: result in F:\\Web III\\UwAmp\\www\\cours4\\login.php on line 66, referer: http://localhost/cours4/login.php
[Mon Sep 09 13:26:15.962166 2024] [:error] [pid 14096:tid 1464] [client ::1:53127] PHP Stack trace:, referer: http://localhost/cours4/login.php
[Mon Sep 09 13:26:15.962166 2024] [:error] [pid 14096:tid 1464] [client ::1:53127] PHP   1. {main}() F:\\Web III\\UwAmp\\www\\cours4\\login.php:0, referer: http://localhost/cours4/login.php
[Mon Sep 09 13:26:15.962166 2024] [:error] [pid 14096:tid 1464] [client ::1:53127] PHP Notice:  Trying to get property of non-object in F:\\Web III\\UwAmp\\www\\cours4\\login.php on line 66, referer: http://localhost/cours4/login.php
[Mon Sep 09 13:26:15.962166 2024] [:error] [pid 14096:tid 1464] [client ::1:53127] PHP Stack trace:, referer: http://localhost/cours4/login.php
[Mon Sep 09 13:26:15.962166 2024] [:error] [pid 14096:tid 1464] [client ::1:53127] PHP   1. {main}() F:\\Web III\\UwAmp\\www\\cours4\\login.php:0, referer: http://localhost/cours4/login.php
[Mon Sep 09 13:26:16.179424 2024] [:error] [pid 14096:tid 1464] [client ::1:53127] PHP Notice:  Undefined variable: result in F:\\Web III\\UwAmp\\www\\cours4\\login.php on line 66, referer: http://localhost/cours4/login.php
[Mon Sep 09 13:26:16.179424 2024] [:error] [pid 14096:tid 1464] [client ::1:53127] PHP Stack trace:, referer: http://localhost/cours4/login.php
[Mon Sep 09 13:26:16.179424 2024] [:error] [pid 14096:tid 1464] [client ::1:53127] PHP   1. {main}() F:\\Web III\\UwAmp\\www\\cours4\\login.php:0, referer: http://localhost/cours4/login.php
[Mon Sep 09 13:26:16.179424 2024] [:error] [pid 14096:tid 1464] [client ::1:53127] PHP Notice:  Trying to get property of non-object in F:\\Web III\\UwAmp\\www\\cours4\\login.php on line 66, referer: http://localhost/cours4/login.php
[Mon Sep 09 13:26:16.179424 2024] [:error] [pid 14096:tid 1464] [client ::1:53127] PHP Stack trace:, referer: http://localhost/cours4/login.php
[Mon Sep 09 13:26:16.179424 2024] [:error] [pid 14096:tid 1464] [client ::1:53127] PHP   1. {main}() F:\\Web III\\UwAmp\\www\\cours4\\login.php:0, referer: http://localhost/cours4/login.php
[Mon Sep 09 13:26:18.144701 2024] [:error] [pid 14096:tid 1464] [client ::1:53127] PHP Notice:  Undefined variable: result in F:\\Web III\\UwAmp\\www\\cours4\\login.php on line 66, referer: http://localhost/cours4/login.php
[Mon Sep 09 13:26:18.144701 2024] [:error] [pid 14096:tid 1464] [client ::1:53127] PHP Stack trace:, referer: http://localhost/cours4/login.php
[Mon Sep 09 13:26:18.144701 2024] [:error] [pid 14096:tid 1464] [client ::1:53127] PHP   1. {main}() F:\\Web III\\UwAmp\\www\\cours4\\login.php:0, referer: http://localhost/cours4/login.php
[Mon Sep 09 13:26:18.144701 2024] [:error] [pid 14096:tid 1464] [client ::1:53127] PHP Notice:  Trying to get property of non-object in F:\\Web III\\UwAmp\\www\\cours4\\login.php on line 66, referer: http://localhost/cours4/login.php
[Mon Sep 09 13:26:18.144701 2024] [:error] [pid 14096:tid 1464] [client ::1:53127] PHP Stack trace:, referer: http://localhost/cours4/login.php
[Mon Sep 09 13:26:18.144701 2024] [:error] [pid 14096:tid 1464] [client ::1:53127] PHP   1. {main}() F:\\Web III\\UwAmp\\www\\cours4\\login.php:0, referer: http://localhost/cours4/login.php
[Mon Sep 09 13:26:22.677849 2024] [:error] [pid 14096:tid 1464] [client ::1:53127] PHP Notice:  Undefined variable: result in F:\\Web III\\UwAmp\\www\\cours4\\login.php on line 66, referer: http://localhost/cours4/login.php
[Mon Sep 09 13:26:22.677849 2024] [:error] [pid 14096:tid 1464] [client ::1:53127] PHP Stack trace:, referer: http://localhost/cours4/login.php
[Mon Sep 09 13:26:22.678846 2024] [:error] [pid 14096:tid 1464] [client ::1:53127] PHP   1. {main}() F:\\Web III\\UwAmp\\www\\cours4\\login.php:0, referer: http://localhost/cours4/login.php
[Mon Sep 09 13:26:22.678846 2024] [:error] [pid 14096:tid 1464] [client ::1:53127] PHP Notice:  Trying to get property of non-object in F:\\Web III\\UwAmp\\www\\cours4\\login.php on line 66, referer: http://localhost/cours4/login.php
[Mon Sep 09 13:26:22.678846 2024] [:error] [pid 14096:tid 1464] [client ::1:53127] PHP Stack trace:, referer: http://localhost/cours4/login.php
[Mon Sep 09 13:26:22.678846 2024] [:error] [pid 14096:tid 1464] [client ::1:53127] PHP   1. {main}() F:\\Web III\\UwAmp\\www\\cours4\\login.php:0, referer: http://localhost/cours4/login.php
[Mon Sep 09 13:33:30.408681 2024] [:error] [pid 14096:tid 1464] [client ::1:53622] PHP Notice:  Undefined variable: result in F:\\Web III\\UwAmp\\www\\cours4\\login.php on line 66, referer: http://localhost/cours4/login.php
[Mon Sep 09 13:33:30.408681 2024] [:error] [pid 14096:tid 1464] [client ::1:53622] PHP Stack trace:, referer: http://localhost/cours4/login.php
[Mon Sep 09 13:33:30.408681 2024] [:error] [pid 14096:tid 1464] [client ::1:53622] PHP   1. {main}() F:\\Web III\\UwAmp\\www\\cours4\\login.php:0, referer: http://localhost/cours4/login.php
[Mon Sep 09 13:33:30.408681 2024] [:error] [pid 14096:tid 1464] [client ::1:53622] PHP Notice:  Trying to get property of non-object in F:\\Web III\\UwAmp\\www\\cours4\\login.php on line 66, referer: http://localhost/cours4/login.php
[Mon Sep 09 13:33:30.408681 2024] [:error] [pid 14096:tid 1464] [client ::1:53622] PHP Stack trace:, referer: http://localhost/cours4/login.php
[Mon Sep 09 13:33:30.408681 2024] [:error] [pid 14096:tid 1464] [client ::1:53622] PHP   1. {main}() F:\\Web III\\UwAmp\\www\\cours4\\login.php:0, referer: http://localhost/cours4/login.php
[Mon Sep 09 13:33:30.907500 2024] [:error] [pid 14096:tid 1464] [client ::1:53622] PHP Notice:  Undefined variable: result in F:\\Web III\\UwAmp\\www\\cours4\\login.php on line 66, referer: http://localhost/cours4/login.php
[Mon Sep 09 13:33:30.907500 2024] [:error] [pid 14096:tid 1464] [client ::1:53622] PHP Stack trace:, referer: http://localhost/cours4/login.php
[Mon Sep 09 13:33:30.907500 2024] [:error] [pid 14096:tid 1464] [client ::1:53622] PHP   1. {main}() F:\\Web III\\UwAmp\\www\\cours4\\login.php:0, referer: http://localhost/cours4/login.php
[Mon Sep 09 13:33:30.907500 2024] [:error] [pid 14096:tid 1464] [client ::1:53622] PHP Notice:  Trying to get property of non-object in F:\\Web III\\UwAmp\\www\\cours4\\login.php on line 66, referer: http://localhost/cours4/login.php
[Mon Sep 09 13:33:30.907500 2024] [:error] [pid 14096:tid 1464] [client ::1:53622] PHP Stack trace:, referer: http://localhost/cours4/login.php
[Mon Sep 09 13:33:30.907500 2024] [:error] [pid 14096:tid 1464] [client ::1:53622] PHP   1. {main}() F:\\Web III\\UwAmp\\www\\cours4\\login.php:0, referer: http://localhost/cours4/login.php
[Mon Sep 09 13:33:31.079436 2024] [:error] [pid 14096:tid 1464] [client ::1:53622] PHP Notice:  Undefined variable: result in F:\\Web III\\UwAmp\\www\\cours4\\login.php on line 66, referer: http://localhost/cours4/login.php
[Mon Sep 09 13:33:31.079436 2024] [:error] [pid 14096:tid 1464] [client ::1:53622] PHP Stack trace:, referer: http://localhost/cours4/login.php
[Mon Sep 09 13:33:31.079436 2024] [:error] [pid 14096:tid 1464] [client ::1:53622] PHP   1. {main}() F:\\Web III\\UwAmp\\www\\cours4\\login.php:0, referer: http://localhost/cours4/login.php
[Mon Sep 09 13:33:31.079436 2024] [:error] [pid 14096:tid 1464] [client ::1:53622] PHP Notice:  Trying to get property of non-object in F:\\Web III\\UwAmp\\www\\cours4\\login.php on line 66, referer: http://localhost/cours4/login.php
[Mon Sep 09 13:33:31.079436 2024] [:error] [pid 14096:tid 1464] [client ::1:53622] PHP Stack trace:, referer: http://localhost/cours4/login.php
[Mon Sep 09 13:33:31.079436 2024] [:error] [pid 14096:tid 1464] [client ::1:53622] PHP   1. {main}() F:\\Web III\\UwAmp\\www\\cours4\\login.php:0, referer: http://localhost/cours4/login.php
[Mon Sep 09 13:33:31.281108 2024] [:error] [pid 14096:tid 1464] [client ::1:53622] PHP Notice:  Undefined variable: result in F:\\Web III\\UwAmp\\www\\cours4\\login.php on line 66, referer: http://localhost/cours4/login.php
[Mon Sep 09 13:33:31.281108 2024] [:error] [pid 14096:tid 1464] [client ::1:53622] PHP Stack trace:, referer: http://localhost/cours4/login.php
[Mon Sep 09 13:33:31.281108 2024] [:error] [pid 14096:tid 1464] [client ::1:53622] PHP   1. {main}() F:\\Web III\\UwAmp\\www\\cours4\\login.php:0, referer: http://localhost/cours4/login.php
[Mon Sep 09 13:33:31.281108 2024] [:error] [pid 14096:tid 1464] [client ::1:53622] PHP Notice:  Trying to get property of non-object in F:\\Web III\\UwAmp\\www\\cours4\\login.php on line 66, referer: http://localhost/cours4/login.php
[Mon Sep 09 13:33:31.281108 2024] [:error] [pid 14096:tid 1464] [client ::1:53622] PHP Stack trace:, referer: http://localhost/cours4/login.php
[Mon Sep 09 13:33:31.281108 2024] [:error] [pid 14096:tid 1464] [client ::1:53622] PHP   1. {main}() F:\\Web III\\UwAmp\\www\\cours4\\login.php:0, referer: http://localhost/cours4/login.php
[Mon Sep 09 13:33:31.453577 2024] [:error] [pid 14096:tid 1464] [client ::1:53622] PHP Notice:  Undefined variable: result in F:\\Web III\\UwAmp\\www\\cours4\\login.php on line 66, referer: http://localhost/cours4/login.php
[Mon Sep 09 13:33:31.454293 2024] [:error] [pid 14096:tid 1464] [client ::1:53622] PHP Stack trace:, referer: http://localhost/cours4/login.php
[Mon Sep 09 13:33:31.454293 2024] [:error] [pid 14096:tid 1464] [client ::1:53622] PHP   1. {main}() F:\\Web III\\UwAmp\\www\\cours4\\login.php:0, referer: http://localhost/cours4/login.php
[Mon Sep 09 13:33:31.454293 2024] [:error] [pid 14096:tid 1464] [client ::1:53622] PHP Notice:  Trying to get property of non-object in F:\\Web III\\UwAmp\\www\\cours4\\login.php on line 66, referer: http://localhost/cours4/login.php
[Mon Sep 09 13:33:31.454293 2024] [:error] [pid 14096:tid 1464] [client ::1:53622] PHP Stack trace:, referer: http://localhost/cours4/login.php
[Mon Sep 09 13:33:31.454293 2024] [:error] [pid 14096:tid 1464] [client ::1:53622] PHP   1. {main}() F:\\Web III\\UwAmp\\www\\cours4\\login.php:0, referer: http://localhost/cours4/login.php
[Mon Sep 09 13:34:12.151653 2024] [:error] [pid 14096:tid 1464] [client ::1:53639] PHP Notice:  Undefined variable: result in F:\\Web III\\UwAmp\\www\\cours4\\login.php on line 66, referer: http://localhost/cours4/login.php
[Mon Sep 09 13:34:12.151653 2024] [:error] [pid 14096:tid 1464] [client ::1:53639] PHP Stack trace:, referer: http://localhost/cours4/login.php
[Mon Sep 09 13:34:12.151653 2024] [:error] [pid 14096:tid 1464] [client ::1:53639] PHP   1. {main}() F:\\Web III\\UwAmp\\www\\cours4\\login.php:0, referer: http://localhost/cours4/login.php
[Mon Sep 09 13:34:12.151653 2024] [:error] [pid 14096:tid 1464] [client ::1:53639] PHP Notice:  Trying to get property of non-object in F:\\Web III\\UwAmp\\www\\cours4\\login.php on line 66, referer: http://localhost/cours4/login.php
[Mon Sep 09 13:34:12.151653 2024] [:error] [pid 14096:tid 1464] [client ::1:53639] PHP Stack trace:, referer: http://localhost/cours4/login.php
[Mon Sep 09 13:34:12.151653 2024] [:error] [pid 14096:tid 1464] [client ::1:53639] PHP   1. {main}() F:\\Web III\\UwAmp\\www\\cours4\\login.php:0, referer: http://localhost/cours4/login.php
[Mon Sep 09 13:34:15.817977 2024] [:error] [pid 14096:tid 1464] [client ::1:53639] PHP Notice:  Undefined variable: result in F:\\Web III\\UwAmp\\www\\cours4\\login.php on line 66, referer: http://localhost/cours4/login.php
[Mon Sep 09 13:34:15.817977 2024] [:error] [pid 14096:tid 1464] [client ::1:53639] PHP Stack trace:, referer: http://localhost/cours4/login.php
[Mon Sep 09 13:34:15.817977 2024] [:error] [pid 14096:tid 1464] [client ::1:53639] PHP   1. {main}() F:\\Web III\\UwAmp\\www\\cours4\\login.php:0, referer: http://localhost/cours4/login.php
[Mon Sep 09 13:34:15.817977 2024] [:error] [pid 14096:tid 1464] [client ::1:53639] PHP Notice:  Trying to get property of non-object in F:\\Web III\\UwAmp\\www\\cours4\\login.php on line 66, referer: http://localhost/cours4/login.php
[Mon Sep 09 13:34:15.817977 2024] [:error] [pid 14096:tid 1464] [client ::1:53639] PHP Stack trace:, referer: http://localhost/cours4/login.php
[Mon Sep 09 13:34:15.817977 2024] [:error] [pid 14096:tid 1464] [client ::1:53639] PHP   1. {main}() F:\\Web III\\UwAmp\\www\\cours4\\login.php:0, referer: http://localhost/cours4/login.php
[Mon Sep 09 13:34:20.872834 2024] [:error] [pid 14096:tid 1464] [client ::1:53639] PHP Notice:  Undefined variable: result in F:\\Web III\\UwAmp\\www\\cours4\\login.php on line 66, referer: http://localhost/cours4/login.php
[Mon Sep 09 13:34:20.872834 2024] [:error] [pid 14096:tid 1464] [client ::1:53639] PHP Stack trace:, referer: http://localhost/cours4/login.php
[Mon Sep 09 13:34:20.872834 2024] [:error] [pid 14096:tid 1464] [client ::1:53639] PHP   1. {main}() F:\\Web III\\UwAmp\\www\\cours4\\login.php:0, referer: http://localhost/cours4/login.php
[Mon Sep 09 13:34:20.872834 2024] [:error] [pid 14096:tid 1464] [client ::1:53639] PHP Notice:  Trying to get property of non-object in F:\\Web III\\UwAmp\\www\\cours4\\login.php on line 66, referer: http://localhost/cours4/login.php
[Mon Sep 09 13:34:20.872834 2024] [:error] [pid 14096:tid 1464] [client ::1:53639] PHP Stack trace:, referer: http://localhost/cours4/login.php
[Mon Sep 09 13:34:20.872834 2024] [:error] [pid 14096:tid 1464] [client ::1:53639] PHP   1. {main}() F:\\Web III\\UwAmp\\www\\cours4\\login.php:0, referer: http://localhost/cours4/login.php
[Mon Sep 09 13:45:30.899449 2024] [:error] [pid 14096:tid 1464] [client ::1:53934] PHP Notice:  Undefined variable: result in F:\\Web III\\UwAmp\\www\\cours4\\login.php on line 66, referer: http://localhost/cours4/login.php
[Mon Sep 09 13:45:30.899449 2024] [:error] [pid 14096:tid 1464] [client ::1:53934] PHP Stack trace:, referer: http://localhost/cours4/login.php
[Mon Sep 09 13:45:30.899449 2024] [:error] [pid 14096:tid 1464] [client ::1:53934] PHP   1. {main}() F:\\Web III\\UwAmp\\www\\cours4\\login.php:0, referer: http://localhost/cours4/login.php
[Mon Sep 09 13:45:30.899449 2024] [:error] [pid 14096:tid 1464] [client ::1:53934] PHP Notice:  Trying to get property of non-object in F:\\Web III\\UwAmp\\www\\cours4\\login.php on line 66, referer: http://localhost/cours4/login.php
[Mon Sep 09 13:45:30.899449 2024] [:error] [pid 14096:tid 1464] [client ::1:53934] PHP Stack trace:, referer: http://localhost/cours4/login.php
[Mon Sep 09 13:45:30.899449 2024] [:error] [pid 14096:tid 1464] [client ::1:53934] PHP   1. {main}() F:\\Web III\\UwAmp\\www\\cours4\\login.php:0, referer: http://localhost/cours4/login.php
[Mon Sep 09 13:45:31.642692 2024] [:error] [pid 14096:tid 1464] [client ::1:53934] PHP Notice:  Undefined variable: result in F:\\Web III\\UwAmp\\www\\cours4\\login.php on line 66, referer: http://localhost/cours4/login.php
[Mon Sep 09 13:45:31.642692 2024] [:error] [pid 14096:tid 1464] [client ::1:53934] PHP Stack trace:, referer: http://localhost/cours4/login.php
[Mon Sep 09 13:45:31.642692 2024] [:error] [pid 14096:tid 1464] [client ::1:53934] PHP   1. {main}() F:\\Web III\\UwAmp\\www\\cours4\\login.php:0, referer: http://localhost/cours4/login.php
[Mon Sep 09 13:45:31.642692 2024] [:error] [pid 14096:tid 1464] [client ::1:53934] PHP Notice:  Trying to get property of non-object in F:\\Web III\\UwAmp\\www\\cours4\\login.php on line 66, referer: http://localhost/cours4/login.php
[Mon Sep 09 13:45:31.642692 2024] [:error] [pid 14096:tid 1464] [client ::1:53934] PHP Stack trace:, referer: http://localhost/cours4/login.php
[Mon Sep 09 13:45:31.642692 2024] [:error] [pid 14096:tid 1464] [client ::1:53934] PHP   1. {main}() F:\\Web III\\UwAmp\\www\\cours4\\login.php:0, referer: http://localhost/cours4/login.php
[Mon Sep 09 13:45:32.252746 2024] [:error] [pid 14096:tid 1464] [client ::1:53934] PHP Notice:  Undefined variable: result in F:\\Web III\\UwAmp\\www\\cours4\\login.php on line 66, referer: http://localhost/cours4/login.php
[Mon Sep 09 13:45:32.253750 2024] [:error] [pid 14096:tid 1464] [client ::1:53934] PHP Stack trace:, referer: http://localhost/cours4/login.php
[Mon Sep 09 13:45:32.253750 2024] [:error] [pid 14096:tid 1464] [client ::1:53934] PHP   1. {main}() F:\\Web III\\UwAmp\\www\\cours4\\login.php:0, referer: http://localhost/cours4/login.php
[Mon Sep 09 13:45:32.253750 2024] [:error] [pid 14096:tid 1464] [client ::1:53934] PHP Notice:  Trying to get property of non-object in F:\\Web III\\UwAmp\\www\\cours4\\login.php on line 66, referer: http://localhost/cours4/login.php
[Mon Sep 09 13:45:32.253750 2024] [:error] [pid 14096:tid 1464] [client ::1:53934] PHP Stack trace:, referer: http://localhost/cours4/login.php
[Mon Sep 09 13:45:32.253750 2024] [:error] [pid 14096:tid 1464] [client ::1:53934] PHP   1. {main}() F:\\Web III\\UwAmp\\www\\cours4\\login.php:0, referer: http://localhost/cours4/login.php
[Mon Sep 09 13:45:37.515460 2024] [:error] [pid 14096:tid 1464] [client ::1:53935] PHP Notice:  Undefined variable: result in F:\\Web III\\UwAmp\\www\\cours4\\login.php on line 66, referer: http://localhost/cours4/login.php
[Mon Sep 09 13:45:37.515460 2024] [:error] [pid 14096:tid 1464] [client ::1:53935] PHP Stack trace:, referer: http://localhost/cours4/login.php
[Mon Sep 09 13:45:37.515460 2024] [:error] [pid 14096:tid 1464] [client ::1:53935] PHP   1. {main}() F:\\Web III\\UwAmp\\www\\cours4\\login.php:0, referer: http://localhost/cours4/login.php
[Mon Sep 09 13:45:37.515460 2024] [:error] [pid 14096:tid 1464] [client ::1:53935] PHP Notice:  Trying to get property of non-object in F:\\Web III\\UwAmp\\www\\cours4\\login.php on line 66, referer: http://localhost/cours4/login.php
[Mon Sep 09 13:45:37.515460 2024] [:error] [pid 14096:tid 1464] [client ::1:53935] PHP Stack trace:, referer: http://localhost/cours4/login.php
[Mon Sep 09 13:45:37.515460 2024] [:error] [pid 14096:tid 1464] [client ::1:53935] PHP   1. {main}() F:\\Web III\\UwAmp\\www\\cours4\\login.php:0, referer: http://localhost/cours4/login.php
[Mon Sep 09 13:49:07.660650 2024] [:error] [pid 14096:tid 1464] [client ::1:54024] PHP Parse error:  syntax error, unexpected '$reult' (T_VARIABLE), expecting ',' or ';' in F:\\Web III\\UwAmp\\www\\cours4\\login.php on line 65, referer: http://localhost/cours4/login.php
[Mon Sep 09 13:49:14.448282 2024] [:error] [pid 14096:tid 1464] [client ::1:54025] PHP Notice:  Undefined variable: result in F:\\Web III\\UwAmp\\www\\cours4\\login.php on line 67, referer: http://localhost/cours4/login.php
[Mon Sep 09 13:49:14.448282 2024] [:error] [pid 14096:tid 1464] [client ::1:54025] PHP Stack trace:, referer: http://localhost/cours4/login.php
[Mon Sep 09 13:49:14.448282 2024] [:error] [pid 14096:tid 1464] [client ::1:54025] PHP   1. {main}() F:\\Web III\\UwAmp\\www\\cours4\\login.php:0, referer: http://localhost/cours4/login.php
[Mon Sep 09 13:49:14.448282 2024] [:error] [pid 14096:tid 1464] [client ::1:54025] PHP Notice:  Trying to get property of non-object in F:\\Web III\\UwAmp\\www\\cours4\\login.php on line 67, referer: http://localhost/cours4/login.php
[Mon Sep 09 13:49:14.448282 2024] [:error] [pid 14096:tid 1464] [client ::1:54025] PHP Stack trace:, referer: http://localhost/cours4/login.php
[Mon Sep 09 13:49:14.448282 2024] [:error] [pid 14096:tid 1464] [client ::1:54025] PHP   1. {main}() F:\\Web III\\UwAmp\\www\\cours4\\login.php:0, referer: http://localhost/cours4/login.php
[Mon Sep 09 13:49:58.300529 2024] [:error] [pid 14096:tid 776] [client ::1:54033] PHP Notice:  Undefined variable: result in F:\\Web III\\UwAmp\\www\\cours4\\login.php on line 67, referer: http://localhost/cours4/login.php
[Mon Sep 09 13:49:58.300529 2024] [:error] [pid 14096:tid 776] [client ::1:54033] PHP Stack trace:, referer: http://localhost/cours4/login.php
[Mon Sep 09 13:49:58.300529 2024] [:error] [pid 14096:tid 776] [client ::1:54033] PHP   1. {main}() F:\\Web III\\UwAmp\\www\\cours4\\login.php:0, referer: http://localhost/cours4/login.php
[Mon Sep 09 13:49:58.300529 2024] [:error] [pid 14096:tid 776] [client ::1:54033] PHP Notice:  Trying to get property of non-object in F:\\Web III\\UwAmp\\www\\cours4\\login.php on line 67, referer: http://localhost/cours4/login.php
[Mon Sep 09 13:49:58.300529 2024] [:error] [pid 14096:tid 776] [client ::1:54033] PHP Stack trace:, referer: http://localhost/cours4/login.php
[Mon Sep 09 13:49:58.300529 2024] [:error] [pid 14096:tid 776] [client ::1:54033] PHP   1. {main}() F:\\Web III\\UwAmp\\www\\cours4\\login.php:0, referer: http://localhost/cours4/login.php
[Mon Sep 09 13:49:58.863021 2024] [:error] [pid 14096:tid 776] [client ::1:54033] PHP Notice:  Undefined variable: result in F:\\Web III\\UwAmp\\www\\cours4\\login.php on line 67, referer: http://localhost/cours4/login.php
[Mon Sep 09 13:49:58.863021 2024] [:error] [pid 14096:tid 776] [client ::1:54033] PHP Stack trace:, referer: http://localhost/cours4/login.php
[Mon Sep 09 13:49:58.863021 2024] [:error] [pid 14096:tid 776] [client ::1:54033] PHP   1. {main}() F:\\Web III\\UwAmp\\www\\cours4\\login.php:0, referer: http://localhost/cours4/login.php
[Mon Sep 09 13:49:58.863021 2024] [:error] [pid 14096:tid 776] [client ::1:54033] PHP Notice:  Trying to get property of non-object in F:\\Web III\\UwAmp\\www\\cours4\\login.php on line 67, referer: http://localhost/cours4/login.php
[Mon Sep 09 13:49:58.863021 2024] [:error] [pid 14096:tid 776] [client ::1:54033] PHP Stack trace:, referer: http://localhost/cours4/login.php
[Mon Sep 09 13:49:58.863021 2024] [:error] [pid 14096:tid 776] [client ::1:54033] PHP   1. {main}() F:\\Web III\\UwAmp\\www\\cours4\\login.php:0, referer: http://localhost/cours4/login.php
[Mon Sep 09 13:49:59.206994 2024] [:error] [pid 14096:tid 776] [client ::1:54033] PHP Notice:  Undefined variable: result in F:\\Web III\\UwAmp\\www\\cours4\\login.php on line 67, referer: http://localhost/cours4/login.php
[Mon Sep 09 13:49:59.207727 2024] [:error] [pid 14096:tid 776] [client ::1:54033] PHP Stack trace:, referer: http://localhost/cours4/login.php
[Mon Sep 09 13:49:59.207727 2024] [:error] [pid 14096:tid 776] [client ::1:54033] PHP   1. {main}() F:\\Web III\\UwAmp\\www\\cours4\\login.php:0, referer: http://localhost/cours4/login.php
[Mon Sep 09 13:49:59.207727 2024] [:error] [pid 14096:tid 776] [client ::1:54033] PHP Notice:  Trying to get property of non-object in F:\\Web III\\UwAmp\\www\\cours4\\login.php on line 67, referer: http://localhost/cours4/login.php
[Mon Sep 09 13:49:59.207727 2024] [:error] [pid 14096:tid 776] [client ::1:54033] PHP Stack trace:, referer: http://localhost/cours4/login.php
[Mon Sep 09 13:49:59.207727 2024] [:error] [pid 14096:tid 776] [client ::1:54033] PHP   1. {main}() F:\\Web III\\UwAmp\\www\\cours4\\login.php:0, referer: http://localhost/cours4/login.php
[Mon Sep 09 13:50:04.247416 2024] [:error] [pid 14096:tid 776] [client ::1:54045] PHP Notice:  Undefined variable: result in F:\\Web III\\UwAmp\\www\\cours4\\login.php on line 67, referer: http://localhost/cours4/login.php
[Mon Sep 09 13:50:04.247416 2024] [:error] [pid 14096:tid 776] [client ::1:54045] PHP Stack trace:, referer: http://localhost/cours4/login.php
[Mon Sep 09 13:50:04.247416 2024] [:error] [pid 14096:tid 776] [client ::1:54045] PHP   1. {main}() F:\\Web III\\UwAmp\\www\\cours4\\login.php:0, referer: http://localhost/cours4/login.php
[Mon Sep 09 13:50:04.247416 2024] [:error] [pid 14096:tid 776] [client ::1:54045] PHP Notice:  Trying to get property of non-object in F:\\Web III\\UwAmp\\www\\cours4\\login.php on line 67, referer: http://localhost/cours4/login.php
[Mon Sep 09 13:50:04.247416 2024] [:error] [pid 14096:tid 776] [client ::1:54045] PHP Stack trace:, referer: http://localhost/cours4/login.php
[Mon Sep 09 13:50:04.247416 2024] [:error] [pid 14096:tid 776] [client ::1:54045] PHP   1. {main}() F:\\Web III\\UwAmp\\www\\cours4\\login.php:0, referer: http://localhost/cours4/login.php
[Mon Sep 09 13:50:14.132397 2024] [:error] [pid 14096:tid 776] [client ::1:54050] PHP Notice:  Undefined variable: result in F:\\Web III\\UwAmp\\www\\cours4\\login.php on line 67, referer: http://localhost/cours4/login.php
[Mon Sep 09 13:50:14.132397 2024] [:error] [pid 14096:tid 776] [client ::1:54050] PHP Stack trace:, referer: http://localhost/cours4/login.php
[Mon Sep 09 13:50:14.132397 2024] [:error] [pid 14096:tid 776] [client ::1:54050] PHP   1. {main}() F:\\Web III\\UwAmp\\www\\cours4\\login.php:0, referer: http://localhost/cours4/login.php
[Mon Sep 09 13:50:14.132397 2024] [:error] [pid 14096:tid 776] [client ::1:54050] PHP Notice:  Trying to get property of non-object in F:\\Web III\\UwAmp\\www\\cours4\\login.php on line 67, referer: http://localhost/cours4/login.php
[Mon Sep 09 13:50:14.132397 2024] [:error] [pid 14096:tid 776] [client ::1:54050] PHP Stack trace:, referer: http://localhost/cours4/login.php
[Mon Sep 09 13:50:14.132397 2024] [:error] [pid 14096:tid 776] [client ::1:54050] PHP   1. {main}() F:\\Web III\\UwAmp\\www\\cours4\\login.php:0, referer: http://localhost/cours4/login.php
[Mon Sep 09 13:50:14.776654 2024] [:error] [pid 14096:tid 776] [client ::1:54050] PHP Notice:  Undefined variable: result in F:\\Web III\\UwAmp\\www\\cours4\\login.php on line 67, referer: http://localhost/cours4/login.php
[Mon Sep 09 13:50:14.776654 2024] [:error] [pid 14096:tid 776] [client ::1:54050] PHP Stack trace:, referer: http://localhost/cours4/login.php
[Mon Sep 09 13:50:14.776654 2024] [:error] [pid 14096:tid 776] [client ::1:54050] PHP   1. {main}() F:\\Web III\\UwAmp\\www\\cours4\\login.php:0, referer: http://localhost/cours4/login.php
[Mon Sep 09 13:50:14.776654 2024] [:error] [pid 14096:tid 776] [client ::1:54050] PHP Notice:  Trying to get property of non-object in F:\\Web III\\UwAmp\\www\\cours4\\login.php on line 67, referer: http://localhost/cours4/login.php
[Mon Sep 09 13:50:14.776654 2024] [:error] [pid 14096:tid 776] [client ::1:54050] PHP Stack trace:, referer: http://localhost/cours4/login.php
[Mon Sep 09 13:50:14.776654 2024] [:error] [pid 14096:tid 776] [client ::1:54050] PHP   1. {main}() F:\\Web III\\UwAmp\\www\\cours4\\login.php:0, referer: http://localhost/cours4/login.php
[Mon Sep 09 13:50:15.341472 2024] [:error] [pid 14096:tid 776] [client ::1:54050] PHP Notice:  Undefined variable: result in F:\\Web III\\UwAmp\\www\\cours4\\login.php on line 67, referer: http://localhost/cours4/login.php
[Mon Sep 09 13:50:15.341472 2024] [:error] [pid 14096:tid 776] [client ::1:54050] PHP Stack trace:, referer: http://localhost/cours4/login.php
[Mon Sep 09 13:50:15.341472 2024] [:error] [pid 14096:tid 776] [client ::1:54050] PHP   1. {main}() F:\\Web III\\UwAmp\\www\\cours4\\login.php:0, referer: http://localhost/cours4/login.php
[Mon Sep 09 13:50:15.341472 2024] [:error] [pid 14096:tid 776] [client ::1:54050] PHP Notice:  Trying to get property of non-object in F:\\Web III\\UwAmp\\www\\cours4\\login.php on line 67, referer: http://localhost/cours4/login.php
[Mon Sep 09 13:50:15.341472 2024] [:error] [pid 14096:tid 776] [client ::1:54050] PHP Stack trace:, referer: http://localhost/cours4/login.php
[Mon Sep 09 13:50:15.341472 2024] [:error] [pid 14096:tid 776] [client ::1:54050] PHP   1. {main}() F:\\Web III\\UwAmp\\www\\cours4\\login.php:0, referer: http://localhost/cours4/login.php
[Mon Sep 09 13:50:48.601189 2024] [:error] [pid 14096:tid 776] [client ::1:54054] PHP Notice:  Undefined variable: result in F:\\Web III\\UwAmp\\www\\cours4\\login.php on line 67, referer: http://localhost/cours4/login.php
[Mon Sep 09 13:50:48.601913 2024] [:error] [pid 14096:tid 776] [client ::1:54054] PHP Stack trace:, referer: http://localhost/cours4/login.php
[Mon Sep 09 13:50:48.601913 2024] [:error] [pid 14096:tid 776] [client ::1:54054] PHP   1. {main}() F:\\Web III\\UwAmp\\www\\cours4\\login.php:0, referer: http://localhost/cours4/login.php
[Mon Sep 09 13:50:48.601913 2024] [:error] [pid 14096:tid 776] [client ::1:54054] PHP Notice:  Trying to get property of non-object in F:\\Web III\\UwAmp\\www\\cours4\\login.php on line 67, referer: http://localhost/cours4/login.php
[Mon Sep 09 13:50:48.601913 2024] [:error] [pid 14096:tid 776] [client ::1:54054] PHP Stack trace:, referer: http://localhost/cours4/login.php
[Mon Sep 09 13:50:48.601913 2024] [:error] [pid 14096:tid 776] [client ::1:54054] PHP   1. {main}() F:\\Web III\\UwAmp\\www\\cours4\\login.php:0, referer: http://localhost/cours4/login.php
[Mon Sep 09 13:50:49.100359 2024] [:error] [pid 14096:tid 776] [client ::1:54054] PHP Notice:  Undefined variable: result in F:\\Web III\\UwAmp\\www\\cours4\\login.php on line 67, referer: http://localhost/cours4/login.php
[Mon Sep 09 13:50:49.100359 2024] [:error] [pid 14096:tid 776] [client ::1:54054] PHP Stack trace:, referer: http://localhost/cours4/login.php
[Mon Sep 09 13:50:49.100359 2024] [:error] [pid 14096:tid 776] [client ::1:54054] PHP   1. {main}() F:\\Web III\\UwAmp\\www\\cours4\\login.php:0, referer: http://localhost/cours4/login.php
[Mon Sep 09 13:50:49.100359 2024] [:error] [pid 14096:tid 776] [client ::1:54054] PHP Notice:  Trying to get property of non-object in F:\\Web III\\UwAmp\\www\\cours4\\login.php on line 67, referer: http://localhost/cours4/login.php
[Mon Sep 09 13:50:49.100359 2024] [:error] [pid 14096:tid 776] [client ::1:54054] PHP Stack trace:, referer: http://localhost/cours4/login.php
[Mon Sep 09 13:50:49.100359 2024] [:error] [pid 14096:tid 776] [client ::1:54054] PHP   1. {main}() F:\\Web III\\UwAmp\\www\\cours4\\login.php:0, referer: http://localhost/cours4/login.php
[Mon Sep 09 13:50:49.411907 2024] [:error] [pid 14096:tid 776] [client ::1:54054] PHP Notice:  Undefined variable: result in F:\\Web III\\UwAmp\\www\\cours4\\login.php on line 67, referer: http://localhost/cours4/login.php
[Mon Sep 09 13:50:49.411907 2024] [:error] [pid 14096:tid 776] [client ::1:54054] PHP Stack trace:, referer: http://localhost/cours4/login.php
[Mon Sep 09 13:50:49.411907 2024] [:error] [pid 14096:tid 776] [client ::1:54054] PHP   1. {main}() F:\\Web III\\UwAmp\\www\\cours4\\login.php:0, referer: http://localhost/cours4/login.php
[Mon Sep 09 13:50:49.411907 2024] [:error] [pid 14096:tid 776] [client ::1:54054] PHP Notice:  Trying to get property of non-object in F:\\Web III\\UwAmp\\www\\cours4\\login.php on line 67, referer: http://localhost/cours4/login.php
[Mon Sep 09 13:50:49.411907 2024] [:error] [pid 14096:tid 776] [client ::1:54054] PHP Stack trace:, referer: http://localhost/cours4/login.php
[Mon Sep 09 13:50:49.411907 2024] [:error] [pid 14096:tid 776] [client ::1:54054] PHP   1. {main}() F:\\Web III\\UwAmp\\www\\cours4\\login.php:0, referer: http://localhost/cours4/login.php
[Mon Sep 09 13:51:03.325638 2024] [:error] [pid 14096:tid 776] [client ::1:54093] PHP Notice:  Undefined variable: result in F:\\Web III\\UwAmp\\www\\cours4\\login.php on line 67, referer: http://localhost/cours4/login.php
[Mon Sep 09 13:51:03.325638 2024] [:error] [pid 14096:tid 776] [client ::1:54093] PHP Stack trace:, referer: http://localhost/cours4/login.php
[Mon Sep 09 13:51:03.325638 2024] [:error] [pid 14096:tid 776] [client ::1:54093] PHP   1. {main}() F:\\Web III\\UwAmp\\www\\cours4\\login.php:0, referer: http://localhost/cours4/login.php
[Mon Sep 09 13:51:03.325638 2024] [:error] [pid 14096:tid 776] [client ::1:54093] PHP Notice:  Trying to get property of non-object in F:\\Web III\\UwAmp\\www\\cours4\\login.php on line 67, referer: http://localhost/cours4/login.php
[Mon Sep 09 13:51:03.325638 2024] [:error] [pid 14096:tid 776] [client ::1:54093] PHP Stack trace:, referer: http://localhost/cours4/login.php
[Mon Sep 09 13:51:03.325638 2024] [:error] [pid 14096:tid 776] [client ::1:54093] PHP   1. {main}() F:\\Web III\\UwAmp\\www\\cours4\\login.php:0, referer: http://localhost/cours4/login.php
[Mon Sep 09 13:51:28.148338 2024] [:error] [pid 14096:tid 776] [client ::1:54104] PHP Notice:  Undefined variable: result in F:\\Web III\\UwAmp\\www\\cours4\\login.php on line 67, referer: http://localhost/cours4/login.php
[Mon Sep 09 13:51:28.148338 2024] [:error] [pid 14096:tid 776] [client ::1:54104] PHP Stack trace:, referer: http://localhost/cours4/login.php
[Mon Sep 09 13:51:28.148338 2024] [:error] [pid 14096:tid 776] [client ::1:54104] PHP   1. {main}() F:\\Web III\\UwAmp\\www\\cours4\\login.php:0, referer: http://localhost/cours4/login.php
[Mon Sep 09 13:51:28.148338 2024] [:error] [pid 14096:tid 776] [client ::1:54104] PHP Notice:  Trying to get property of non-object in F:\\Web III\\UwAmp\\www\\cours4\\login.php on line 67, referer: http://localhost/cours4/login.php
[Mon Sep 09 13:51:28.148338 2024] [:error] [pid 14096:tid 776] [client ::1:54104] PHP Stack trace:, referer: http://localhost/cours4/login.php
[Mon Sep 09 13:51:28.148338 2024] [:error] [pid 14096:tid 776] [client ::1:54104] PHP   1. {main}() F:\\Web III\\UwAmp\\www\\cours4\\login.php:0, referer: http://localhost/cours4/login.php
[Mon Sep 09 13:51:28.600769 2024] [:error] [pid 14096:tid 776] [client ::1:54104] PHP Notice:  Undefined variable: result in F:\\Web III\\UwAmp\\www\\cours4\\login.php on line 67, referer: http://localhost/cours4/login.php
[Mon Sep 09 13:51:28.600769 2024] [:error] [pid 14096:tid 776] [client ::1:54104] PHP Stack trace:, referer: http://localhost/cours4/login.php
[Mon Sep 09 13:51:28.600769 2024] [:error] [pid 14096:tid 776] [client ::1:54104] PHP   1. {main}() F:\\Web III\\UwAmp\\www\\cours4\\login.php:0, referer: http://localhost/cours4/login.php
[Mon Sep 09 13:51:28.600769 2024] [:error] [pid 14096:tid 776] [client ::1:54104] PHP Notice:  Trying to get property of non-object in F:\\Web III\\UwAmp\\www\\cours4\\login.php on line 67, referer: http://localhost/cours4/login.php
[Mon Sep 09 13:51:28.600769 2024] [:error] [pid 14096:tid 776] [client ::1:54104] PHP Stack trace:, referer: http://localhost/cours4/login.php
[Mon Sep 09 13:51:28.600769 2024] [:error] [pid 14096:tid 776] [client ::1:54104] PHP   1. {main}() F:\\Web III\\UwAmp\\www\\cours4\\login.php:0, referer: http://localhost/cours4/login.php
[Mon Sep 09 13:51:28.787263 2024] [:error] [pid 14096:tid 776] [client ::1:54104] PHP Notice:  Undefined variable: result in F:\\Web III\\UwAmp\\www\\cours4\\login.php on line 67, referer: http://localhost/cours4/login.php
[Mon Sep 09 13:51:28.787263 2024] [:error] [pid 14096:tid 776] [client ::1:54104] PHP Stack trace:, referer: http://localhost/cours4/login.php
[Mon Sep 09 13:51:28.787263 2024] [:error] [pid 14096:tid 776] [client ::1:54104] PHP   1. {main}() F:\\Web III\\UwAmp\\www\\cours4\\login.php:0, referer: http://localhost/cours4/login.php
[Mon Sep 09 13:51:28.787263 2024] [:error] [pid 14096:tid 776] [client ::1:54104] PHP Notice:  Trying to get property of non-object in F:\\Web III\\UwAmp\\www\\cours4\\login.php on line 67, referer: http://localhost/cours4/login.php
[Mon Sep 09 13:51:28.787263 2024] [:error] [pid 14096:tid 776] [client ::1:54104] PHP Stack trace:, referer: http://localhost/cours4/login.php
[Mon Sep 09 13:51:28.787263 2024] [:error] [pid 14096:tid 776] [client ::1:54104] PHP   1. {main}() F:\\Web III\\UwAmp\\www\\cours4\\login.php:0, referer: http://localhost/cours4/login.php
[Mon Sep 09 13:58:40.963995 2024] [:error] [pid 14096:tid 776] [client ::1:54247] PHP Notice:  Undefined variable: result in F:\\Web III\\UwAmp\\www\\cours4\\login.php on line 67, referer: http://localhost/cours4/login.php
[Mon Sep 09 13:58:40.963995 2024] [:error] [pid 14096:tid 776] [client ::1:54247] PHP Stack trace:, referer: http://localhost/cours4/login.php
[Mon Sep 09 13:58:40.963995 2024] [:error] [pid 14096:tid 776] [client ::1:54247] PHP   1. {main}() F:\\Web III\\UwAmp\\www\\cours4\\login.php:0, referer: http://localhost/cours4/login.php
[Mon Sep 09 13:58:40.964869 2024] [:error] [pid 14096:tid 776] [client ::1:54247] PHP Notice:  Trying to get property of non-object in F:\\Web III\\UwAmp\\www\\cours4\\login.php on line 67, referer: http://localhost/cours4/login.php
[Mon Sep 09 13:58:40.964869 2024] [:error] [pid 14096:tid 776] [client ::1:54247] PHP Stack trace:, referer: http://localhost/cours4/login.php
[Mon Sep 09 13:58:40.964869 2024] [:error] [pid 14096:tid 776] [client ::1:54247] PHP   1. {main}() F:\\Web III\\UwAmp\\www\\cours4\\login.php:0, referer: http://localhost/cours4/login.php
[Mon Sep 09 14:00:23.863109 2024] [mpm_winnt:crit] [pid 14096:tid 676] AH02538: Child: Parent process exited abruptly. Child process is ending
[Mon Sep 09 14:00:32.581705 2024] [ssl:warn] [pid 9312:tid 664] AH01906: main-serveur:443:0 server certificate is a CA certificate (BasicConstraints: CA == TRUE !?)
[Mon Sep 09 14:00:32.582705 2024] [ssl:warn] [pid 9312:tid 664] AH01909: main-serveur:443:0 server certificate does NOT include an ID which matches the server name
[Mon Sep 09 14:00:32.838037 2024] [core:warn] [pid 9312:tid 664] AH00098: pid file F:/Web III/UwAmp/bin/apache/logs/httpd.pid overwritten -- Unclean shutdown of previous Apache run?
[Mon Sep 09 14:00:33.749300 2024] [ssl:warn] [pid 9312:tid 664] AH01873: Init: Session Cache is not configured [hint: SSLSessionCache]
[Mon Sep 09 14:00:33.750300 2024] [ssl:warn] [pid 9312:tid 664] AH01906: main-serveur:443:0 server certificate is a CA certificate (BasicConstraints: CA == TRUE !?)
[Mon Sep 09 14:00:33.750300 2024] [ssl:warn] [pid 9312:tid 664] AH01909: main-serveur:443:0 server certificate does NOT include an ID which matches the server name
[Mon Sep 09 14:00:33.777425 2024] [mpm_winnt:notice] [pid 9312:tid 664] AH00455: Apache/2.4.18 (Win32) OpenSSL/1.0.2f PHP/5.6.18 configured -- resuming normal operations
[Mon Sep 09 14:00:33.777425 2024] [mpm_winnt:notice] [pid 9312:tid 664] AH00456: Server built: Jan 28 2016 09:58:25
[Mon Sep 09 14:00:33.777425 2024] [core:notice] [pid 9312:tid 664] AH00094: Command line: 'F:\\Web III\\UwAmp\\bin\\apache\\bin\\httpd.exe -d F:/Web III/UwAmp/bin/apache -f F:\\Web III\\UwAmp\\bin\\apache\\conf\\httpd.conf'
[Mon Sep 09 14:00:33.783601 2024] [mpm_winnt:notice] [pid 9312:tid 664] AH00418: Parent: Created child process 11428
[Mon Sep 09 14:00:34.629463 2024] [ssl:warn] [pid 11428:tid 496] AH01906: main-serveur:443:0 server certificate is a CA certificate (BasicConstraints: CA == TRUE !?)
[Mon Sep 09 14:00:34.629463 2024] [ssl:warn] [pid 11428:tid 496] AH01909: main-serveur:443:0 server certificate does NOT include an ID which matches the server name
[Mon Sep 09 14:00:34.721149 2024] [ssl:warn] [pid 11428:tid 496] AH01873: Init: Session Cache is not configured [hint: SSLSessionCache]
[Mon Sep 09 14:00:34.721149 2024] [ssl:warn] [pid 11428:tid 496] AH01906: main-serveur:443:0 server certificate is a CA certificate (BasicConstraints: CA == TRUE !?)
[Mon Sep 09 14:00:34.721149 2024] [ssl:warn] [pid 11428:tid 496] AH01909: main-serveur:443:0 server certificate does NOT include an ID which matches the server name
[Mon Sep 09 14:00:34.745933 2024] [mpm_winnt:notice] [pid 11428:tid 496] AH00354: Child: Starting 64 worker threads.
[Mon Sep 09 14:01:59.079186 2024] [mpm_winnt:crit] [pid 11428:tid 496] AH02538: Child: Parent process exited abruptly. Child process is ending
[Mon Sep 09 14:02:04.570975 2024] [ssl:warn] [pid 16980:tid 636] AH01906: main-serveur:443:0 server certificate is a CA certificate (BasicConstraints: CA == TRUE !?)
[Mon Sep 09 14:02:04.570975 2024] [ssl:warn] [pid 16980:tid 636] AH01909: main-serveur:443:0 server certificate does NOT include an ID which matches the server name
[Mon Sep 09 14:02:04.844540 2024] [core:warn] [pid 16980:tid 636] AH00098: pid file F:/Web III/UwAmp/bin/apache/logs/httpd.pid overwritten -- Unclean shutdown of previous Apache run?
[Mon Sep 09 14:02:05.217797 2024] [ssl:warn] [pid 16980:tid 636] AH01873: Init: Session Cache is not configured [hint: SSLSessionCache]
[Mon Sep 09 14:02:05.218799 2024] [ssl:warn] [pid 16980:tid 636] AH01906: main-serveur:443:0 server certificate is a CA certificate (BasicConstraints: CA == TRUE !?)
[Mon Sep 09 14:02:05.218799 2024] [ssl:warn] [pid 16980:tid 636] AH01909: main-serveur:443:0 server certificate does NOT include an ID which matches the server name
[Mon Sep 09 14:02:05.242896 2024] [mpm_winnt:notice] [pid 16980:tid 636] AH00455: Apache/2.4.18 (Win32) OpenSSL/1.0.2f PHP/5.6.18 configured -- resuming normal operations
[Mon Sep 09 14:02:05.242896 2024] [mpm_winnt:notice] [pid 16980:tid 636] AH00456: Server built: Jan 28 2016 09:58:25
[Mon Sep 09 14:02:05.242896 2024] [core:notice] [pid 16980:tid 636] AH00094: Command line: 'F:\\Web III\\UwAmp\\bin\\apache\\bin\\httpd.exe -d F:/Web III/UwAmp/bin/apache -f F:\\Web III\\UwAmp\\bin\\apache\\conf\\httpd.conf'
[Mon Sep 09 14:02:05.247922 2024] [mpm_winnt:notice] [pid 16980:tid 636] AH00418: Parent: Created child process 15488
[Mon Sep 09 14:02:06.013510 2024] [ssl:warn] [pid 15488:tid 612] AH01906: main-serveur:443:0 server certificate is a CA certificate (BasicConstraints: CA == TRUE !?)
[Mon Sep 09 14:02:06.014509 2024] [ssl:warn] [pid 15488:tid 612] AH01909: main-serveur:443:0 server certificate does NOT include an ID which matches the server name
[Mon Sep 09 14:02:06.117989 2024] [ssl:warn] [pid 15488:tid 612] AH01873: Init: Session Cache is not configured [hint: SSLSessionCache]
[Mon Sep 09 14:02:06.117989 2024] [ssl:warn] [pid 15488:tid 612] AH01906: main-serveur:443:0 server certificate is a CA certificate (BasicConstraints: CA == TRUE !?)
[Mon Sep 09 14:02:06.117989 2024] [ssl:warn] [pid 15488:tid 612] AH01909: main-serveur:443:0 server certificate does NOT include an ID which matches the server name
[Mon Sep 09 14:02:06.142578 2024] [mpm_winnt:notice] [pid 15488:tid 612] AH00354: Child: Starting 64 worker threads.
[Mon Sep 09 14:43:21.174881 2024] [mpm_winnt:crit] [pid 15488:tid 612] AH02538: Child: Parent process exited abruptly. Child process is ending
[Tue Sep 10 15:25:37.574652 2024] [ssl:warn] [pid 19384:tid 488] AH01906: main-serveur:443:0 server certificate is a CA certificate (BasicConstraints: CA == TRUE !?)
[Tue Sep 10 15:25:37.577826 2024] [ssl:warn] [pid 19384:tid 488] AH01909: main-serveur:443:0 server certificate does NOT include an ID which matches the server name
[Tue Sep 10 15:25:37.668643 2024] [core:warn] [pid 19384:tid 488] AH00098: pid file E:/Web III/UwAmp/bin/apache/logs/httpd.pid overwritten -- Unclean shutdown of previous Apache run?
[Tue Sep 10 15:25:37.811279 2024] [ssl:warn] [pid 19384:tid 488] AH01873: Init: Session Cache is not configured [hint: SSLSessionCache]
[Tue Sep 10 15:25:37.812285 2024] [ssl:warn] [pid 19384:tid 488] AH01906: main-serveur:443:0 server certificate is a CA certificate (BasicConstraints: CA == TRUE !?)
[Tue Sep 10 15:25:37.812285 2024] [ssl:warn] [pid 19384:tid 488] AH01909: main-serveur:443:0 server certificate does NOT include an ID which matches the server name
[Tue Sep 10 15:25:39.505110 2024] [mpm_winnt:notice] [pid 19384:tid 488] AH00455: Apache/2.4.18 (Win32) OpenSSL/1.0.2f PHP/5.6.18 configured -- resuming normal operations
[Tue Sep 10 15:25:39.505110 2024] [mpm_winnt:notice] [pid 19384:tid 488] AH00456: Server built: Jan 28 2016 09:58:25
[Tue Sep 10 15:25:39.505110 2024] [core:notice] [pid 19384:tid 488] AH00094: Command line: 'E:\\Web III\\UwAmp\\bin\\apache\\bin\\httpd.exe -d E:/Web III/UwAmp/bin/apache -f E:\\Web III\\UwAmp\\bin\\apache\\conf\\httpd.conf'
[Tue Sep 10 15:25:39.511381 2024] [mpm_winnt:notice] [pid 19384:tid 488] AH00418: Parent: Created child process 5632
[Tue Sep 10 15:25:40.498507 2024] [ssl:warn] [pid 5632:tid 664] AH01906: main-serveur:443:0 server certificate is a CA certificate (BasicConstraints: CA == TRUE !?)
[Tue Sep 10 15:25:40.498507 2024] [ssl:warn] [pid 5632:tid 664] AH01909: main-serveur:443:0 server certificate does NOT include an ID which matches the server name
[Tue Sep 10 15:25:40.616187 2024] [ssl:warn] [pid 5632:tid 664] AH01873: Init: Session Cache is not configured [hint: SSLSessionCache]
[Tue Sep 10 15:25:40.616187 2024] [ssl:warn] [pid 5632:tid 664] AH01906: main-serveur:443:0 server certificate is a CA certificate (BasicConstraints: CA == TRUE !?)
[Tue Sep 10 15:25:40.616187 2024] [ssl:warn] [pid 5632:tid 664] AH01909: main-serveur:443:0 server certificate does NOT include an ID which matches the server name
[Tue Sep 10 15:25:41.287593 2024] [mpm_winnt:notice] [pid 5632:tid 664] AH00354: Child: Starting 64 worker threads.
[Tue Sep 10 15:27:41.032824 2024] [mpm_winnt:crit] [pid 5632:tid 664] AH02538: Child: Parent process exited abruptly. Child process is ending
[Tue Sep 10 15:27:41.033824 2024] [mpm_winnt:warn] [pid 5632:tid 1504] (OS 995)L’opération d’entrée/sortie a été abandonnée en raison de l’arrêt d’un thread ou à la demande d’une application.  : AH00341: winnt_accept: Asynchronous AcceptEx failed.
[Tue Sep 10 15:27:41.033824 2024] [mpm_winnt:warn] [pid 5632:tid 1560] (OS 995)L’opération d’entrée/sortie a été abandonnée en raison de l’arrêt d’un thread ou à la demande d’une application.  : AH00341: winnt_accept: Asynchronous AcceptEx failed.
[Tue Sep 10 15:27:41.033824 2024] [mpm_winnt:warn] [pid 5632:tid 704] (OS 995)L’opération d’entrée/sortie a été abandonnée en raison de l’arrêt d’un thread ou à la demande d’une application.  : AH00341: winnt_accept: Asynchronous AcceptEx failed.
[Tue Sep 10 15:27:50.116556 2024] [ssl:warn] [pid 4392:tid 668] AH01906: main-serveur:443:0 server certificate is a CA certificate (BasicConstraints: CA == TRUE !?)
[Tue Sep 10 15:27:50.117796 2024] [ssl:warn] [pid 4392:tid 668] AH01909: main-serveur:443:0 server certificate does NOT include an ID which matches the server name
[Tue Sep 10 15:27:59.428063 2024] [core:warn] [pid 4392:tid 668] AH00098: pid file E:/Web III/UwAmp/bin/apache/logs/httpd.pid overwritten -- Unclean shutdown of previous Apache run?
[Tue Sep 10 15:28:07.081209 2024] [ssl:warn] [pid 4392:tid 668] AH01873: Init: Session Cache is not configured [hint: SSLSessionCache]
[Tue Sep 10 15:28:07.082178 2024] [ssl:warn] [pid 4392:tid 668] AH01906: main-serveur:443:0 server certificate is a CA certificate (BasicConstraints: CA == TRUE !?)
[Tue Sep 10 15:28:07.082178 2024] [ssl:warn] [pid 4392:tid 668] AH01909: main-serveur:443:0 server certificate does NOT include an ID which matches the server name
[Tue Sep 10 15:28:07.782299 2024] [mpm_winnt:notice] [pid 4392:tid 668] AH00455: Apache/2.4.18 (Win32) OpenSSL/1.0.2f PHP/5.6.18 configured -- resuming normal operations
[Tue Sep 10 15:28:07.782299 2024] [mpm_winnt:notice] [pid 4392:tid 668] AH00456: Server built: Jan 28 2016 09:58:25
[Tue Sep 10 15:28:07.782299 2024] [core:notice] [pid 4392:tid 668] AH00094: Command line: 'E:\\Web III\\UwAmp\\bin\\apache\\bin\\httpd.exe -d E:/Web III/UwAmp/bin/apache -f E:\\Web III\\UwAmp\\bin\\apache\\conf\\httpd.conf'
[Tue Sep 10 15:28:07.790299 2024] [mpm_winnt:notice] [pid 4392:tid 668] AH00418: Parent: Created child process 5856
[Tue Sep 10 15:28:08.708572 2024] [ssl:warn] [pid 5856:tid 660] AH01906: main-serveur:443:0 server certificate is a CA certificate (BasicConstraints: CA == TRUE !?)
[Tue Sep 10 15:28:08.709580 2024] [ssl:warn] [pid 5856:tid 660] AH01909: main-serveur:443:0 server certificate does NOT include an ID which matches the server name
[Tue Sep 10 15:28:08.813022 2024] [ssl:warn] [pid 5856:tid 660] AH01873: Init: Session Cache is not configured [hint: SSLSessionCache]
[Tue Sep 10 15:28:08.813022 2024] [ssl:warn] [pid 5856:tid 660] AH01906: main-serveur:443:0 server certificate is a CA certificate (BasicConstraints: CA == TRUE !?)
[Tue Sep 10 15:28:08.813022 2024] [ssl:warn] [pid 5856:tid 660] AH01909: main-serveur:443:0 server certificate does NOT include an ID which matches the server name
[Tue Sep 10 15:28:09.442108 2024] [mpm_winnt:notice] [pid 5856:tid 660] AH00354: Child: Starting 64 worker threads.
[Tue Sep 10 17:39:01.393724 2024] [mpm_winnt:crit] [pid 5856:tid 660] AH02538: Child: Parent process exited abruptly. Child process is ending
[Thu Sep 12 21:05:55.928721 2024] [ssl:warn] [pid 19688:tid 636] AH01906: main-serveur:443:0 server certificate is a CA certificate (BasicConstraints: CA == TRUE !?)
[Thu Sep 12 21:05:55.931723 2024] [ssl:warn] [pid 19688:tid 636] AH01909: main-serveur:443:0 server certificate does NOT include an ID which matches the server name
[Thu Sep 12 21:05:55.961750 2024] [core:warn] [pid 19688:tid 636] AH00098: pid file D:/Web III/UwAmp/bin/apache/logs/httpd.pid overwritten -- Unclean shutdown of previous Apache run?
[Thu Sep 12 21:05:56.049825 2024] [ssl:warn] [pid 19688:tid 636] AH01873: Init: Session Cache is not configured [hint: SSLSessionCache]
[Thu Sep 12 21:05:56.050325 2024] [ssl:warn] [pid 19688:tid 636] AH01906: main-serveur:443:0 server certificate is a CA certificate (BasicConstraints: CA == TRUE !?)
[Thu Sep 12 21:05:56.050325 2024] [ssl:warn] [pid 19688:tid 636] AH01909: main-serveur:443:0 server certificate does NOT include an ID which matches the server name
[Thu Sep 12 21:05:58.762573 2024] [mpm_winnt:notice] [pid 19688:tid 636] AH00455: Apache/2.4.18 (Win32) OpenSSL/1.0.2f PHP/5.6.18 configured -- resuming normal operations
[Thu Sep 12 21:05:58.762573 2024] [mpm_winnt:notice] [pid 19688:tid 636] AH00456: Server built: Jan 28 2016 09:58:25
[Thu Sep 12 21:05:58.762573 2024] [core:notice] [pid 19688:tid 636] AH00094: Command line: 'D:\\Web III\\UwAmp\\bin\\apache\\bin\\httpd.exe -d D:/Web III/UwAmp/bin/apache -f D:\\Web III\\UwAmp\\bin\\apache\\conf\\httpd.conf'
[Thu Sep 12 21:05:58.769579 2024] [mpm_winnt:notice] [pid 19688:tid 636] AH00418: Parent: Created child process 31780
[Thu Sep 12 21:05:59.247490 2024] [ssl:warn] [pid 31780:tid 616] AH01906: main-serveur:443:0 server certificate is a CA certificate (BasicConstraints: CA == TRUE !?)
[Thu Sep 12 21:05:59.248490 2024] [ssl:warn] [pid 31780:tid 616] AH01909: main-serveur:443:0 server certificate does NOT include an ID which matches the server name
[Thu Sep 12 21:05:59.351580 2024] [ssl:warn] [pid 31780:tid 616] AH01873: Init: Session Cache is not configured [hint: SSLSessionCache]
[Thu Sep 12 21:05:59.352080 2024] [ssl:warn] [pid 31780:tid 616] AH01906: main-serveur:443:0 server certificate is a CA certificate (BasicConstraints: CA == TRUE !?)
[Thu Sep 12 21:05:59.352080 2024] [ssl:warn] [pid 31780:tid 616] AH01909: main-serveur:443:0 server certificate does NOT include an ID which matches the server name
[Thu Sep 12 21:05:59.394617 2024] [mpm_winnt:notice] [pid 31780:tid 616] AH00354: Child: Starting 64 worker threads.
[Thu Sep 12 21:14:54.630488 2024] [mpm_winnt:crit] [pid 31780:tid 616] AH02538: Child: Parent process exited abruptly. Child process is ending
[Mon Sep 16 12:21:12.210269 2024] [ssl:warn] [pid 15820:tid 664] AH01906: main-serveur:443:0 server certificate is a CA certificate (BasicConstraints: CA == TRUE !?)
[Mon Sep 16 12:21:12.213653 2024] [ssl:warn] [pid 15820:tid 664] AH01909: main-serveur:443:0 server certificate does NOT include an ID which matches the server name
[Mon Sep 16 12:21:12.273569 2024] [core:warn] [pid 15820:tid 664] AH00098: pid file D:/Web III/UwAmp/bin/apache/logs/httpd.pid overwritten -- Unclean shutdown of previous Apache run?
[Mon Sep 16 12:21:12.371716 2024] [ssl:warn] [pid 15820:tid 664] AH01873: Init: Session Cache is not configured [hint: SSLSessionCache]
[Mon Sep 16 12:21:12.371716 2024] [ssl:warn] [pid 15820:tid 664] AH01906: main-serveur:443:0 server certificate is a CA certificate (BasicConstraints: CA == TRUE !?)
[Mon Sep 16 12:21:12.372709 2024] [ssl:warn] [pid 15820:tid 664] AH01909: main-serveur:443:0 server certificate does NOT include an ID which matches the server name
[Mon Sep 16 12:22:36.688436 2024] [ssl:warn] [pid 14664:tid 636] AH01906: main-serveur:443:0 server certificate is a CA certificate (BasicConstraints: CA == TRUE !?)
[Mon Sep 16 12:22:36.688436 2024] [ssl:warn] [pid 14664:tid 636] AH01909: main-serveur:443:0 server certificate does NOT include an ID which matches the server name
[Mon Sep 16 12:22:36.714819 2024] [core:warn] [pid 14664:tid 636] AH00098: pid file D:/Web III/UwAmp/bin/apache/logs/httpd.pid overwritten -- Unclean shutdown of previous Apache run?
[Mon Sep 16 12:22:36.800379 2024] [ssl:warn] [pid 14664:tid 636] AH01873: Init: Session Cache is not configured [hint: SSLSessionCache]
[Mon Sep 16 12:22:36.800379 2024] [ssl:warn] [pid 14664:tid 636] AH01906: main-serveur:443:0 server certificate is a CA certificate (BasicConstraints: CA == TRUE !?)
[Mon Sep 16 12:22:36.800379 2024] [ssl:warn] [pid 14664:tid 636] AH01909: main-serveur:443:0 server certificate does NOT include an ID which matches the server name
[Mon Sep 16 12:22:37.289093 2024] [mpm_winnt:notice] [pid 14664:tid 636] AH00455: Apache/2.4.18 (Win32) OpenSSL/1.0.2f PHP/5.6.18 configured -- resuming normal operations
[Mon Sep 16 12:22:37.289093 2024] [mpm_winnt:notice] [pid 14664:tid 636] AH00456: Server built: Jan 28 2016 09:58:25
[Mon Sep 16 12:22:37.289093 2024] [core:notice] [pid 14664:tid 636] AH00094: Command line: 'D:\\Web III\\UwAmp\\bin\\apache\\bin\\httpd.exe -d D:/Web III/UwAmp/bin/apache -f D:\\Web III\\UwAmp\\bin\\apache\\conf\\httpd.conf'
[Mon Sep 16 12:22:37.295094 2024] [mpm_winnt:notice] [pid 14664:tid 636] AH00418: Parent: Created child process 22256
[Mon Sep 16 12:22:38.144369 2024] [ssl:warn] [pid 22256:tid 492] AH01906: main-serveur:443:0 server certificate is a CA certificate (BasicConstraints: CA == TRUE !?)
[Mon Sep 16 12:22:38.144369 2024] [ssl:warn] [pid 22256:tid 492] AH01909: main-serveur:443:0 server certificate does NOT include an ID which matches the server name
[Mon Sep 16 12:22:38.248884 2024] [ssl:warn] [pid 22256:tid 492] AH01873: Init: Session Cache is not configured [hint: SSLSessionCache]
[Mon Sep 16 12:22:38.248884 2024] [ssl:warn] [pid 22256:tid 492] AH01906: main-serveur:443:0 server certificate is a CA certificate (BasicConstraints: CA == TRUE !?)
[Mon Sep 16 12:22:38.248884 2024] [ssl:warn] [pid 22256:tid 492] AH01909: main-serveur:443:0 server certificate does NOT include an ID which matches the server name
[Mon Sep 16 12:22:38.275404 2024] [mpm_winnt:notice] [pid 22256:tid 492] AH00354: Child: Starting 64 worker threads.
[Mon Sep 16 13:30:52.924227 2024] [:error] [pid 22256:tid 1328] [client ::1:54531] PHP Notice:  Undefined index: no in D:\\Web III\\UwAmp\\www\\Projet_Intra\\index.php on line 47, referer: http://localhost/
[Mon Sep 16 13:30:52.924227 2024] [:error] [pid 22256:tid 1328] [client ::1:54531] PHP Stack trace:, referer: http://localhost/
[Mon Sep 16 13:30:52.924227 2024] [:error] [pid 22256:tid 1328] [client ::1:54531] PHP   1. {main}() D:\\Web III\\UwAmp\\www\\Projet_Intra\\index.php:0, referer: http://localhost/
[Mon Sep 16 13:30:52.924227 2024] [:error] [pid 22256:tid 1328] [client ::1:54531] PHP Notice:  Undefined index: no in D:\\Web III\\UwAmp\\www\\Projet_Intra\\index.php on line 47, referer: http://localhost/
[Mon Sep 16 13:30:52.924227 2024] [:error] [pid 22256:tid 1328] [client ::1:54531] PHP Stack trace:, referer: http://localhost/
[Mon Sep 16 13:30:52.924227 2024] [:error] [pid 22256:tid 1328] [client ::1:54531] PHP   1. {main}() D:\\Web III\\UwAmp\\www\\Projet_Intra\\index.php:0, referer: http://localhost/
[Mon Sep 16 13:30:52.924227 2024] [:error] [pid 22256:tid 1328] [client ::1:54531] PHP Notice:  Undefined index: no in D:\\Web III\\UwAmp\\www\\Projet_Intra\\index.php on line 47, referer: http://localhost/
[Mon Sep 16 13:30:52.924227 2024] [:error] [pid 22256:tid 1328] [client ::1:54531] PHP Stack trace:, referer: http://localhost/
[Mon Sep 16 13:30:52.924227 2024] [:error] [pid 22256:tid 1328] [client ::1:54531] PHP   1. {main}() D:\\Web III\\UwAmp\\www\\Projet_Intra\\index.php:0, referer: http://localhost/
[Mon Sep 16 13:30:52.924227 2024] [:error] [pid 22256:tid 1328] [client ::1:54531] PHP Notice:  Undefined index: no in D:\\Web III\\UwAmp\\www\\Projet_Intra\\index.php on line 47, referer: http://localhost/
[Mon Sep 16 13:30:52.924227 2024] [:error] [pid 22256:tid 1328] [client ::1:54531] PHP Stack trace:, referer: http://localhost/
[Mon Sep 16 13:30:52.924227 2024] [:error] [pid 22256:tid 1328] [client ::1:54531] PHP   1. {main}() D:\\Web III\\UwAmp\\www\\Projet_Intra\\index.php:0, referer: http://localhost/
[Mon Sep 16 14:45:33.766648 2024] [mpm_winnt:crit] [pid 22256:tid 492] AH02538: Child: Parent process exited abruptly. Child process is ending
[Tue Sep 17 15:10:34.403378 2024] [ssl:warn] [pid 18084:tid 504] AH01906: main-serveur:443:0 server certificate is a CA certificate (BasicConstraints: CA == TRUE !?)
[Tue Sep 17 15:10:34.408412 2024] [ssl:warn] [pid 18084:tid 504] AH01909: main-serveur:443:0 server certificate does NOT include an ID which matches the server name
[Tue Sep 17 15:10:34.451507 2024] [core:warn] [pid 18084:tid 504] AH00098: pid file E:/Web III/UwAmp/bin/apache/logs/httpd.pid overwritten -- Unclean shutdown of previous Apache run?
[Tue Sep 17 15:10:42.623045 2024] [ssl:warn] [pid 18084:tid 504] AH01873: Init: Session Cache is not configured [hint: SSLSessionCache]
[Tue Sep 17 15:10:42.624045 2024] [ssl:warn] [pid 18084:tid 504] AH01906: main-serveur:443:0 server certificate is a CA certificate (BasicConstraints: CA == TRUE !?)
[Tue Sep 17 15:10:42.624045 2024] [ssl:warn] [pid 18084:tid 504] AH01909: main-serveur:443:0 server certificate does NOT include an ID which matches the server name
[Tue Sep 17 15:10:45.723396 2024] [mpm_winnt:notice] [pid 18084:tid 504] AH00455: Apache/2.4.18 (Win32) OpenSSL/1.0.2f PHP/5.6.18 configured -- resuming normal operations
[Tue Sep 17 15:10:45.723396 2024] [mpm_winnt:notice] [pid 18084:tid 504] AH00456: Server built: Jan 28 2016 09:58:25
[Tue Sep 17 15:10:45.723396 2024] [core:notice] [pid 18084:tid 504] AH00094: Command line: 'E:\\Web III\\UwAmp\\bin\\apache\\bin\\httpd.exe -d E:/Web III/UwAmp/bin/apache -f E:\\Web III\\UwAmp\\bin\\apache\\conf\\httpd.conf'
[Tue Sep 17 15:10:45.731602 2024] [mpm_winnt:notice] [pid 18084:tid 504] AH00418: Parent: Created child process 11612
[Tue Sep 17 15:10:46.665856 2024] [ssl:warn] [pid 11612:tid 660] AH01906: main-serveur:443:0 server certificate is a CA certificate (BasicConstraints: CA == TRUE !?)
[Tue Sep 17 15:10:46.666895 2024] [ssl:warn] [pid 11612:tid 660] AH01909: main-serveur:443:0 server certificate does NOT include an ID which matches the server name
[Tue Sep 17 15:10:46.765029 2024] [ssl:warn] [pid 11612:tid 660] AH01873: Init: Session Cache is not configured [hint: SSLSessionCache]
[Tue Sep 17 15:10:46.766028 2024] [ssl:warn] [pid 11612:tid 660] AH01906: main-serveur:443:0 server certificate is a CA certificate (BasicConstraints: CA == TRUE !?)
[Tue Sep 17 15:10:46.766028 2024] [ssl:warn] [pid 11612:tid 660] AH01909: main-serveur:443:0 server certificate does NOT include an ID which matches the server name
[Tue Sep 17 15:10:46.832703 2024] [mpm_winnt:notice] [pid 11612:tid 660] AH00354: Child: Starting 64 worker threads.
[Tue Sep 17 15:37:44.056949 2024] [mpm_winnt:crit] [pid 11612:tid 660] AH02538: Child: Parent process exited abruptly. Child process is ending
[Tue Sep 17 15:37:52.142278 2024] [ssl:warn] [pid 13256:tid 652] AH01906: main-serveur:443:0 server certificate is a CA certificate (BasicConstraints: CA == TRUE !?)
[Tue Sep 17 15:37:52.143782 2024] [ssl:warn] [pid 13256:tid 652] AH01909: main-serveur:443:0 server certificate does NOT include an ID which matches the server name
[Tue Sep 17 15:37:52.220063 2024] [core:warn] [pid 13256:tid 652] AH00098: pid file E:/Web III/UwAmp/bin/apache/logs/httpd.pid overwritten -- Unclean shutdown of previous Apache run?
[Tue Sep 17 15:37:52.315068 2024] [ssl:warn] [pid 13256:tid 652] AH01873: Init: Session Cache is not configured [hint: SSLSessionCache]
[Tue Sep 17 15:37:52.315068 2024] [ssl:warn] [pid 13256:tid 652] AH01906: main-serveur:443:0 server certificate is a CA certificate (BasicConstraints: CA == TRUE !?)
[Tue Sep 17 15:37:52.315068 2024] [ssl:warn] [pid 13256:tid 652] AH01909: main-serveur:443:0 server certificate does NOT include an ID which matches the server name
[Tue Sep 17 15:37:52.476533 2024] [mpm_winnt:notice] [pid 13256:tid 652] AH00455: Apache/2.4.18 (Win32) OpenSSL/1.0.2f PHP/5.6.18 configured -- resuming normal operations
[Tue Sep 17 15:37:52.476533 2024] [mpm_winnt:notice] [pid 13256:tid 652] AH00456: Server built: Jan 28 2016 09:58:25
[Tue Sep 17 15:37:52.476533 2024] [core:notice] [pid 13256:tid 652] AH00094: Command line: 'E:\\Web III\\UwAmp\\bin\\apache\\bin\\httpd.exe -d E:/Web III/UwAmp/bin/apache -f E:\\Web III\\UwAmp\\bin\\apache\\conf\\httpd.conf'
[Tue Sep 17 15:37:52.482080 2024] [mpm_winnt:notice] [pid 13256:tid 652] AH00418: Parent: Created child process 6636
[Tue Sep 17 15:37:53.455639 2024] [ssl:warn] [pid 6636:tid 664] AH01906: main-serveur:443:0 server certificate is a CA certificate (BasicConstraints: CA == TRUE !?)
[Tue Sep 17 15:37:53.456641 2024] [ssl:warn] [pid 6636:tid 664] AH01909: main-serveur:443:0 server certificate does NOT include an ID which matches the server name
[Tue Sep 17 15:37:53.577652 2024] [ssl:warn] [pid 6636:tid 664] AH01873: Init: Session Cache is not configured [hint: SSLSessionCache]
[Tue Sep 17 15:37:53.578193 2024] [ssl:warn] [pid 6636:tid 664] AH01906: main-serveur:443:0 server certificate is a CA certificate (BasicConstraints: CA == TRUE !?)
[Tue Sep 17 15:37:53.578193 2024] [ssl:warn] [pid 6636:tid 664] AH01909: main-serveur:443:0 server certificate does NOT include an ID which matches the server name
[Tue Sep 17 15:37:53.607460 2024] [mpm_winnt:notice] [pid 6636:tid 664] AH00354: Child: Starting 64 worker threads.
[Tue Sep 17 16:16:28.698410 2024] [:error] [pid 6636:tid 1320] [client ::1:61591] PHP Warning:  Cannot modify header information - headers already sent by (output started at E:\\Web III\\UwAmp\\www\\Projet_Intra\\index.php:88) in E:\\Web III\\UwAmp\\www\\Projet_Intra\\index.php on line 140, referer: http://localhost/Projet_Intra/
[Tue Sep 17 16:16:28.698410 2024] [:error] [pid 6636:tid 1320] [client ::1:61591] PHP Stack trace:, referer: http://localhost/Projet_Intra/
[Tue Sep 17 16:16:28.698410 2024] [:error] [pid 6636:tid 1320] [client ::1:61591] PHP   1. {main}() E:\\Web III\\UwAmp\\www\\Projet_Intra\\index.php:0, referer: http://localhost/Projet_Intra/
[Tue Sep 17 16:16:28.698410 2024] [:error] [pid 6636:tid 1320] [client ::1:61591] PHP   2. header() E:\\Web III\\UwAmp\\www\\Projet_Intra\\index.php:140, referer: http://localhost/Projet_Intra/
[Tue Sep 17 16:20:33.109224 2024] [:error] [pid 6636:tid 1320] [client ::1:61661] PHP Warning:  Cannot modify header information - headers already sent by (output started at E:\\Web III\\UwAmp\\www\\Projet_Intra\\index.php:88) in E:\\Web III\\UwAmp\\www\\Projet_Intra\\index.php on line 140, referer: http://localhost/Projet_Intra/index.php
[Tue Sep 17 16:20:33.109224 2024] [:error] [pid 6636:tid 1320] [client ::1:61661] PHP Stack trace:, referer: http://localhost/Projet_Intra/index.php
[Tue Sep 17 16:20:33.109224 2024] [:error] [pid 6636:tid 1320] [client ::1:61661] PHP   1. {main}() E:\\Web III\\UwAmp\\www\\Projet_Intra\\index.php:0, referer: http://localhost/Projet_Intra/index.php
[Tue Sep 17 16:20:33.109224 2024] [:error] [pid 6636:tid 1320] [client ::1:61661] PHP   2. header() E:\\Web III\\UwAmp\\www\\Projet_Intra\\index.php:140, referer: http://localhost/Projet_Intra/index.php
[Tue Sep 17 17:40:46.229745 2024] [mpm_winnt:crit] [pid 6636:tid 664] AH02538: Child: Parent process exited abruptly. Child process is ending
[Mon Sep 23 12:27:09.909087 2024] [ssl:warn] [pid 9600:tid 548] AH01906: main-serveur:443:0 server certificate is a CA certificate (BasicConstraints: CA == TRUE !?)
[Mon Sep 23 12:27:09.912287 2024] [ssl:warn] [pid 9600:tid 548] AH01909: main-serveur:443:0 server certificate does NOT include an ID which matches the server name
[Mon Sep 23 12:27:09.947219 2024] [core:warn] [pid 9600:tid 548] AH00098: pid file D:/Web III/UwAmp/bin/apache/logs/httpd.pid overwritten -- Unclean shutdown of previous Apache run?
[Mon Sep 23 12:27:10.037620 2024] [ssl:warn] [pid 9600:tid 548] AH01873: Init: Session Cache is not configured [hint: SSLSessionCache]
[Mon Sep 23 12:27:10.038629 2024] [ssl:warn] [pid 9600:tid 548] AH01906: main-serveur:443:0 server certificate is a CA certificate (BasicConstraints: CA == TRUE !?)
[Mon Sep 23 12:27:10.038629 2024] [ssl:warn] [pid 9600:tid 548] AH01909: main-serveur:443:0 server certificate does NOT include an ID which matches the server name
[Mon Sep 23 12:27:11.099003 2024] [mpm_winnt:notice] [pid 9600:tid 548] AH00455: Apache/2.4.18 (Win32) OpenSSL/1.0.2f PHP/5.6.18 configured -- resuming normal operations
[Mon Sep 23 12:27:11.099003 2024] [mpm_winnt:notice] [pid 9600:tid 548] AH00456: Server built: Jan 28 2016 09:58:25
[Mon Sep 23 12:27:11.099003 2024] [core:notice] [pid 9600:tid 548] AH00094: Command line: 'D:\\Web III\\UwAmp\\bin\\apache\\bin\\httpd.exe -d D:/Web III/UwAmp/bin/apache -f D:\\Web III\\UwAmp\\bin\\apache\\conf\\httpd.conf'
[Mon Sep 23 12:27:11.105163 2024] [mpm_winnt:notice] [pid 9600:tid 548] AH00418: Parent: Created child process 12764
[Mon Sep 23 12:27:11.916603 2024] [ssl:warn] [pid 12764:tid 680] AH01906: main-serveur:443:0 server certificate is a CA certificate (BasicConstraints: CA == TRUE !?)
[Mon Sep 23 12:27:11.916603 2024] [ssl:warn] [pid 12764:tid 680] AH01909: main-serveur:443:0 server certificate does NOT include an ID which matches the server name
[Mon Sep 23 12:27:12.018314 2024] [ssl:warn] [pid 12764:tid 680] AH01873: Init: Session Cache is not configured [hint: SSLSessionCache]
[Mon Sep 23 12:27:12.018314 2024] [ssl:warn] [pid 12764:tid 680] AH01906: main-serveur:443:0 server certificate is a CA certificate (BasicConstraints: CA == TRUE !?)
[Mon Sep 23 12:27:12.018314 2024] [ssl:warn] [pid 12764:tid 680] AH01909: main-serveur:443:0 server certificate does NOT include an ID which matches the server name
[Mon Sep 23 12:27:12.051819 2024] [mpm_winnt:notice] [pid 12764:tid 680] AH00354: Child: Starting 64 worker threads.
[Mon Sep 23 14:41:55.450032 2024] [mpm_winnt:crit] [pid 12764:tid 680] AH02538: Child: Parent process exited abruptly. Child process is ending
[Tue Sep 24 15:58:58.031602 2024] [ssl:warn] [pid 34596:tid 624] AH01906: main-serveur:443:0 server certificate is a CA certificate (BasicConstraints: CA == TRUE !?)
[Tue Sep 24 15:58:58.035591 2024] [ssl:warn] [pid 34596:tid 624] AH01909: main-serveur:443:0 server certificate does NOT include an ID which matches the server name
[Tue Sep 24 15:58:58.096429 2024] [core:warn] [pid 34596:tid 624] AH00098: pid file D:/Web III/UwAmp/bin/apache/logs/httpd.pid overwritten -- Unclean shutdown of previous Apache run?
[Tue Sep 24 15:58:58.223894 2024] [ssl:warn] [pid 34596:tid 624] AH01873: Init: Session Cache is not configured [hint: SSLSessionCache]
[Tue Sep 24 15:58:58.224890 2024] [ssl:warn] [pid 34596:tid 624] AH01906: main-serveur:443:0 server certificate is a CA certificate (BasicConstraints: CA == TRUE !?)
[Tue Sep 24 15:58:58.224890 2024] [ssl:warn] [pid 34596:tid 624] AH01909: main-serveur:443:0 server certificate does NOT include an ID which matches the server name
[Tue Sep 24 15:59:27.933252 2024] [mpm_winnt:notice] [pid 34596:tid 624] AH00455: Apache/2.4.18 (Win32) OpenSSL/1.0.2f PHP/5.6.18 configured -- resuming normal operations
[Tue Sep 24 15:59:27.933252 2024] [mpm_winnt:notice] [pid 34596:tid 624] AH00456: Server built: Jan 28 2016 09:58:25
[Tue Sep 24 15:59:27.933252 2024] [core:notice] [pid 34596:tid 624] AH00094: Command line: 'D:\\Web III\\UwAmp\\bin\\apache\\bin\\httpd.exe -d D:/Web III/UwAmp/bin/apache -f D:\\Web III\\UwAmp\\bin\\apache\\conf\\httpd.conf'
[Tue Sep 24 15:59:27.943225 2024] [mpm_winnt:notice] [pid 34596:tid 624] AH00418: Parent: Created child process 34744
[Tue Sep 24 15:59:28.622805 2024] [ssl:warn] [pid 34744:tid 636] AH01906: main-serveur:443:0 server certificate is a CA certificate (BasicConstraints: CA == TRUE !?)
[Tue Sep 24 15:59:28.623802 2024] [ssl:warn] [pid 34744:tid 636] AH01909: main-serveur:443:0 server certificate does NOT include an ID which matches the server name
[Tue Sep 24 15:59:28.740481 2024] [ssl:warn] [pid 34744:tid 636] AH01873: Init: Session Cache is not configured [hint: SSLSessionCache]
[Tue Sep 24 15:59:28.741480 2024] [ssl:warn] [pid 34744:tid 636] AH01906: main-serveur:443:0 server certificate is a CA certificate (BasicConstraints: CA == TRUE !?)
[Tue Sep 24 15:59:28.741480 2024] [ssl:warn] [pid 34744:tid 636] AH01909: main-serveur:443:0 server certificate does NOT include an ID which matches the server name
[Tue Sep 24 15:59:28.796741 2024] [mpm_winnt:notice] [pid 34744:tid 636] AH00354: Child: Starting 64 worker threads.
[Tue Sep 24 17:36:36.147497 2024] [mpm_winnt:crit] [pid 34744:tid 636] AH02538: Child: Parent process exited abruptly. Child process is ending
[Mon Sep 30 12:49:40.796491 2024] [ssl:warn] [pid 7656:tid 508] AH01906: main-serveur:443:0 server certificate is a CA certificate (BasicConstraints: CA == TRUE !?)
[Mon Sep 30 12:49:40.798522 2024] [ssl:warn] [pid 7656:tid 508] AH01909: main-serveur:443:0 server certificate does NOT include an ID which matches the server name
[Mon Sep 30 12:49:40.841996 2024] [core:warn] [pid 7656:tid 508] AH00098: pid file D:/Web III/UwAmp/bin/apache/logs/httpd.pid overwritten -- Unclean shutdown of previous Apache run?
[Mon Sep 30 12:49:40.933552 2024] [ssl:warn] [pid 7656:tid 508] AH01873: Init: Session Cache is not configured [hint: SSLSessionCache]
[Mon Sep 30 12:49:40.934587 2024] [ssl:warn] [pid 7656:tid 508] AH01906: main-serveur:443:0 server certificate is a CA certificate (BasicConstraints: CA == TRUE !?)
[Mon Sep 30 12:49:40.934587 2024] [ssl:warn] [pid 7656:tid 508] AH01909: main-serveur:443:0 server certificate does NOT include an ID which matches the server name
[Mon Sep 30 12:49:47.001066 2024] [mpm_winnt:notice] [pid 7656:tid 508] AH00455: Apache/2.4.18 (Win32) OpenSSL/1.0.2f PHP/5.6.18 configured -- resuming normal operations
[Mon Sep 30 12:49:47.001066 2024] [mpm_winnt:notice] [pid 7656:tid 508] AH00456: Server built: Jan 28 2016 09:58:25
[Mon Sep 30 12:49:47.001066 2024] [core:notice] [pid 7656:tid 508] AH00094: Command line: 'D:\\Web III\\UwAmp\\bin\\apache\\bin\\httpd.exe -d D:/Web III/UwAmp/bin/apache -f D:\\Web III\\UwAmp\\bin\\apache\\conf\\httpd.conf'
[Mon Sep 30 12:49:47.007058 2024] [mpm_winnt:notice] [pid 7656:tid 508] AH00418: Parent: Created child process 7884
[Mon Sep 30 12:49:47.855588 2024] [ssl:warn] [pid 7884:tid 480] AH01906: main-serveur:443:0 server certificate is a CA certificate (BasicConstraints: CA == TRUE !?)
[Mon Sep 30 12:49:47.856588 2024] [ssl:warn] [pid 7884:tid 480] AH01909: main-serveur:443:0 server certificate does NOT include an ID which matches the server name
[Mon Sep 30 12:49:47.958091 2024] [ssl:warn] [pid 7884:tid 480] AH01873: Init: Session Cache is not configured [hint: SSLSessionCache]
[Mon Sep 30 12:49:47.958091 2024] [ssl:warn] [pid 7884:tid 480] AH01906: main-serveur:443:0 server certificate is a CA certificate (BasicConstraints: CA == TRUE !?)
[Mon Sep 30 12:49:47.958091 2024] [ssl:warn] [pid 7884:tid 480] AH01909: main-serveur:443:0 server certificate does NOT include an ID which matches the server name
[Mon Sep 30 12:49:47.983682 2024] [mpm_winnt:notice] [pid 7884:tid 480] AH00354: Child: Starting 64 worker threads.
[Mon Sep 30 14:43:55.646623 2024] [mpm_winnt:crit] [pid 7884:tid 480] AH02538: Child: Parent process exited abruptly. Child process is ending
[Tue Oct 01 15:11:01.410156 2024] [ssl:warn] [pid 7216:tid 652] AH01906: main-serveur:443:0 server certificate is a CA certificate (BasicConstraints: CA == TRUE !?)
[Tue Oct 01 15:11:01.414155 2024] [ssl:warn] [pid 7216:tid 652] AH01909: main-serveur:443:0 server certificate does NOT include an ID which matches the server name
[Tue Oct 01 15:11:01.451342 2024] [core:warn] [pid 7216:tid 652] AH00098: pid file E:/Web III/UwAmp/bin/apache/logs/httpd.pid overwritten -- Unclean shutdown of previous Apache run?
[Tue Oct 01 15:11:01.529924 2024] [ssl:warn] [pid 7216:tid 652] AH01873: Init: Session Cache is not configured [hint: SSLSessionCache]
[Tue Oct 01 15:11:01.530922 2024] [ssl:warn] [pid 7216:tid 652] AH01906: main-serveur:443:0 server certificate is a CA certificate (BasicConstraints: CA == TRUE !?)
[Tue Oct 01 15:11:01.530922 2024] [ssl:warn] [pid 7216:tid 652] AH01909: main-serveur:443:0 server certificate does NOT include an ID which matches the server name
[Tue Oct 01 15:11:03.296241 2024] [mpm_winnt:notice] [pid 7216:tid 652] AH00455: Apache/2.4.18 (Win32) OpenSSL/1.0.2f PHP/5.6.18 configured -- resuming normal operations
[Tue Oct 01 15:11:03.296241 2024] [mpm_winnt:notice] [pid 7216:tid 652] AH00456: Server built: Jan 28 2016 09:58:25
[Tue Oct 01 15:11:03.296241 2024] [core:notice] [pid 7216:tid 652] AH00094: Command line: 'E:\\Web III\\UwAmp\\bin\\apache\\bin\\httpd.exe -d E:/Web III/UwAmp/bin/apache -f E:\\Web III\\UwAmp\\bin\\apache\\conf\\httpd.conf'
[Tue Oct 01 15:11:03.302438 2024] [mpm_winnt:notice] [pid 7216:tid 652] AH00418: Parent: Created child process 13096
[Tue Oct 01 15:11:05.290057 2024] [ssl:warn] [pid 13096:tid 540] AH01906: main-serveur:443:0 server certificate is a CA certificate (BasicConstraints: CA == TRUE !?)
[Tue Oct 01 15:11:05.291057 2024] [ssl:warn] [pid 13096:tid 540] AH01909: main-serveur:443:0 server certificate does NOT include an ID which matches the server name
[Tue Oct 01 15:11:05.429716 2024] [ssl:warn] [pid 13096:tid 540] AH01873: Init: Session Cache is not configured [hint: SSLSessionCache]
[Tue Oct 01 15:11:05.617339 2024] [ssl:warn] [pid 13096:tid 540] AH01906: main-serveur:443:0 server certificate is a CA certificate (BasicConstraints: CA == TRUE !?)
[Tue Oct 01 15:11:05.617339 2024] [ssl:warn] [pid 13096:tid 540] AH01909: main-serveur:443:0 server certificate does NOT include an ID which matches the server name
[Tue Oct 01 15:11:05.656826 2024] [mpm_winnt:notice] [pid 13096:tid 540] AH00354: Child: Starting 64 worker threads.
[Tue Oct 01 17:46:00.700717 2024] [mpm_winnt:crit] [pid 13096:tid 540] AH02538: Child: Parent process exited abruptly. Child process is ending
[Tue Oct 01 17:46:00.700717 2024] [mpm_winnt:warn] [pid 13096:tid 2516] (OS 995)L’opération d’entrée/sortie a été abandonnée en raison de l’arrêt d’un thread ou à la demande d’une application.  : AH00341: winnt_accept: Asynchronous AcceptEx failed.
[Mon Oct 07 13:23:26.119869 2024] [ssl:warn] [pid 12944:tid 472] AH01906: main-serveur:443:0 server certificate is a CA certificate (BasicConstraints: CA == TRUE !?)
[Mon Oct 07 13:23:26.123374 2024] [ssl:warn] [pid 12944:tid 472] AH01909: main-serveur:443:0 server certificate does NOT include an ID which matches the server name
[Mon Oct 07 13:23:26.165883 2024] [core:warn] [pid 12944:tid 472] AH00098: pid file D:/Web III/UwAmp/bin/apache/logs/httpd.pid overwritten -- Unclean shutdown of previous Apache run?
[Mon Oct 07 13:23:26.253403 2024] [ssl:warn] [pid 12944:tid 472] AH01873: Init: Session Cache is not configured [hint: SSLSessionCache]
[Mon Oct 07 13:23:26.254403 2024] [ssl:warn] [pid 12944:tid 472] AH01906: main-serveur:443:0 server certificate is a CA certificate (BasicConstraints: CA == TRUE !?)
[Mon Oct 07 13:23:26.254403 2024] [ssl:warn] [pid 12944:tid 472] AH01909: main-serveur:443:0 server certificate does NOT include an ID which matches the server name
[Mon Oct 07 13:23:27.895448 2024] [mpm_winnt:notice] [pid 12944:tid 472] AH00455: Apache/2.4.18 (Win32) OpenSSL/1.0.2f PHP/5.6.18 configured -- resuming normal operations
[Mon Oct 07 13:23:27.895448 2024] [mpm_winnt:notice] [pid 12944:tid 472] AH00456: Server built: Jan 28 2016 09:58:25
[Mon Oct 07 13:23:27.895448 2024] [core:notice] [pid 12944:tid 472] AH00094: Command line: 'D:\\Web III\\UwAmp\\bin\\apache\\bin\\httpd.exe -d D:/Web III/UwAmp/bin/apache -f D:\\Web III\\UwAmp\\bin\\apache\\conf\\httpd.conf'
[Mon Oct 07 13:23:27.901442 2024] [mpm_winnt:notice] [pid 12944:tid 472] AH00418: Parent: Created child process 10720
[Mon Oct 07 13:23:28.674199 2024] [ssl:warn] [pid 10720:tid 648] AH01906: main-serveur:443:0 server certificate is a CA certificate (BasicConstraints: CA == TRUE !?)
[Mon Oct 07 13:23:28.674199 2024] [ssl:warn] [pid 10720:tid 648] AH01909: main-serveur:443:0 server certificate does NOT include an ID which matches the server name
[Mon Oct 07 13:23:28.769346 2024] [ssl:warn] [pid 10720:tid 648] AH01873: Init: Session Cache is not configured [hint: SSLSessionCache]
[Mon Oct 07 13:23:28.770346 2024] [ssl:warn] [pid 10720:tid 648] AH01906: main-serveur:443:0 server certificate is a CA certificate (BasicConstraints: CA == TRUE !?)
[Mon Oct 07 13:23:28.770346 2024] [ssl:warn] [pid 10720:tid 648] AH01909: main-serveur:443:0 server certificate does NOT include an ID which matches the server name
[Mon Oct 07 13:23:28.796805 2024] [mpm_winnt:notice] [pid 10720:tid 648] AH00354: Child: Starting 64 worker threads.
[Mon Oct 07 14:40:24.141773 2024] [mpm_winnt:crit] [pid 10720:tid 648] AH02538: Child: Parent process exited abruptly. Child process is ending
[Tue Oct 08 16:28:11.568246 2024] [ssl:warn] [pid 17800:tid 656] AH01906: main-serveur:443:0 server certificate is a CA certificate (BasicConstraints: CA == TRUE !?)
[Tue Oct 08 16:28:11.625295 2024] [ssl:warn] [pid 17800:tid 656] AH01909: main-serveur:443:0 server certificate does NOT include an ID which matches the server name
[Tue Oct 08 16:28:11.660325 2024] [core:warn] [pid 17800:tid 656] AH00098: pid file D:/Web III/UwAmp/bin/apache/logs/httpd.pid overwritten -- Unclean shutdown of previous Apache run?
[Tue Oct 08 16:28:11.770419 2024] [ssl:warn] [pid 17800:tid 656] AH01873: Init: Session Cache is not configured [hint: SSLSessionCache]
[Tue Oct 08 16:28:11.770919 2024] [ssl:warn] [pid 17800:tid 656] AH01906: main-serveur:443:0 server certificate is a CA certificate (BasicConstraints: CA == TRUE !?)
[Tue Oct 08 16:28:11.770919 2024] [ssl:warn] [pid 17800:tid 656] AH01909: main-serveur:443:0 server certificate does NOT include an ID which matches the server name
[Tue Oct 08 16:28:13.351277 2024] [mpm_winnt:notice] [pid 17800:tid 656] AH00455: Apache/2.4.18 (Win32) OpenSSL/1.0.2f PHP/5.6.18 configured -- resuming normal operations
[Tue Oct 08 16:28:13.351277 2024] [mpm_winnt:notice] [pid 17800:tid 656] AH00456: Server built: Jan 28 2016 09:58:25
[Tue Oct 08 16:28:13.351277 2024] [core:notice] [pid 17800:tid 656] AH00094: Command line: 'D:\\Web III\\UwAmp\\bin\\apache\\bin\\httpd.exe -d D:/Web III/UwAmp/bin/apache -f D:\\Web III\\UwAmp\\bin\\apache\\conf\\httpd.conf'
[Tue Oct 08 16:28:13.358784 2024] [mpm_winnt:notice] [pid 17800:tid 656] AH00418: Parent: Created child process 33880
[Tue Oct 08 16:28:13.850207 2024] [ssl:warn] [pid 33880:tid 608] AH01906: main-serveur:443:0 server certificate is a CA certificate (BasicConstraints: CA == TRUE !?)
[Tue Oct 08 16:28:13.851207 2024] [ssl:warn] [pid 33880:tid 608] AH01909: main-serveur:443:0 server certificate does NOT include an ID which matches the server name
[Tue Oct 08 16:28:13.953295 2024] [ssl:warn] [pid 33880:tid 608] AH01873: Init: Session Cache is not configured [hint: SSLSessionCache]
[Tue Oct 08 16:28:13.953795 2024] [ssl:warn] [pid 33880:tid 608] AH01906: main-serveur:443:0 server certificate is a CA certificate (BasicConstraints: CA == TRUE !?)
[Tue Oct 08 16:28:13.953795 2024] [ssl:warn] [pid 33880:tid 608] AH01909: main-serveur:443:0 server certificate does NOT include an ID which matches the server name
[Tue Oct 08 16:28:13.999835 2024] [mpm_winnt:notice] [pid 33880:tid 608] AH00354: Child: Starting 64 worker threads.
[Tue Oct 08 18:12:52.732176 2024] [mpm_winnt:crit] [pid 33880:tid 608] AH02538: Child: Parent process exited abruptly. Child process is ending
[Tue Oct 08 20:19:04.651209 2024] [ssl:warn] [pid 34620:tid 600] AH01906: main-serveur:443:0 server certificate is a CA certificate (BasicConstraints: CA == TRUE !?)
[Tue Oct 08 20:19:04.652210 2024] [ssl:warn] [pid 34620:tid 600] AH01909: main-serveur:443:0 server certificate does NOT include an ID which matches the server name
[Tue Oct 08 20:19:09.340786 2024] [core:warn] [pid 34620:tid 600] AH00098: pid file D:/Web III/UwAmp/bin/apache/logs/httpd.pid overwritten -- Unclean shutdown of previous Apache run?
[Tue Oct 08 20:19:09.496864 2024] [ssl:warn] [pid 34620:tid 600] AH01873: Init: Session Cache is not configured [hint: SSLSessionCache]
[Tue Oct 08 20:19:09.497364 2024] [ssl:warn] [pid 34620:tid 600] AH01906: main-serveur:443:0 server certificate is a CA certificate (BasicConstraints: CA == TRUE !?)
[Tue Oct 08 20:19:09.497864 2024] [ssl:warn] [pid 34620:tid 600] AH01909: main-serveur:443:0 server certificate does NOT include an ID which matches the server name
[Tue Oct 08 20:19:09.524387 2024] [mpm_winnt:notice] [pid 34620:tid 600] AH00455: Apache/2.4.18 (Win32) OpenSSL/1.0.2f PHP/5.6.18 configured -- resuming normal operations
[Tue Oct 08 20:19:09.524387 2024] [mpm_winnt:notice] [pid 34620:tid 600] AH00456: Server built: Jan 28 2016 09:58:25
[Tue Oct 08 20:19:09.524387 2024] [core:notice] [pid 34620:tid 600] AH00094: Command line: 'D:\\Web III\\UwAmp\\bin\\apache\\bin\\httpd.exe -d D:/Web III/UwAmp/bin/apache -f D:\\Web III\\UwAmp\\bin\\apache\\conf\\httpd.conf'
[Tue Oct 08 20:19:09.531392 2024] [mpm_winnt:notice] [pid 34620:tid 600] AH00418: Parent: Created child process 38176
[Tue Oct 08 20:19:10.020813 2024] [ssl:warn] [pid 38176:tid 612] AH01906: main-serveur:443:0 server certificate is a CA certificate (BasicConstraints: CA == TRUE !?)
[Tue Oct 08 20:19:10.021814 2024] [ssl:warn] [pid 38176:tid 612] AH01909: main-serveur:443:0 server certificate does NOT include an ID which matches the server name
[Tue Oct 08 20:19:10.138414 2024] [ssl:warn] [pid 38176:tid 612] AH01873: Init: Session Cache is not configured [hint: SSLSessionCache]
[Tue Oct 08 20:19:10.138915 2024] [ssl:warn] [pid 38176:tid 612] AH01906: main-serveur:443:0 server certificate is a CA certificate (BasicConstraints: CA == TRUE !?)
[Tue Oct 08 20:19:10.138915 2024] [ssl:warn] [pid 38176:tid 612] AH01909: main-serveur:443:0 server certificate does NOT include an ID which matches the server name
[Tue Oct 08 20:19:10.164436 2024] [mpm_winnt:notice] [pid 38176:tid 612] AH00354: Child: Starting 64 worker threads.
[Tue Oct 08 21:04:50.003422 2024] [:error] [pid 38176:tid 1280] [client ::1:60799] PHP Warning:  require(db_connect.php): failed to open stream: No such file or directory in D:\\Web III\\UwAmp\\www\\Projet_Intra\\connexion.php on line 14, referer: http://localhost/projet_intra/
[Tue Oct 08 21:04:50.003422 2024] [:error] [pid 38176:tid 1280] [client ::1:60799] PHP Stack trace:, referer: http://localhost/projet_intra/
[Tue Oct 08 21:04:50.003422 2024] [:error] [pid 38176:tid 1280] [client ::1:60799] PHP   1. {main}() D:\\Web III\\UwAmp\\www\\Projet_Intra\\connexion.php:0, referer: http://localhost/projet_intra/
[Tue Oct 08 21:04:50.003422 2024] [:error] [pid 38176:tid 1280] [client ::1:60799] PHP Fatal error:  require(): Failed opening required 'db_connect.php' (include_path='.;C:\\php\\pear') in D:\\Web III\\UwAmp\\www\\Projet_Intra\\connexion.php on line 14, referer: http://localhost/projet_intra/
[Tue Oct 08 21:04:50.003422 2024] [:error] [pid 38176:tid 1280] [client ::1:60799] PHP Stack trace:, referer: http://localhost/projet_intra/
[Tue Oct 08 21:04:50.003422 2024] [:error] [pid 38176:tid 1280] [client ::1:60799] PHP   1. {main}() D:\\Web III\\UwAmp\\www\\Projet_Intra\\connexion.php:0, referer: http://localhost/projet_intra/
[Tue Oct 08 22:07:54.270033 2024] [:error] [pid 38176:tid 1304] [client ::1:63022] PHP Notice:  Undefined variable: pdo in D:\\Web III\\UwAmp\\www\\Projet_Intra\\connexion.php on line 20, referer: http://localhost/projet_intra/connexion.php
[Tue Oct 08 22:07:54.270033 2024] [:error] [pid 38176:tid 1304] [client ::1:63022] PHP Stack trace:, referer: http://localhost/projet_intra/connexion.php
[Tue Oct 08 22:07:54.270033 2024] [:error] [pid 38176:tid 1304] [client ::1:63022] PHP   1. {main}() D:\\Web III\\UwAmp\\www\\Projet_Intra\\connexion.php:0, referer: http://localhost/projet_intra/connexion.php
[Tue Oct 08 22:07:54.270534 2024] [:error] [pid 38176:tid 1304] [client ::1:63022] PHP Fatal error:  Call to a member function prepare() on null in D:\\Web III\\UwAmp\\www\\Projet_Intra\\connexion.php on line 20, referer: http://localhost/projet_intra/connexion.php
[Tue Oct 08 22:07:54.270534 2024] [:error] [pid 38176:tid 1304] [client ::1:63022] PHP Stack trace:, referer: http://localhost/projet_intra/connexion.php
[Tue Oct 08 22:07:54.270534 2024] [:error] [pid 38176:tid 1304] [client ::1:63022] PHP   1. {main}() D:\\Web III\\UwAmp\\www\\Projet_Intra\\connexion.php:0, referer: http://localhost/projet_intra/connexion.php
[Tue Oct 08 22:08:04.290240 2024] [:error] [pid 38176:tid 1304] [client ::1:63023] PHP Notice:  Undefined variable: pdo in D:\\Web III\\UwAmp\\www\\Projet_Intra\\connexion.php on line 20, referer: http://localhost/projet_intra/connexion.php
[Tue Oct 08 22:08:04.290240 2024] [:error] [pid 38176:tid 1304] [client ::1:63023] PHP Stack trace:, referer: http://localhost/projet_intra/connexion.php
[Tue Oct 08 22:08:04.290240 2024] [:error] [pid 38176:tid 1304] [client ::1:63023] PHP   1. {main}() D:\\Web III\\UwAmp\\www\\Projet_Intra\\connexion.php:0, referer: http://localhost/projet_intra/connexion.php
[Tue Oct 08 22:08:04.290240 2024] [:error] [pid 38176:tid 1304] [client ::1:63023] PHP Fatal error:  Call to a member function prepare() on null in D:\\Web III\\UwAmp\\www\\Projet_Intra\\connexion.php on line 20, referer: http://localhost/projet_intra/connexion.php
[Tue Oct 08 22:08:04.290240 2024] [:error] [pid 38176:tid 1304] [client ::1:63023] PHP Stack trace:, referer: http://localhost/projet_intra/connexion.php
[Tue Oct 08 22:08:04.290240 2024] [:error] [pid 38176:tid 1304] [client ::1:63023] PHP   1. {main}() D:\\Web III\\UwAmp\\www\\Projet_Intra\\connexion.php:0, referer: http://localhost/projet_intra/connexion.php
[Tue Oct 08 22:08:15.225036 2024] [:error] [pid 38176:tid 1304] [client ::1:63030] PHP Notice:  Undefined variable: pdo in D:\\Web III\\UwAmp\\www\\Projet_Intra\\connexion.php on line 20, referer: http://localhost/projet_intra/connexion.php
[Tue Oct 08 22:08:15.225036 2024] [:error] [pid 38176:tid 1304] [client ::1:63030] PHP Stack trace:, referer: http://localhost/projet_intra/connexion.php
[Tue Oct 08 22:08:15.225536 2024] [:error] [pid 38176:tid 1304] [client ::1:63030] PHP   1. {main}() D:\\Web III\\UwAmp\\www\\Projet_Intra\\connexion.php:0, referer: http://localhost/projet_intra/connexion.php
[Tue Oct 08 22:08:15.225536 2024] [:error] [pid 38176:tid 1304] [client ::1:63030] PHP Fatal error:  Call to a member function prepare() on null in D:\\Web III\\UwAmp\\www\\Projet_Intra\\connexion.php on line 20, referer: http://localhost/projet_intra/connexion.php
[Tue Oct 08 22:08:15.225536 2024] [:error] [pid 38176:tid 1304] [client ::1:63030] PHP Stack trace:, referer: http://localhost/projet_intra/connexion.php
[Tue Oct 08 22:08:15.225536 2024] [:error] [pid 38176:tid 1304] [client ::1:63030] PHP   1. {main}() D:\\Web III\\UwAmp\\www\\Projet_Intra\\connexion.php:0, referer: http://localhost/projet_intra/connexion.php
[Tue Oct 08 22:14:15.759300 2024] [:error] [pid 38176:tid 1304] [client ::1:63520] PHP Notice:  Undefined variable: pdo in D:\\Web III\\UwAmp\\www\\Projet_Intra\\connexion.php on line 20, referer: http://localhost/projet_intra/connexion.php
[Tue Oct 08 22:14:15.759300 2024] [:error] [pid 38176:tid 1304] [client ::1:63520] PHP Stack trace:, referer: http://localhost/projet_intra/connexion.php
[Tue Oct 08 22:14:15.759300 2024] [:error] [pid 38176:tid 1304] [client ::1:63520] PHP   1. {main}() D:\\Web III\\UwAmp\\www\\Projet_Intra\\connexion.php:0, referer: http://localhost/projet_intra/connexion.php
[Tue Oct 08 22:14:15.759300 2024] [:error] [pid 38176:tid 1304] [client ::1:63520] PHP Fatal error:  Call to a member function prepare() on null in D:\\Web III\\UwAmp\\www\\Projet_Intra\\connexion.php on line 20, referer: http://localhost/projet_intra/connexion.php
[Tue Oct 08 22:14:15.759300 2024] [:error] [pid 38176:tid 1304] [client ::1:63520] PHP Stack trace:, referer: http://localhost/projet_intra/connexion.php
[Tue Oct 08 22:14:15.759300 2024] [:error] [pid 38176:tid 1304] [client ::1:63520] PHP   1. {main}() D:\\Web III\\UwAmp\\www\\Projet_Intra\\connexion.php:0, referer: http://localhost/projet_intra/connexion.php
[Tue Oct 08 22:14:16.394256 2024] [:error] [pid 38176:tid 1304] [client ::1:63520] PHP Notice:  Undefined variable: pdo in D:\\Web III\\UwAmp\\www\\Projet_Intra\\connexion.php on line 20, referer: http://localhost/projet_intra/connexion.php
[Tue Oct 08 22:14:16.394757 2024] [:error] [pid 38176:tid 1304] [client ::1:63520] PHP Stack trace:, referer: http://localhost/projet_intra/connexion.php
[Tue Oct 08 22:14:16.394757 2024] [:error] [pid 38176:tid 1304] [client ::1:63520] PHP   1. {main}() D:\\Web III\\UwAmp\\www\\Projet_Intra\\connexion.php:0, referer: http://localhost/projet_intra/connexion.php
[Tue Oct 08 22:14:16.394757 2024] [:error] [pid 38176:tid 1304] [client ::1:63520] PHP Fatal error:  Call to a member function prepare() on null in D:\\Web III\\UwAmp\\www\\Projet_Intra\\connexion.php on line 20, referer: http://localhost/projet_intra/connexion.php
[Tue Oct 08 22:14:16.394757 2024] [:error] [pid 38176:tid 1304] [client ::1:63520] PHP Stack trace:, referer: http://localhost/projet_intra/connexion.php
[Tue Oct 08 22:14:16.394757 2024] [:error] [pid 38176:tid 1304] [client ::1:63520] PHP   1. {main}() D:\\Web III\\UwAmp\\www\\Projet_Intra\\connexion.php:0, referer: http://localhost/projet_intra/connexion.php
[Tue Oct 08 22:14:20.389273 2024] [:error] [pid 38176:tid 1304] [client ::1:63520] PHP Notice:  Undefined variable: pdo in D:\\Web III\\UwAmp\\www\\Projet_Intra\\connexion.php on line 20, referer: http://localhost/projet_intra/connexion.php
[Tue Oct 08 22:14:20.389273 2024] [:error] [pid 38176:tid 1304] [client ::1:63520] PHP Stack trace:, referer: http://localhost/projet_intra/connexion.php
[Tue Oct 08 22:14:20.389273 2024] [:error] [pid 38176:tid 1304] [client ::1:63520] PHP   1. {main}() D:\\Web III\\UwAmp\\www\\Projet_Intra\\connexion.php:0, referer: http://localhost/projet_intra/connexion.php
[Tue Oct 08 22:14:20.389273 2024] [:error] [pid 38176:tid 1304] [client ::1:63520] PHP Fatal error:  Call to a member function prepare() on null in D:\\Web III\\UwAmp\\www\\Projet_Intra\\connexion.php on line 20, referer: http://localhost/projet_intra/connexion.php
[Tue Oct 08 22:14:20.389273 2024] [:error] [pid 38176:tid 1304] [client ::1:63520] PHP Stack trace:, referer: http://localhost/projet_intra/connexion.php
[Tue Oct 08 22:14:20.389273 2024] [:error] [pid 38176:tid 1304] [client ::1:63520] PHP   1. {main}() D:\\Web III\\UwAmp\\www\\Projet_Intra\\connexion.php:0, referer: http://localhost/projet_intra/connexion.php
[Tue Oct 08 22:23:45.346380 2024] [:error] [pid 38176:tid 1304] [client ::1:63938] PHP Parse error:  syntax error, unexpected '<' in D:\\Web III\\UwAmp\\www\\Projet_Intra\\connexion.php on line 15, referer: http://localhost/projet_intra/connexion.php
[Tue Oct 08 22:23:58.218883 2024] [:error] [pid 38176:tid 1304] [client ::1:63939] PHP Warning:  require(db_connect.php): failed to open stream: No such file or directory in D:\\Web III\\UwAmp\\www\\Projet_Intra\\connexion.php on line 17, referer: http://localhost/projet_intra/connexion.php
[Tue Oct 08 22:23:58.218883 2024] [:error] [pid 38176:tid 1304] [client ::1:63939] PHP Stack trace:, referer: http://localhost/projet_intra/connexion.php
[Tue Oct 08 22:23:58.218883 2024] [:error] [pid 38176:tid 1304] [client ::1:63939] PHP   1. {main}() D:\\Web III\\UwAmp\\www\\Projet_Intra\\connexion.php:0, referer: http://localhost/projet_intra/connexion.php
[Tue Oct 08 22:23:58.218883 2024] [:error] [pid 38176:tid 1304] [client ::1:63939] PHP Fatal error:  require(): Failed opening required 'db_connect.php' (include_path='.;C:\\php\\pear') in D:\\Web III\\UwAmp\\www\\Projet_Intra\\connexion.php on line 17, referer: http://localhost/projet_intra/connexion.php
[Tue Oct 08 22:23:58.218883 2024] [:error] [pid 38176:tid 1304] [client ::1:63939] PHP Stack trace:, referer: http://localhost/projet_intra/connexion.php
[Tue Oct 08 22:23:58.218883 2024] [:error] [pid 38176:tid 1304] [client ::1:63939] PHP   1. {main}() D:\\Web III\\UwAmp\\www\\Projet_Intra\\connexion.php:0, referer: http://localhost/projet_intra/connexion.php
[Tue Oct 08 22:23:58.845118 2024] [:error] [pid 38176:tid 1304] [client ::1:63939] PHP Warning:  require(db_connect.php): failed to open stream: No such file or directory in D:\\Web III\\UwAmp\\www\\Projet_Intra\\connexion.php on line 17, referer: http://localhost/projet_intra/connexion.php
[Tue Oct 08 22:23:58.845617 2024] [:error] [pid 38176:tid 1304] [client ::1:63939] PHP Stack trace:, referer: http://localhost/projet_intra/connexion.php
[Tue Oct 08 22:23:58.845617 2024] [:error] [pid 38176:tid 1304] [client ::1:63939] PHP   1. {main}() D:\\Web III\\UwAmp\\www\\Projet_Intra\\connexion.php:0, referer: http://localhost/projet_intra/connexion.php
[Tue Oct 08 22:23:58.845617 2024] [:error] [pid 38176:tid 1304] [client ::1:63939] PHP Fatal error:  require(): Failed opening required 'db_connect.php' (include_path='.;C:\\php\\pear') in D:\\Web III\\UwAmp\\www\\Projet_Intra\\connexion.php on line 17, referer: http://localhost/projet_intra/connexion.php
[Tue Oct 08 22:23:58.845617 2024] [:error] [pid 38176:tid 1304] [client ::1:63939] PHP Stack trace:, referer: http://localhost/projet_intra/connexion.php
[Tue Oct 08 22:23:58.845617 2024] [:error] [pid 38176:tid 1304] [client ::1:63939] PHP   1. {main}() D:\\Web III\\UwAmp\\www\\Projet_Intra\\connexion.php:0, referer: http://localhost/projet_intra/connexion.php
[Tue Oct 08 22:23:59.020298 2024] [:error] [pid 38176:tid 1304] [client ::1:63939] PHP Warning:  require(db_connect.php): failed to open stream: No such file or directory in D:\\Web III\\UwAmp\\www\\Projet_Intra\\connexion.php on line 17, referer: http://localhost/projet_intra/connexion.php
[Tue Oct 08 22:23:59.020298 2024] [:error] [pid 38176:tid 1304] [client ::1:63939] PHP Stack trace:, referer: http://localhost/projet_intra/connexion.php
[Tue Oct 08 22:23:59.020298 2024] [:error] [pid 38176:tid 1304] [client ::1:63939] PHP   1. {main}() D:\\Web III\\UwAmp\\www\\Projet_Intra\\connexion.php:0, referer: http://localhost/projet_intra/connexion.php
[Tue Oct 08 22:23:59.020298 2024] [:error] [pid 38176:tid 1304] [client ::1:63939] PHP Fatal error:  require(): Failed opening required 'db_connect.php' (include_path='.;C:\\php\\pear') in D:\\Web III\\UwAmp\\www\\Projet_Intra\\connexion.php on line 17, referer: http://localhost/projet_intra/connexion.php
[Tue Oct 08 22:23:59.020298 2024] [:error] [pid 38176:tid 1304] [client ::1:63939] PHP Stack trace:, referer: http://localhost/projet_intra/connexion.php
[Tue Oct 08 22:23:59.020298 2024] [:error] [pid 38176:tid 1304] [client ::1:63939] PHP   1. {main}() D:\\Web III\\UwAmp\\www\\Projet_Intra\\connexion.php:0, referer: http://localhost/projet_intra/connexion.php
[Tue Oct 08 22:24:11.138287 2024] [:error] [pid 38176:tid 1304] [client ::1:63949] PHP Notice:  Undefined variable: pdo in D:\\Web III\\UwAmp\\www\\Projet_Intra\\connexion.php on line 24, referer: http://localhost/projet_intra/connexion.php
[Tue Oct 08 22:24:11.138287 2024] [:error] [pid 38176:tid 1304] [client ::1:63949] PHP Stack trace:, referer: http://localhost/projet_intra/connexion.php
[Tue Oct 08 22:24:11.138287 2024] [:error] [pid 38176:tid 1304] [client ::1:63949] PHP   1. {main}() D:\\Web III\\UwAmp\\www\\Projet_Intra\\connexion.php:0, referer: http://localhost/projet_intra/connexion.php
[Tue Oct 08 22:24:11.138287 2024] [:error] [pid 38176:tid 1304] [client ::1:63949] PHP Fatal error:  Call to a member function prepare() on null in D:\\Web III\\UwAmp\\www\\Projet_Intra\\connexion.php on line 24, referer: http://localhost/projet_intra/connexion.php
[Tue Oct 08 22:24:11.138287 2024] [:error] [pid 38176:tid 1304] [client ::1:63949] PHP Stack trace:, referer: http://localhost/projet_intra/connexion.php
[Tue Oct 08 22:24:11.138287 2024] [:error] [pid 38176:tid 1304] [client ::1:63949] PHP   1. {main}() D:\\Web III\\UwAmp\\www\\Projet_Intra\\connexion.php:0, referer: http://localhost/projet_intra/connexion.php
[Tue Oct 08 22:24:11.768328 2024] [:error] [pid 38176:tid 1304] [client ::1:63949] PHP Notice:  Undefined variable: pdo in D:\\Web III\\UwAmp\\www\\Projet_Intra\\connexion.php on line 24, referer: http://localhost/projet_intra/connexion.php
[Tue Oct 08 22:24:11.768328 2024] [:error] [pid 38176:tid 1304] [client ::1:63949] PHP Stack trace:, referer: http://localhost/projet_intra/connexion.php
[Tue Oct 08 22:24:11.768328 2024] [:error] [pid 38176:tid 1304] [client ::1:63949] PHP   1. {main}() D:\\Web III\\UwAmp\\www\\Projet_Intra\\connexion.php:0, referer: http://localhost/projet_intra/connexion.php
[Tue Oct 08 22:24:11.768328 2024] [:error] [pid 38176:tid 1304] [client ::1:63949] PHP Fatal error:  Call to a member function prepare() on null in D:\\Web III\\UwAmp\\www\\Projet_Intra\\connexion.php on line 24, referer: http://localhost/projet_intra/connexion.php
[Tue Oct 08 22:24:11.768328 2024] [:error] [pid 38176:tid 1304] [client ::1:63949] PHP Stack trace:, referer: http://localhost/projet_intra/connexion.php
[Tue Oct 08 22:24:11.768328 2024] [:error] [pid 38176:tid 1304] [client ::1:63949] PHP   1. {main}() D:\\Web III\\UwAmp\\www\\Projet_Intra\\connexion.php:0, referer: http://localhost/projet_intra/connexion.php
[Tue Oct 08 22:25:13.468473 2024] [:error] [pid 38176:tid 1304] [client ::1:63999] PHP Notice:  Undefined variable: pdo in D:\\Web III\\UwAmp\\www\\Projet_Intra\\connexion.php on line 24, referer: http://localhost/projet_intra/connexion.php
[Tue Oct 08 22:25:13.468473 2024] [:error] [pid 38176:tid 1304] [client ::1:63999] PHP Stack trace:, referer: http://localhost/projet_intra/connexion.php
[Tue Oct 08 22:25:13.468473 2024] [:error] [pid 38176:tid 1304] [client ::1:63999] PHP   1. {main}() D:\\Web III\\UwAmp\\www\\Projet_Intra\\connexion.php:0, referer: http://localhost/projet_intra/connexion.php
[Tue Oct 08 22:25:13.468473 2024] [:error] [pid 38176:tid 1304] [client ::1:63999] PHP Fatal error:  Call to a member function prepare() on null in D:\\Web III\\UwAmp\\www\\Projet_Intra\\connexion.php on line 24, referer: http://localhost/projet_intra/connexion.php
[Tue Oct 08 22:25:13.468473 2024] [:error] [pid 38176:tid 1304] [client ::1:63999] PHP Stack trace:, referer: http://localhost/projet_intra/connexion.php
[Tue Oct 08 22:25:13.468473 2024] [:error] [pid 38176:tid 1304] [client ::1:63999] PHP   1. {main}() D:\\Web III\\UwAmp\\www\\Projet_Intra\\connexion.php:0, referer: http://localhost/projet_intra/connexion.php
[Tue Oct 08 22:25:13.922529 2024] [:error] [pid 38176:tid 1304] [client ::1:63999] PHP Notice:  Undefined variable: pdo in D:\\Web III\\UwAmp\\www\\Projet_Intra\\connexion.php on line 24, referer: http://localhost/projet_intra/connexion.php
[Tue Oct 08 22:25:13.922529 2024] [:error] [pid 38176:tid 1304] [client ::1:63999] PHP Stack trace:, referer: http://localhost/projet_intra/connexion.php
[Tue Oct 08 22:25:13.922529 2024] [:error] [pid 38176:tid 1304] [client ::1:63999] PHP   1. {main}() D:\\Web III\\UwAmp\\www\\Projet_Intra\\connexion.php:0, referer: http://localhost/projet_intra/connexion.php
[Tue Oct 08 22:25:13.922529 2024] [:error] [pid 38176:tid 1304] [client ::1:63999] PHP Fatal error:  Call to a member function prepare() on null in D:\\Web III\\UwAmp\\www\\Projet_Intra\\connexion.php on line 24, referer: http://localhost/projet_intra/connexion.php
[Tue Oct 08 22:25:13.922529 2024] [:error] [pid 38176:tid 1304] [client ::1:63999] PHP Stack trace:, referer: http://localhost/projet_intra/connexion.php
[Tue Oct 08 22:25:13.922529 2024] [:error] [pid 38176:tid 1304] [client ::1:63999] PHP   1. {main}() D:\\Web III\\UwAmp\\www\\Projet_Intra\\connexion.php:0, referer: http://localhost/projet_intra/connexion.php
[Tue Oct 08 22:33:01.613791 2024] [:error] [pid 38176:tid 1304] [client ::1:64278] PHP Notice:  Undefined index: password in D:\\Web III\\UwAmp\\www\\Projet_Intra\\connexion.php on line 15, referer: http://localhost/projet_intra/connexion.php
[Tue Oct 08 22:33:01.613791 2024] [:error] [pid 38176:tid 1304] [client ::1:64278] PHP Stack trace:, referer: http://localhost/projet_intra/connexion.php
[Tue Oct 08 22:33:01.613791 2024] [:error] [pid 38176:tid 1304] [client ::1:64278] PHP   1. {main}() D:\\Web III\\UwAmp\\www\\Projet_Intra\\connexion.php:0, referer: http://localhost/projet_intra/connexion.php
[Tue Oct 08 22:33:56.327858 2024] [:error] [pid 38176:tid 1304] [client ::1:64279] PHP Notice:  Undefined index: password in D:\\Web III\\UwAmp\\www\\Projet_Intra\\connexion.php on line 15, referer: http://localhost/projet_intra/connexion.php
[Tue Oct 08 22:33:56.327858 2024] [:error] [pid 38176:tid 1304] [client ::1:64279] PHP Stack trace:, referer: http://localhost/projet_intra/connexion.php
[Tue Oct 08 22:33:56.327858 2024] [:error] [pid 38176:tid 1304] [client ::1:64279] PHP   1. {main}() D:\\Web III\\UwAmp\\www\\Projet_Intra\\connexion.php:0, referer: http://localhost/projet_intra/connexion.php
[Tue Oct 08 23:08:37.343979 2024] [:error] [pid 38176:tid 1304] [client ::1:49319] PHP Parse error:  syntax error, unexpected '}' in D:\\Web III\\UwAmp\\www\\Projet_Intra\\connexion.php on line 28, referer: http://localhost/projet_intra/connexion.php
[Tue Oct 08 23:08:38.012259 2024] [:error] [pid 38176:tid 1304] [client ::1:49319] PHP Parse error:  syntax error, unexpected '}' in D:\\Web III\\UwAmp\\www\\Projet_Intra\\connexion.php on line 28, referer: http://localhost/projet_intra/connexion.php
[Tue Oct 08 23:08:38.432285 2024] [:error] [pid 38176:tid 1304] [client ::1:49319] PHP Parse error:  syntax error, unexpected '}' in D:\\Web III\\UwAmp\\www\\Projet_Intra\\connexion.php on line 28, referer: http://localhost/projet_intra/connexion.php
[Tue Oct 08 23:13:53.564781 2024] [:error] [pid 38176:tid 1304] [client ::1:49623] PHP Parse error:  syntax error, unexpected '}' in D:\\Web III\\UwAmp\\www\\Projet_Intra\\connexion.php on line 28, referer: http://localhost/projet_intra/
[Tue Oct 08 23:15:50.545860 2024] [:error] [pid 38176:tid 1304] [client ::1:49787] PHP Parse error:  syntax error, unexpected '}' in D:\\Web III\\UwAmp\\www\\Projet_Intra\\connexion.php on line 28, referer: http://localhost/projet_intra/
[Tue Oct 08 23:23:35.236656 2024] [mpm_winnt:crit] [pid 38176:tid 612] AH02538: Child: Parent process exited abruptly. Child process is ending
[Wed Oct 09 18:56:51.815687 2024] [ssl:warn] [pid 10468:tid 592] AH01906: main-serveur:443:0 server certificate is a CA certificate (BasicConstraints: CA == TRUE !?)
[Wed Oct 09 18:56:51.815687 2024] [ssl:warn] [pid 10468:tid 592] AH01909: main-serveur:443:0 server certificate does NOT include an ID which matches the server name
[Wed Oct 09 18:56:51.873437 2024] [core:warn] [pid 10468:tid 592] AH00098: pid file D:/Web III/UwAmp/bin/apache/logs/httpd.pid overwritten -- Unclean shutdown of previous Apache run?
[Wed Oct 09 18:56:51.968908 2024] [ssl:warn] [pid 10468:tid 592] AH01873: Init: Session Cache is not configured [hint: SSLSessionCache]
[Wed Oct 09 18:56:51.968908 2024] [ssl:warn] [pid 10468:tid 592] AH01906: main-serveur:443:0 server certificate is a CA certificate (BasicConstraints: CA == TRUE !?)
[Wed Oct 09 18:56:51.968908 2024] [ssl:warn] [pid 10468:tid 592] AH01909: main-serveur:443:0 server certificate does NOT include an ID which matches the server name
[Wed Oct 09 18:57:06.902251 2024] [mpm_winnt:notice] [pid 10468:tid 592] AH00455: Apache/2.4.18 (Win32) OpenSSL/1.0.2f PHP/5.6.18 configured -- resuming normal operations
[Wed Oct 09 18:57:06.902251 2024] [mpm_winnt:notice] [pid 10468:tid 592] AH00456: Server built: Jan 28 2016 09:58:25
[Wed Oct 09 18:57:06.902251 2024] [core:notice] [pid 10468:tid 592] AH00094: Command line: 'D:\\Web III\\UwAmp\\bin\\apache\\bin\\httpd.exe -d D:/Web III/UwAmp/bin/apache -f D:\\Web III\\UwAmp\\bin\\apache\\conf\\httpd.conf'
[Wed Oct 09 18:57:06.918248 2024] [mpm_winnt:notice] [pid 10468:tid 592] AH00418: Parent: Created child process 8924
[Wed Oct 09 18:57:07.612504 2024] [ssl:warn] [pid 8924:tid 612] AH01906: main-serveur:443:0 server certificate is a CA certificate (BasicConstraints: CA == TRUE !?)
[Wed Oct 09 18:57:07.612504 2024] [ssl:warn] [pid 8924:tid 612] AH01909: main-serveur:443:0 server certificate does NOT include an ID which matches the server name
[Wed Oct 09 18:57:09.503291 2024] [ssl:warn] [pid 8924:tid 612] AH01873: Init: Session Cache is not configured [hint: SSLSessionCache]
[Wed Oct 09 18:57:09.503291 2024] [ssl:warn] [pid 8924:tid 612] AH01906: main-serveur:443:0 server certificate is a CA certificate (BasicConstraints: CA == TRUE !?)
[Wed Oct 09 18:57:09.503291 2024] [ssl:warn] [pid 8924:tid 612] AH01909: main-serveur:443:0 server certificate does NOT include an ID which matches the server name
[Wed Oct 09 18:57:09.576687 2024] [mpm_winnt:notice] [pid 8924:tid 612] AH00354: Child: Starting 64 worker threads.
[Wed Oct 09 19:52:15.718217 2024] [mpm_winnt:crit] [pid 8924:tid 612] AH02538: Child: Parent process exited abruptly. Child process is ending
[Wed Oct 09 19:52:26.064112 2024] [ssl:warn] [pid 21396:tid 600] AH01906: main-serveur:443:0 server certificate is a CA certificate (BasicConstraints: CA == TRUE !?)
[Wed Oct 09 19:52:26.064112 2024] [ssl:warn] [pid 21396:tid 600] AH01909: main-serveur:443:0 server certificate does NOT include an ID which matches the server name
[Wed Oct 09 19:52:26.108486 2024] [core:warn] [pid 21396:tid 600] AH00098: pid file D:/Web III/UwAmp/bin/apache/logs/httpd.pid overwritten -- Unclean shutdown of previous Apache run?
[Wed Oct 09 19:52:26.198824 2024] [ssl:warn] [pid 21396:tid 600] AH01873: Init: Session Cache is not configured [hint: SSLSessionCache]
[Wed Oct 09 19:52:26.198824 2024] [ssl:warn] [pid 21396:tid 600] AH01906: main-serveur:443:0 server certificate is a CA certificate (BasicConstraints: CA == TRUE !?)
[Wed Oct 09 19:52:26.198824 2024] [ssl:warn] [pid 21396:tid 600] AH01909: main-serveur:443:0 server certificate does NOT include an ID which matches the server name
[Wed Oct 09 19:52:26.231429 2024] [mpm_winnt:notice] [pid 21396:tid 600] AH00455: Apache/2.4.18 (Win32) OpenSSL/1.0.2f PHP/5.6.18 configured -- resuming normal operations
[Wed Oct 09 19:52:26.231429 2024] [mpm_winnt:notice] [pid 21396:tid 600] AH00456: Server built: Jan 28 2016 09:58:25
[Wed Oct 09 19:52:26.231429 2024] [core:notice] [pid 21396:tid 600] AH00094: Command line: 'D:\\Web III\\UwAmp\\bin\\apache\\bin\\httpd.exe -d D:/Web III/UwAmp/bin/apache -f D:\\Web III\\UwAmp\\bin\\apache\\conf\\httpd.conf'
[Wed Oct 09 19:52:26.239582 2024] [mpm_winnt:notice] [pid 21396:tid 600] AH00418: Parent: Created child process 4884
[Wed Oct 09 19:52:26.913367 2024] [ssl:warn] [pid 4884:tid 632] AH01906: main-serveur:443:0 server certificate is a CA certificate (BasicConstraints: CA == TRUE !?)
[Wed Oct 09 19:52:26.921361 2024] [ssl:warn] [pid 4884:tid 632] AH01909: main-serveur:443:0 server certificate does NOT include an ID which matches the server name
[Wed Oct 09 19:52:27.022148 2024] [ssl:warn] [pid 4884:tid 632] AH01873: Init: Session Cache is not configured [hint: SSLSessionCache]
[Wed Oct 09 19:52:27.022148 2024] [ssl:warn] [pid 4884:tid 632] AH01906: main-serveur:443:0 server certificate is a CA certificate (BasicConstraints: CA == TRUE !?)
[Wed Oct 09 19:52:27.022148 2024] [ssl:warn] [pid 4884:tid 632] AH01909: main-serveur:443:0 server certificate does NOT include an ID which matches the server name
[Wed Oct 09 19:52:27.056915 2024] [mpm_winnt:notice] [pid 4884:tid 632] AH00354: Child: Starting 64 worker threads.
[Wed Oct 09 19:52:36.161039 2024] [mpm_winnt:crit] [pid 4884:tid 632] AH02538: Child: Parent process exited abruptly. Child process is ending
[Wed Oct 09 19:52:46.803473 2024] [ssl:warn] [pid 15412:tid 620] AH01906: main-serveur:443:0 server certificate is a CA certificate (BasicConstraints: CA == TRUE !?)
[Wed Oct 09 19:52:46.803473 2024] [ssl:warn] [pid 15412:tid 620] AH01909: main-serveur:443:0 server certificate does NOT include an ID which matches the server name
[Wed Oct 09 19:52:50.377531 2024] [core:warn] [pid 15412:tid 620] AH00098: pid file D:/Web III/UwAmp/bin/apache/logs/httpd.pid overwritten -- Unclean shutdown of previous Apache run?
[Wed Oct 09 19:52:50.582380 2024] [ssl:warn] [pid 15412:tid 620] AH01873: Init: Session Cache is not configured [hint: SSLSessionCache]
[Wed Oct 09 19:52:50.582380 2024] [ssl:warn] [pid 15412:tid 620] AH01906: main-serveur:443:0 server certificate is a CA certificate (BasicConstraints: CA == TRUE !?)
[Wed Oct 09 19:52:50.582380 2024] [ssl:warn] [pid 15412:tid 620] AH01909: main-serveur:443:0 server certificate does NOT include an ID which matches the server name
[Wed Oct 09 19:52:50.620478 2024] [mpm_winnt:notice] [pid 15412:tid 620] AH00455: Apache/2.4.18 (Win32) OpenSSL/1.0.2f PHP/5.6.18 configured -- resuming normal operations
[Wed Oct 09 19:52:50.620478 2024] [mpm_winnt:notice] [pid 15412:tid 620] AH00456: Server built: Jan 28 2016 09:58:25
[Wed Oct 09 19:52:50.620478 2024] [core:notice] [pid 15412:tid 620] AH00094: Command line: 'D:\\Web III\\UwAmp\\bin\\apache\\bin\\httpd.exe -d D:/Web III/UwAmp/bin/apache -f D:\\Web III\\UwAmp\\bin\\apache\\conf\\httpd.conf'
[Wed Oct 09 19:52:50.622527 2024] [mpm_winnt:notice] [pid 15412:tid 620] AH00418: Parent: Created child process 11332
[Wed Oct 09 19:52:51.382851 2024] [ssl:warn] [pid 11332:tid 616] AH01906: main-serveur:443:0 server certificate is a CA certificate (BasicConstraints: CA == TRUE !?)
[Wed Oct 09 19:52:51.382851 2024] [ssl:warn] [pid 11332:tid 616] AH01909: main-serveur:443:0 server certificate does NOT include an ID which matches the server name
[Wed Oct 09 19:52:51.502538 2024] [ssl:warn] [pid 11332:tid 616] AH01873: Init: Session Cache is not configured [hint: SSLSessionCache]
[Wed Oct 09 19:52:51.502538 2024] [ssl:warn] [pid 11332:tid 616] AH01906: main-serveur:443:0 server certificate is a CA certificate (BasicConstraints: CA == TRUE !?)
[Wed Oct 09 19:52:51.502538 2024] [ssl:warn] [pid 11332:tid 616] AH01909: main-serveur:443:0 server certificate does NOT include an ID which matches the server name
[Wed Oct 09 19:52:51.542203 2024] [mpm_winnt:notice] [pid 11332:tid 616] AH00354: Child: Starting 64 worker threads.
[Mon Oct 21 12:38:41.286073 2024] [ssl:warn] [pid 14776:tid 248] AH01906: main-serveur:443:0 server certificate is a CA certificate (BasicConstraints: CA == TRUE !?)
[Mon Oct 21 12:38:41.292064 2024] [ssl:warn] [pid 14776:tid 248] AH01909: main-serveur:443:0 server certificate does NOT include an ID which matches the server name
[Mon Oct 21 12:38:41.327184 2024] [core:warn] [pid 14776:tid 248] AH00098: pid file D:/Web III/UwAmp/bin/apache/logs/httpd.pid overwritten -- Unclean shutdown of previous Apache run?
[Mon Oct 21 12:38:41.443565 2024] [ssl:warn] [pid 14776:tid 248] AH01873: Init: Session Cache is not configured [hint: SSLSessionCache]
[Mon Oct 21 12:38:41.443565 2024] [ssl:warn] [pid 14776:tid 248] AH01906: main-serveur:443:0 server certificate is a CA certificate (BasicConstraints: CA == TRUE !?)
[Mon Oct 21 12:38:41.443565 2024] [ssl:warn] [pid 14776:tid 248] AH01909: main-serveur:443:0 server certificate does NOT include an ID which matches the server name
[Mon Oct 21 12:38:46.874930 2024] [mpm_winnt:notice] [pid 14776:tid 248] AH00455: Apache/2.4.18 (Win32) OpenSSL/1.0.2f PHP/5.6.18 configured -- resuming normal operations
[Mon Oct 21 12:38:46.874930 2024] [mpm_winnt:notice] [pid 14776:tid 248] AH00456: Server built: Jan 28 2016 09:58:25
[Mon Oct 21 12:38:46.874930 2024] [core:notice] [pid 14776:tid 248] AH00094: Command line: 'D:\\Web III\\UwAmp\\bin\\apache\\bin\\httpd.exe -d D:/Web III/UwAmp/bin/apache -f D:\\Web III\\UwAmp\\bin\\apache\\conf\\httpd.conf'
[Mon Oct 21 12:38:46.882009 2024] [mpm_winnt:notice] [pid 14776:tid 248] AH00418: Parent: Created child process 10840
[Mon Oct 21 12:38:47.829329 2024] [ssl:warn] [pid 10840:tid 656] AH01906: main-serveur:443:0 server certificate is a CA certificate (BasicConstraints: CA == TRUE !?)
[Mon Oct 21 12:38:47.829329 2024] [ssl:warn] [pid 10840:tid 656] AH01909: main-serveur:443:0 server certificate does NOT include an ID which matches the server name
[Mon Oct 21 12:38:47.942519 2024] [ssl:warn] [pid 10840:tid 656] AH01873: Init: Session Cache is not configured [hint: SSLSessionCache]
[Mon Oct 21 12:38:47.942519 2024] [ssl:warn] [pid 10840:tid 656] AH01906: main-serveur:443:0 server certificate is a CA certificate (BasicConstraints: CA == TRUE !?)
[Mon Oct 21 12:38:47.942519 2024] [ssl:warn] [pid 10840:tid 656] AH01909: main-serveur:443:0 server certificate does NOT include an ID which matches the server name
[Mon Oct 21 12:38:47.999535 2024] [mpm_winnt:notice] [pid 10840:tid 656] AH00354: Child: Starting 64 worker threads.
[Mon Oct 21 12:55:13.472353 2024] [mpm_winnt:crit] [pid 10840:tid 656] AH02538: Child: Parent process exited abruptly. Child process is ending
[Mon Oct 21 12:57:23.813033 2024] [ssl:warn] [pid 4648:tid 636] AH01906: main-serveur:443:0 server certificate is a CA certificate (BasicConstraints: CA == TRUE !?)
[Mon Oct 21 12:57:23.813033 2024] [ssl:warn] [pid 4648:tid 636] AH01909: main-serveur:443:0 server certificate does NOT include an ID which matches the server name
[Mon Oct 21 12:57:23.837799 2024] [core:warn] [pid 4648:tid 636] AH00098: pid file D:/Web III/UwAmp/bin/apache/logs/httpd.pid overwritten -- Unclean shutdown of previous Apache run?
[Mon Oct 21 12:57:23.941383 2024] [ssl:warn] [pid 4648:tid 636] AH01873: Init: Session Cache is not configured [hint: SSLSessionCache]
[Mon Oct 21 12:57:23.941926 2024] [ssl:warn] [pid 4648:tid 636] AH01906: main-serveur:443:0 server certificate is a CA certificate (BasicConstraints: CA == TRUE !?)
[Mon Oct 21 12:57:23.941926 2024] [ssl:warn] [pid 4648:tid 636] AH01909: main-serveur:443:0 server certificate does NOT include an ID which matches the server name
[Mon Oct 21 12:57:23.966999 2024] [mpm_winnt:notice] [pid 4648:tid 636] AH00455: Apache/2.4.18 (Win32) OpenSSL/1.0.2f PHP/5.6.18 configured -- resuming normal operations
[Mon Oct 21 12:57:23.966999 2024] [mpm_winnt:notice] [pid 4648:tid 636] AH00456: Server built: Jan 28 2016 09:58:25
[Mon Oct 21 12:57:23.966999 2024] [core:notice] [pid 4648:tid 636] AH00094: Command line: 'D:\\Web III\\UwAmp\\bin\\apache\\bin\\httpd.exe -d D:/Web III/UwAmp/bin/apache -f D:\\Web III\\UwAmp\\bin\\apache\\conf\\httpd.conf'
[Mon Oct 21 12:57:23.974478 2024] [mpm_winnt:notice] [pid 4648:tid 636] AH00418: Parent: Created child process 20716
[Mon Oct 21 12:57:24.869582 2024] [ssl:warn] [pid 20716:tid 244] AH01906: main-serveur:443:0 server certificate is a CA certificate (BasicConstraints: CA == TRUE !?)
[Mon Oct 21 12:57:24.870582 2024] [ssl:warn] [pid 20716:tid 244] AH01909: main-serveur:443:0 server certificate does NOT include an ID which matches the server name
[Mon Oct 21 12:57:24.984018 2024] [ssl:warn] [pid 20716:tid 244] AH01873: Init: Session Cache is not configured [hint: SSLSessionCache]
[Mon Oct 21 12:57:24.984018 2024] [ssl:warn] [pid 20716:tid 244] AH01906: main-serveur:443:0 server certificate is a CA certificate (BasicConstraints: CA == TRUE !?)
[Mon Oct 21 12:57:24.984018 2024] [ssl:warn] [pid 20716:tid 244] AH01909: main-serveur:443:0 server certificate does NOT include an ID which matches the server name
[Mon Oct 21 12:57:25.011766 2024] [mpm_winnt:notice] [pid 20716:tid 244] AH00354: Child: Starting 64 worker threads.
[Mon Oct 21 14:51:54.874483 2024] [mpm_winnt:crit] [pid 20716:tid 244] AH02538: Child: Parent process exited abruptly. Child process is ending
[Tue Oct 22 15:07:46.789532 2024] [ssl:warn] [pid 8556:tid 696] AH01906: main-serveur:443:0 server certificate is a CA certificate (BasicConstraints: CA == TRUE !?)
[Tue Oct 22 15:07:46.793532 2024] [ssl:warn] [pid 8556:tid 696] AH01909: main-serveur:443:0 server certificate does NOT include an ID which matches the server name
[Tue Oct 22 15:07:46.828485 2024] [core:warn] [pid 8556:tid 696] AH00098: pid file E:/Web III/UwAmp/bin/apache/logs/httpd.pid overwritten -- Unclean shutdown of previous Apache run?
[Tue Oct 22 15:07:46.920634 2024] [ssl:warn] [pid 8556:tid 696] AH01873: Init: Session Cache is not configured [hint: SSLSessionCache]
[Tue Oct 22 15:07:46.921633 2024] [ssl:warn] [pid 8556:tid 696] AH01906: main-serveur:443:0 server certificate is a CA certificate (BasicConstraints: CA == TRUE !?)
[Tue Oct 22 15:07:46.921633 2024] [ssl:warn] [pid 8556:tid 696] AH01909: main-serveur:443:0 server certificate does NOT include an ID which matches the server name
[Tue Oct 22 15:07:48.927145 2024] [mpm_winnt:notice] [pid 8556:tid 696] AH00455: Apache/2.4.18 (Win32) OpenSSL/1.0.2f PHP/5.6.18 configured -- resuming normal operations
[Tue Oct 22 15:07:48.927145 2024] [mpm_winnt:notice] [pid 8556:tid 696] AH00456: Server built: Jan 28 2016 09:58:25
[Tue Oct 22 15:07:48.927145 2024] [core:notice] [pid 8556:tid 696] AH00094: Command line: 'E:\\Web III\\UwAmp\\bin\\apache\\bin\\httpd.exe -d E:/Web III/UwAmp/bin/apache -f E:\\Web III\\UwAmp\\bin\\apache\\conf\\httpd.conf'
[Tue Oct 22 15:07:48.935145 2024] [mpm_winnt:notice] [pid 8556:tid 696] AH00418: Parent: Created child process 7964
[Tue Oct 22 15:07:49.922825 2024] [ssl:warn] [pid 7964:tid 692] AH01906: main-serveur:443:0 server certificate is a CA certificate (BasicConstraints: CA == TRUE !?)
[Tue Oct 22 15:07:49.923824 2024] [ssl:warn] [pid 7964:tid 692] AH01909: main-serveur:443:0 server certificate does NOT include an ID which matches the server name
[Tue Oct 22 15:07:50.031745 2024] [ssl:warn] [pid 7964:tid 692] AH01873: Init: Session Cache is not configured [hint: SSLSessionCache]
[Tue Oct 22 15:07:50.032772 2024] [ssl:warn] [pid 7964:tid 692] AH01906: main-serveur:443:0 server certificate is a CA certificate (BasicConstraints: CA == TRUE !?)
[Tue Oct 22 15:07:50.032772 2024] [ssl:warn] [pid 7964:tid 692] AH01909: main-serveur:443:0 server certificate does NOT include an ID which matches the server name
[Tue Oct 22 15:07:50.091728 2024] [mpm_winnt:notice] [pid 7964:tid 692] AH00354: Child: Starting 64 worker threads.
[Tue Oct 22 15:07:54.845340 2024] [mpm_winnt:crit] [pid 7964:tid 692] AH02538: Child: Parent process exited abruptly. Child process is ending
[Tue Oct 22 15:32:01.769726 2024] [ssl:warn] [pid 19108:tid 676] AH01906: main-serveur:443:0 server certificate is a CA certificate (BasicConstraints: CA == TRUE !?)
[Tue Oct 22 15:32:01.771759 2024] [ssl:warn] [pid 19108:tid 676] AH01909: main-serveur:443:0 server certificate does NOT include an ID which matches the server name
[Tue Oct 22 15:32:01.808158 2024] [core:warn] [pid 19108:tid 676] AH00098: pid file E:/Web III/UwAmp/bin/apache/logs/httpd.pid overwritten -- Unclean shutdown of previous Apache run?
[Tue Oct 22 15:32:01.887324 2024] [ssl:warn] [pid 19108:tid 676] AH01873: Init: Session Cache is not configured [hint: SSLSessionCache]
[Tue Oct 22 15:32:01.888324 2024] [ssl:warn] [pid 19108:tid 676] AH01906: main-serveur:443:0 server certificate is a CA certificate (BasicConstraints: CA == TRUE !?)
[Tue Oct 22 15:32:01.888324 2024] [ssl:warn] [pid 19108:tid 676] AH01909: main-serveur:443:0 server certificate does NOT include an ID which matches the server name
[Tue Oct 22 15:32:02.510238 2024] [mpm_winnt:notice] [pid 19108:tid 676] AH00455: Apache/2.4.18 (Win32) OpenSSL/1.0.2f PHP/5.6.18 configured -- resuming normal operations
[Tue Oct 22 15:32:02.510238 2024] [mpm_winnt:notice] [pid 19108:tid 676] AH00456: Server built: Jan 28 2016 09:58:25
[Tue Oct 22 15:32:02.510238 2024] [core:notice] [pid 19108:tid 676] AH00094: Command line: 'E:\\Web III\\UwAmp\\bin\\apache\\bin\\httpd.exe -d E:/Web III/UwAmp/bin/apache -f E:\\Web III\\UwAmp\\bin\\apache\\conf\\httpd.conf'
[Tue Oct 22 15:32:02.518746 2024] [mpm_winnt:notice] [pid 19108:tid 676] AH00418: Parent: Created child process 2028
[Tue Oct 22 15:32:03.448802 2024] [ssl:warn] [pid 2028:tid 688] AH01906: main-serveur:443:0 server certificate is a CA certificate (BasicConstraints: CA == TRUE !?)
[Tue Oct 22 15:32:03.448802 2024] [ssl:warn] [pid 2028:tid 688] AH01909: main-serveur:443:0 server certificate does NOT include an ID which matches the server name
[Tue Oct 22 15:32:03.554555 2024] [ssl:warn] [pid 2028:tid 688] AH01873: Init: Session Cache is not configured [hint: SSLSessionCache]
[Tue Oct 22 15:32:03.555556 2024] [ssl:warn] [pid 2028:tid 688] AH01906: main-serveur:443:0 server certificate is a CA certificate (BasicConstraints: CA == TRUE !?)
[Tue Oct 22 15:32:03.555556 2024] [ssl:warn] [pid 2028:tid 688] AH01909: main-serveur:443:0 server certificate does NOT include an ID which matches the server name
[Tue Oct 22 15:32:03.590363 2024] [mpm_winnt:notice] [pid 2028:tid 688] AH00354: Child: Starting 64 worker threads.
[Tue Oct 22 17:02:35.574911 2024] [mpm_winnt:crit] [pid 2028:tid 688] AH02538: Child: Parent process exited abruptly. Child process is ending
[Mon Oct 28 12:14:09.320162 2024] [ssl:warn] [pid 27888:tid 644] AH01906: main-serveur:443:0 server certificate is a CA certificate (BasicConstraints: CA == TRUE !?)
[Mon Oct 28 12:14:09.325503 2024] [ssl:warn] [pid 27888:tid 644] AH01909: main-serveur:443:0 server certificate does NOT include an ID which matches the server name
[Mon Oct 28 12:14:09.367241 2024] [core:warn] [pid 27888:tid 644] AH00098: pid file D:/Web III/UwAmp/bin/apache/logs/httpd.pid overwritten -- Unclean shutdown of previous Apache run?
[Mon Oct 28 12:14:09.453054 2024] [ssl:warn] [pid 27888:tid 644] AH01873: Init: Session Cache is not configured [hint: SSLSessionCache]
[Mon Oct 28 12:14:09.453054 2024] [ssl:warn] [pid 27888:tid 644] AH01906: main-serveur:443:0 server certificate is a CA certificate (BasicConstraints: CA == TRUE !?)
[Mon Oct 28 12:14:09.453054 2024] [ssl:warn] [pid 27888:tid 644] AH01909: main-serveur:443:0 server certificate does NOT include an ID which matches the server name
[Mon Oct 28 12:14:12.356501 2024] [mpm_winnt:notice] [pid 27888:tid 644] AH00455: Apache/2.4.18 (Win32) OpenSSL/1.0.2f PHP/5.6.18 configured -- resuming normal operations
[Mon Oct 28 12:14:12.356501 2024] [mpm_winnt:notice] [pid 27888:tid 644] AH00456: Server built: Jan 28 2016 09:58:25
[Mon Oct 28 12:14:12.356501 2024] [core:notice] [pid 27888:tid 644] AH00094: Command line: 'D:\\Web III\\UwAmp\\bin\\apache\\bin\\httpd.exe -d D:/Web III/UwAmp/bin/apache -f D:\\Web III\\UwAmp\\bin\\apache\\conf\\httpd.conf'
[Mon Oct 28 12:14:12.362644 2024] [mpm_winnt:notice] [pid 27888:tid 644] AH00418: Parent: Created child process 31640
[Mon Oct 28 12:14:13.616383 2024] [ssl:warn] [pid 31640:tid 676] AH01906: main-serveur:443:0 server certificate is a CA certificate (BasicConstraints: CA == TRUE !?)
[Mon Oct 28 12:14:13.616383 2024] [ssl:warn] [pid 31640:tid 676] AH01909: main-serveur:443:0 server certificate does NOT include an ID which matches the server name
[Mon Oct 28 12:14:13.725801 2024] [ssl:warn] [pid 31640:tid 676] AH01873: Init: Session Cache is not configured [hint: SSLSessionCache]
[Mon Oct 28 12:14:13.726804 2024] [ssl:warn] [pid 31640:tid 676] AH01906: main-serveur:443:0 server certificate is a CA certificate (BasicConstraints: CA == TRUE !?)
[Mon Oct 28 12:14:13.726804 2024] [ssl:warn] [pid 31640:tid 676] AH01909: main-serveur:443:0 server certificate does NOT include an ID which matches the server name
[Mon Oct 28 12:14:13.754027 2024] [mpm_winnt:notice] [pid 31640:tid 676] AH00354: Child: Starting 64 worker threads.
[Mon Oct 28 14:42:24.862238 2024] [mpm_winnt:crit] [pid 31640:tid 676] AH02538: Child: Parent process exited abruptly. Child process is ending
[Tue Oct 29 17:07:16.174548 2024] [ssl:warn] [pid 18040:tid 488] AH01906: main-serveur:443:0 server certificate is a CA certificate (BasicConstraints: CA == TRUE !?)
[Tue Oct 29 17:07:16.179440 2024] [ssl:warn] [pid 18040:tid 488] AH01909: main-serveur:443:0 server certificate does NOT include an ID which matches the server name
[Tue Oct 29 17:07:16.231739 2024] [core:warn] [pid 18040:tid 488] AH00098: pid file E:/Web III/UwAmp/bin/apache/logs/httpd.pid overwritten -- Unclean shutdown of previous Apache run?
[Tue Oct 29 17:07:16.317979 2024] [ssl:warn] [pid 18040:tid 488] AH01873: Init: Session Cache is not configured [hint: SSLSessionCache]
[Tue Oct 29 17:07:16.318979 2024] [ssl:warn] [pid 18040:tid 488] AH01906: main-serveur:443:0 server certificate is a CA certificate (BasicConstraints: CA == TRUE !?)
[Tue Oct 29 17:07:16.318979 2024] [ssl:warn] [pid 18040:tid 488] AH01909: main-serveur:443:0 server certificate does NOT include an ID which matches the server name
[Tue Oct 29 17:07:28.728663 2024] [mpm_winnt:notice] [pid 18040:tid 488] AH00455: Apache/2.4.18 (Win32) OpenSSL/1.0.2f PHP/5.6.18 configured -- resuming normal operations
[Tue Oct 29 17:07:28.728663 2024] [mpm_winnt:notice] [pid 18040:tid 488] AH00456: Server built: Jan 28 2016 09:58:25
[Tue Oct 29 17:07:28.728663 2024] [core:notice] [pid 18040:tid 488] AH00094: Command line: 'E:\\Web III\\UwAmp\\bin\\apache\\bin\\httpd.exe -d E:/Web III/UwAmp/bin/apache -f E:\\Web III\\UwAmp\\bin\\apache\\conf\\httpd.conf'
[Tue Oct 29 17:07:28.747297 2024] [mpm_winnt:notice] [pid 18040:tid 488] AH00418: Parent: Created child process 15100
[Tue Oct 29 17:07:29.679688 2024] [ssl:warn] [pid 15100:tid 680] AH01906: main-serveur:443:0 server certificate is a CA certificate (BasicConstraints: CA == TRUE !?)
[Tue Oct 29 17:07:29.679688 2024] [ssl:warn] [pid 15100:tid 680] AH01909: main-serveur:443:0 server certificate does NOT include an ID which matches the server name
[Tue Oct 29 17:07:29.779510 2024] [ssl:warn] [pid 15100:tid 680] AH01873: Init: Session Cache is not configured [hint: SSLSessionCache]
[Tue Oct 29 17:07:29.779510 2024] [ssl:warn] [pid 15100:tid 680] AH01906: main-serveur:443:0 server certificate is a CA certificate (BasicConstraints: CA == TRUE !?)
[Tue Oct 29 17:07:29.779510 2024] [ssl:warn] [pid 15100:tid 680] AH01909: main-serveur:443:0 server certificate does NOT include an ID which matches the server name
[Tue Oct 29 17:07:29.845955 2024] [mpm_winnt:notice] [pid 15100:tid 680] AH00354: Child: Starting 64 worker threads.
[Tue Oct 29 17:35:22.155322 2024] [mpm_winnt:crit] [pid 15100:tid 680] AH02538: Child: Parent process exited abruptly. Child process is ending
[Mon Nov 11 14:32:31.403091 2024] [ssl:warn] [pid 16772:tid 644] AH01906: main-serveur:443:0 server certificate is a CA certificate (BasicConstraints: CA == TRUE !?)
[Mon Nov 11 14:32:31.404797 2024] [ssl:warn] [pid 16772:tid 644] AH01909: main-serveur:443:0 server certificate does NOT include an ID which matches the server name
[Mon Nov 11 14:32:31.443974 2024] [core:warn] [pid 16772:tid 644] AH00098: pid file D:/Web III/UwAmp/bin/apache/logs/httpd.pid overwritten -- Unclean shutdown of previous Apache run?
[Mon Nov 11 14:32:31.532405 2024] [ssl:warn] [pid 16772:tid 644] AH01873: Init: Session Cache is not configured [hint: SSLSessionCache]
[Mon Nov 11 14:32:31.532405 2024] [ssl:warn] [pid 16772:tid 644] AH01906: main-serveur:443:0 server certificate is a CA certificate (BasicConstraints: CA == TRUE !?)
[Mon Nov 11 14:32:31.532405 2024] [ssl:warn] [pid 16772:tid 644] AH01909: main-serveur:443:0 server certificate does NOT include an ID which matches the server name
[Mon Nov 11 14:32:42.004459 2024] [mpm_winnt:notice] [pid 16772:tid 644] AH00455: Apache/2.4.18 (Win32) OpenSSL/1.0.2f PHP/5.6.18 configured -- resuming normal operations
[Mon Nov 11 14:32:42.004459 2024] [mpm_winnt:notice] [pid 16772:tid 644] AH00456: Server built: Jan 28 2016 09:58:25
[Mon Nov 11 14:32:42.004459 2024] [core:notice] [pid 16772:tid 644] AH00094: Command line: 'D:\\Web III\\UwAmp\\bin\\apache\\bin\\httpd.exe -d D:/Web III/UwAmp/bin/apache -f D:\\Web III\\UwAmp\\bin\\apache\\conf\\httpd.conf'
[Mon Nov 11 14:32:42.010488 2024] [mpm_winnt:notice] [pid 16772:tid 644] AH00418: Parent: Created child process 4280
[Mon Nov 11 14:32:42.828508 2024] [ssl:warn] [pid 4280:tid 652] AH01906: main-serveur:443:0 server certificate is a CA certificate (BasicConstraints: CA == TRUE !?)
[Mon Nov 11 14:32:42.828508 2024] [ssl:warn] [pid 4280:tid 652] AH01909: main-serveur:443:0 server certificate does NOT include an ID which matches the server name
[Mon Nov 11 14:32:42.934051 2024] [ssl:warn] [pid 4280:tid 652] AH01873: Init: Session Cache is not configured [hint: SSLSessionCache]
[Mon Nov 11 14:32:42.934051 2024] [ssl:warn] [pid 4280:tid 652] AH01906: main-serveur:443:0 server certificate is a CA certificate (BasicConstraints: CA == TRUE !?)
[Mon Nov 11 14:32:42.934051 2024] [ssl:warn] [pid 4280:tid 652] AH01909: main-serveur:443:0 server certificate does NOT include an ID which matches the server name
[Mon Nov 11 14:32:42.961796 2024] [mpm_winnt:notice] [pid 4280:tid 652] AH00354: Child: Starting 64 worker threads.
[Mon Nov 11 14:48:20.269456 2024] [mpm_winnt:crit] [pid 4280:tid 652] AH02538: Child: Parent process exited abruptly. Child process is ending
[Tue Nov 12 16:03:52.561836 2024] [ssl:warn] [pid 8880:tid 652] AH01906: main-serveur:443:0 server certificate is a CA certificate (BasicConstraints: CA == TRUE !?)
[Tue Nov 12 16:03:52.563802 2024] [ssl:warn] [pid 8880:tid 652] AH01909: main-serveur:443:0 server certificate does NOT include an ID which matches the server name
[Tue Nov 12 16:03:53.615412 2024] [core:warn] [pid 8880:tid 652] AH00098: pid file E:/Web III/UwAmp/bin/apache/logs/httpd.pid overwritten -- Unclean shutdown of previous Apache run?
[Tue Nov 12 16:03:53.696515 2024] [ssl:warn] [pid 8880:tid 652] AH01873: Init: Session Cache is not configured [hint: SSLSessionCache]
[Tue Nov 12 16:03:53.697515 2024] [ssl:warn] [pid 8880:tid 652] AH01906: main-serveur:443:0 server certificate is a CA certificate (BasicConstraints: CA == TRUE !?)
[Tue Nov 12 16:03:53.697515 2024] [ssl:warn] [pid 8880:tid 652] AH01909: main-serveur:443:0 server certificate does NOT include an ID which matches the server name
[Tue Nov 12 16:03:55.654161 2024] [mpm_winnt:notice] [pid 8880:tid 652] AH00455: Apache/2.4.18 (Win32) OpenSSL/1.0.2f PHP/5.6.18 configured -- resuming normal operations
[Tue Nov 12 16:03:55.654161 2024] [mpm_winnt:notice] [pid 8880:tid 652] AH00456: Server built: Jan 28 2016 09:58:25
[Tue Nov 12 16:03:55.654161 2024] [core:notice] [pid 8880:tid 652] AH00094: Command line: 'E:\\Web III\\UwAmp\\bin\\apache\\bin\\httpd.exe -d E:/Web III/UwAmp/bin/apache -f E:\\Web III\\UwAmp\\bin\\apache\\conf\\httpd.conf'
[Tue Nov 12 16:03:55.664157 2024] [mpm_winnt:notice] [pid 8880:tid 652] AH00418: Parent: Created child process 9200
[Tue Nov 12 16:04:06.588162 2024] [ssl:warn] [pid 9200:tid 660] AH01906: main-serveur:443:0 server certificate is a CA certificate (BasicConstraints: CA == TRUE !?)
[Tue Nov 12 16:04:06.589163 2024] [ssl:warn] [pid 9200:tid 660] AH01909: main-serveur:443:0 server certificate does NOT include an ID which matches the server name
[Tue Nov 12 16:04:07.989632 2024] [ssl:warn] [pid 9200:tid 660] AH01873: Init: Session Cache is not configured [hint: SSLSessionCache]
[Tue Nov 12 16:04:07.989632 2024] [ssl:warn] [pid 9200:tid 660] AH01906: main-serveur:443:0 server certificate is a CA certificate (BasicConstraints: CA == TRUE !?)
[Tue Nov 12 16:04:07.989632 2024] [ssl:warn] [pid 9200:tid 660] AH01909: main-serveur:443:0 server certificate does NOT include an ID which matches the server name
[Tue Nov 12 16:04:09.533479 2024] [mpm_winnt:notice] [pid 9200:tid 660] AH00354: Child: Starting 64 worker threads.
[Tue Nov 12 17:44:47.860159 2024] [mpm_winnt:crit] [pid 9200:tid 660] AH02538: Child: Parent process exited abruptly. Child process is ending
[Thu Nov 14 19:41:46.297790 2024] [ssl:warn] [pid 13488:tid 636] AH01906: main-serveur:443:0 server certificate is a CA certificate (BasicConstraints: CA == TRUE !?)
[Thu Nov 14 19:41:46.299291 2024] [ssl:warn] [pid 13488:tid 636] AH01909: main-serveur:443:0 server certificate does NOT include an ID which matches the server name
[Thu Nov 14 19:41:46.337757 2024] [core:warn] [pid 13488:tid 636] AH00098: pid file D:/Web III/UwAmp/bin/apache/logs/httpd.pid overwritten -- Unclean shutdown of previous Apache run?
[Thu Nov 14 19:41:46.426833 2024] [ssl:warn] [pid 13488:tid 636] AH01873: Init: Session Cache is not configured [hint: SSLSessionCache]
[Thu Nov 14 19:41:46.427333 2024] [ssl:warn] [pid 13488:tid 636] AH01906: main-serveur:443:0 server certificate is a CA certificate (BasicConstraints: CA == TRUE !?)
[Thu Nov 14 19:41:46.427333 2024] [ssl:warn] [pid 13488:tid 636] AH01909: main-serveur:443:0 server certificate does NOT include an ID which matches the server name
[Thu Nov 14 19:42:08.979817 2024] [ssl:warn] [pid 31416:tid 620] AH01906: main-serveur:443:0 server certificate is a CA certificate (BasicConstraints: CA == TRUE !?)
[Thu Nov 14 19:42:08.980318 2024] [ssl:warn] [pid 31416:tid 620] AH01909: main-serveur:443:0 server certificate does NOT include an ID which matches the server name
[Thu Nov 14 19:42:09.007841 2024] [core:warn] [pid 31416:tid 620] AH00098: pid file D:/Web III/UwAmp/bin/apache/logs/httpd.pid overwritten -- Unclean shutdown of previous Apache run?
[Thu Nov 14 19:42:09.126680 2024] [ssl:warn] [pid 31416:tid 620] AH01873: Init: Session Cache is not configured [hint: SSLSessionCache]
[Thu Nov 14 19:42:09.127180 2024] [ssl:warn] [pid 31416:tid 620] AH01906: main-serveur:443:0 server certificate is a CA certificate (BasicConstraints: CA == TRUE !?)
[Thu Nov 14 19:42:09.127180 2024] [ssl:warn] [pid 31416:tid 620] AH01909: main-serveur:443:0 server certificate does NOT include an ID which matches the server name
[Thu Nov 14 19:42:10.019137 2024] [mpm_winnt:notice] [pid 31416:tid 620] AH00455: Apache/2.4.18 (Win32) OpenSSL/1.0.2f PHP/7.0.3 configured -- resuming normal operations
[Thu Nov 14 19:42:10.019137 2024] [mpm_winnt:notice] [pid 31416:tid 620] AH00456: Server built: Jan 28 2016 09:58:25
[Thu Nov 14 19:42:10.019137 2024] [core:notice] [pid 31416:tid 620] AH00094: Command line: 'D:\\Web III\\UwAmp\\bin\\apache\\bin\\httpd.exe -d D:/Web III/UwAmp/bin/apache -f D:\\Web III\\UwAmp\\bin\\apache\\conf\\httpd.conf'
[Thu Nov 14 19:42:10.025143 2024] [mpm_winnt:notice] [pid 31416:tid 620] AH00418: Parent: Created child process 29996
[Thu Nov 14 19:42:10.466315 2024] [ssl:warn] [pid 29996:tid 628] AH01906: main-serveur:443:0 server certificate is a CA certificate (BasicConstraints: CA == TRUE !?)
[Thu Nov 14 19:42:10.466815 2024] [ssl:warn] [pid 29996:tid 628] AH01909: main-serveur:443:0 server certificate does NOT include an ID which matches the server name
[Thu Nov 14 19:42:10.559817 2024] [ssl:warn] [pid 29996:tid 628] AH01873: Init: Session Cache is not configured [hint: SSLSessionCache]
[Thu Nov 14 19:42:10.560317 2024] [ssl:warn] [pid 29996:tid 628] AH01906: main-serveur:443:0 server certificate is a CA certificate (BasicConstraints: CA == TRUE !?)
[Thu Nov 14 19:42:10.560317 2024] [ssl:warn] [pid 29996:tid 628] AH01909: main-serveur:443:0 server certificate does NOT include an ID which matches the server name
[Thu Nov 14 19:42:10.584338 2024] [mpm_winnt:notice] [pid 29996:tid 628] AH00354: Child: Starting 64 worker threads.
[Thu Nov 14 20:38:45.846283 2024] [mpm_winnt:crit] [pid 29996:tid 628] AH02538: Child: Parent process exited abruptly. Child process is ending
[Mon Nov 18 10:31:27.596866 2024] [ssl:warn] [pid 15708:tid 628] AH01906: main-serveur:443:0 server certificate is a CA certificate (BasicConstraints: CA == TRUE !?)
[Mon Nov 18 10:31:27.599871 2024] [ssl:warn] [pid 15708:tid 628] AH01909: main-serveur:443:0 server certificate does NOT include an ID which matches the server name
[Mon Nov 18 10:31:28.214307 2024] [core:warn] [pid 15708:tid 628] AH00098: pid file D:/Web III/UwAmp/bin/apache/logs/httpd.pid overwritten -- Unclean shutdown of previous Apache run?
[Mon Nov 18 10:31:28.887533 2024] [ssl:warn] [pid 15708:tid 628] AH01873: Init: Session Cache is not configured [hint: SSLSessionCache]
[Mon Nov 18 10:31:28.888034 2024] [ssl:warn] [pid 15708:tid 628] AH01906: main-serveur:443:0 server certificate is a CA certificate (BasicConstraints: CA == TRUE !?)
[Mon Nov 18 10:31:28.888034 2024] [ssl:warn] [pid 15708:tid 628] AH01909: main-serveur:443:0 server certificate does NOT include an ID which matches the server name
[Mon Nov 18 10:31:37.892254 2024] [mpm_winnt:notice] [pid 15708:tid 628] AH00455: Apache/2.4.18 (Win32) OpenSSL/1.0.2f PHP/7.0.3 configured -- resuming normal operations
[Mon Nov 18 10:31:37.892254 2024] [mpm_winnt:notice] [pid 15708:tid 628] AH00456: Server built: Jan 28 2016 09:58:25
[Mon Nov 18 10:31:37.892254 2024] [core:notice] [pid 15708:tid 628] AH00094: Command line: 'D:\\Web III\\UwAmp\\bin\\apache\\bin\\httpd.exe -d D:/Web III/UwAmp/bin/apache -f D:\\Web III\\UwAmp\\bin\\apache\\conf\\httpd.conf'
[Mon Nov 18 10:31:37.898759 2024] [mpm_winnt:notice] [pid 15708:tid 628] AH00418: Parent: Created child process 31760
[Mon Nov 18 10:31:38.354973 2024] [ssl:warn] [pid 31760:tid 636] AH01906: main-serveur:443:0 server certificate is a CA certificate (BasicConstraints: CA == TRUE !?)
[Mon Nov 18 10:31:38.355473 2024] [ssl:warn] [pid 31760:tid 636] AH01909: main-serveur:443:0 server certificate does NOT include an ID which matches the server name
[Mon Nov 18 10:31:38.461313 2024] [ssl:warn] [pid 31760:tid 636] AH01873: Init: Session Cache is not configured [hint: SSLSessionCache]
[Mon Nov 18 10:31:38.461814 2024] [ssl:warn] [pid 31760:tid 636] AH01906: main-serveur:443:0 server certificate is a CA certificate (BasicConstraints: CA == TRUE !?)
[Mon Nov 18 10:31:38.461814 2024] [ssl:warn] [pid 31760:tid 636] AH01909: main-serveur:443:0 server certificate does NOT include an ID which matches the server name
[Mon Nov 18 10:31:38.487335 2024] [mpm_winnt:notice] [pid 31760:tid 636] AH00354: Child: Starting 64 worker threads.
[Mon Nov 18 11:11:25.731543 2024] [mpm_winnt:crit] [pid 31760:tid 636] AH02538: Child: Parent process exited abruptly. Child process is ending
[Mon Nov 18 12:31:30.814624 2024] [ssl:warn] [pid 12920:tid 644] AH01906: main-serveur:443:0 server certificate is a CA certificate (BasicConstraints: CA == TRUE !?)
[Mon Nov 18 12:31:30.815546 2024] [ssl:warn] [pid 12920:tid 644] AH01909: main-serveur:443:0 server certificate does NOT include an ID which matches the server name
[Mon Nov 18 12:31:30.852033 2024] [core:warn] [pid 12920:tid 644] AH00098: pid file D:/Web III/UwAmp/bin/apache/logs/httpd.pid overwritten -- Unclean shutdown of previous Apache run?
[Mon Nov 18 12:31:30.943349 2024] [ssl:warn] [pid 12920:tid 644] AH01873: Init: Session Cache is not configured [hint: SSLSessionCache]
[Mon Nov 18 12:31:30.943349 2024] [ssl:warn] [pid 12920:tid 644] AH01906: main-serveur:443:0 server certificate is a CA certificate (BasicConstraints: CA == TRUE !?)
[Mon Nov 18 12:31:30.943349 2024] [ssl:warn] [pid 12920:tid 644] AH01909: main-serveur:443:0 server certificate does NOT include an ID which matches the server name
[Mon Nov 18 12:31:40.849085 2024] [mpm_winnt:notice] [pid 12920:tid 644] AH00455: Apache/2.4.18 (Win32) OpenSSL/1.0.2f PHP/7.0.3 configured -- resuming normal operations
[Mon Nov 18 12:31:40.849085 2024] [mpm_winnt:notice] [pid 12920:tid 644] AH00456: Server built: Jan 28 2016 09:58:25
[Mon Nov 18 12:31:40.849085 2024] [core:notice] [pid 12920:tid 644] AH00094: Command line: 'D:\\Web III\\UwAmp\\bin\\apache\\bin\\httpd.exe -d D:/Web III/UwAmp/bin/apache -f D:\\Web III\\UwAmp\\bin\\apache\\conf\\httpd.conf'
[Mon Nov 18 12:31:40.855349 2024] [mpm_winnt:notice] [pid 12920:tid 644] AH00418: Parent: Created child process 3832
[Mon Nov 18 12:31:41.907066 2024] [ssl:warn] [pid 3832:tid 684] AH01906: main-serveur:443:0 server certificate is a CA certificate (BasicConstraints: CA == TRUE !?)
[Mon Nov 18 12:31:41.908069 2024] [ssl:warn] [pid 3832:tid 684] AH01909: main-serveur:443:0 server certificate does NOT include an ID which matches the server name
[Mon Nov 18 12:31:42.025433 2024] [ssl:warn] [pid 3832:tid 684] AH01873: Init: Session Cache is not configured [hint: SSLSessionCache]
[Mon Nov 18 12:31:42.026463 2024] [ssl:warn] [pid 3832:tid 684] AH01906: main-serveur:443:0 server certificate is a CA certificate (BasicConstraints: CA == TRUE !?)
[Mon Nov 18 12:31:42.026463 2024] [ssl:warn] [pid 3832:tid 684] AH01909: main-serveur:443:0 server certificate does NOT include an ID which matches the server name
[Mon Nov 18 12:31:42.056657 2024] [mpm_winnt:notice] [pid 3832:tid 684] AH00354: Child: Starting 64 worker threads.
[Mon Nov 18 14:52:17.648182 2024] [mpm_winnt:crit] [pid 3832:tid 684] AH02538: Child: Parent process exited abruptly. Child process is ending
[Tue Nov 19 14:58:52.002265 2024] [ssl:warn] [pid 7052:tid 560] AH01906: main-serveur:443:0 server certificate is a CA certificate (BasicConstraints: CA == TRUE !?)
[Tue Nov 19 14:58:52.002265 2024] [ssl:warn] [pid 7052:tid 560] AH01909: main-serveur:443:0 server certificate does NOT include an ID which matches the server name
[Tue Nov 19 14:58:52.332118 2024] [core:warn] [pid 7052:tid 560] AH00098: pid file E:/Web III/UwAmp/bin/apache/logs/httpd.pid overwritten -- Unclean shutdown of previous Apache run?
[Tue Nov 19 14:58:52.441953 2024] [ssl:warn] [pid 7052:tid 560] AH01873: Init: Session Cache is not configured [hint: SSLSessionCache]
[Tue Nov 19 14:58:52.441953 2024] [ssl:warn] [pid 7052:tid 560] AH01906: main-serveur:443:0 server certificate is a CA certificate (BasicConstraints: CA == TRUE !?)
[Tue Nov 19 14:58:52.441953 2024] [ssl:warn] [pid 7052:tid 560] AH01909: main-serveur:443:0 server certificate does NOT include an ID which matches the server name
[Tue Nov 19 14:58:55.991832 2024] [mpm_winnt:notice] [pid 7052:tid 560] AH00455: Apache/2.4.18 (Win32) OpenSSL/1.0.2f PHP/7.0.3 configured -- resuming normal operations
[Tue Nov 19 14:58:55.991832 2024] [mpm_winnt:notice] [pid 7052:tid 560] AH00456: Server built: Jan 28 2016 09:58:25
[Tue Nov 19 14:58:55.991832 2024] [core:notice] [pid 7052:tid 560] AH00094: Command line: 'E:\\Web III\\UwAmp\\bin\\apache\\bin\\httpd.exe -d E:/Web III/UwAmp/bin/apache -f E:\\Web III\\UwAmp\\bin\\apache\\conf\\httpd.conf'
[Tue Nov 19 14:58:56.010461 2024] [mpm_winnt:notice] [pid 7052:tid 560] AH00418: Parent: Created child process 9928
[Tue Nov 19 14:58:57.447879 2024] [ssl:warn] [pid 9928:tid 752] AH01906: main-serveur:443:0 server certificate is a CA certificate (BasicConstraints: CA == TRUE !?)
[Tue Nov 19 14:58:57.449422 2024] [ssl:warn] [pid 9928:tid 752] AH01909: main-serveur:443:0 server certificate does NOT include an ID which matches the server name
[Tue Nov 19 14:58:57.590351 2024] [ssl:warn] [pid 9928:tid 752] AH01873: Init: Session Cache is not configured [hint: SSLSessionCache]
[Tue Nov 19 14:58:57.590351 2024] [ssl:warn] [pid 9928:tid 752] AH01906: main-serveur:443:0 server certificate is a CA certificate (BasicConstraints: CA == TRUE !?)
[Tue Nov 19 14:58:57.590351 2024] [ssl:warn] [pid 9928:tid 752] AH01909: main-serveur:443:0 server certificate does NOT include an ID which matches the server name
[Tue Nov 19 14:58:59.349328 2024] [mpm_winnt:notice] [pid 9928:tid 752] AH00354: Child: Starting 64 worker threads.
[Tue Nov 19 17:50:12.067313 2024] [mpm_winnt:crit] [pid 9928:tid 752] AH02538: Child: Parent process exited abruptly. Child process is ending
[Tue Nov 19 20:13:28.233574 2024] [ssl:warn] [pid 24308:tid 596] AH01906: main-serveur:443:0 server certificate is a CA certificate (BasicConstraints: CA == TRUE !?)
[Tue Nov 19 20:13:28.236578 2024] [ssl:warn] [pid 24308:tid 596] AH01909: main-serveur:443:0 server certificate does NOT include an ID which matches the server name
[Tue Nov 19 20:13:28.270106 2024] [core:warn] [pid 24308:tid 596] AH00098: pid file D:/Web III/UwAmp/bin/apache/logs/httpd.pid overwritten -- Unclean shutdown of previous Apache run?
[Tue Nov 19 20:13:28.355679 2024] [ssl:warn] [pid 24308:tid 596] AH01873: Init: Session Cache is not configured [hint: SSLSessionCache]
[Tue Nov 19 20:13:28.357181 2024] [ssl:warn] [pid 24308:tid 596] AH01906: main-serveur:443:0 server certificate is a CA certificate (BasicConstraints: CA == TRUE !?)
[Tue Nov 19 20:13:28.357181 2024] [ssl:warn] [pid 24308:tid 596] AH01909: main-serveur:443:0 server certificate does NOT include an ID which matches the server name
[Tue Nov 19 20:13:29.681960 2024] [mpm_winnt:notice] [pid 24308:tid 596] AH00455: Apache/2.4.18 (Win32) OpenSSL/1.0.2f PHP/7.0.3 configured -- resuming normal operations
[Tue Nov 19 20:13:29.681960 2024] [mpm_winnt:notice] [pid 24308:tid 596] AH00456: Server built: Jan 28 2016 09:58:25
[Tue Nov 19 20:13:29.681960 2024] [core:notice] [pid 24308:tid 596] AH00094: Command line: 'D:\\Web III\\UwAmp\\bin\\apache\\bin\\httpd.exe -d D:/Web III/UwAmp/bin/apache -f D:\\Web III\\UwAmp\\bin\\apache\\conf\\httpd.conf'
[Tue Nov 19 20:13:29.692468 2024] [mpm_winnt:notice] [pid 24308:tid 596] AH00418: Parent: Created child process 12404
[Tue Nov 19 20:13:30.270967 2024] [ssl:warn] [pid 12404:tid 612] AH01906: main-serveur:443:0 server certificate is a CA certificate (BasicConstraints: CA == TRUE !?)
[Tue Nov 19 20:13:30.271967 2024] [ssl:warn] [pid 12404:tid 612] AH01909: main-serveur:443:0 server certificate does NOT include an ID which matches the server name
[Tue Nov 19 20:13:30.381874 2024] [ssl:warn] [pid 12404:tid 612] AH01873: Init: Session Cache is not configured [hint: SSLSessionCache]
[Tue Nov 19 20:13:30.382374 2024] [ssl:warn] [pid 12404:tid 612] AH01906: main-serveur:443:0 server certificate is a CA certificate (BasicConstraints: CA == TRUE !?)
[Tue Nov 19 20:13:30.382374 2024] [ssl:warn] [pid 12404:tid 612] AH01909: main-serveur:443:0 server certificate does NOT include an ID which matches the server name
[Tue Nov 19 20:13:30.409397 2024] [mpm_winnt:notice] [pid 12404:tid 612] AH00354: Child: Starting 64 worker threads.
[Tue Nov 19 22:13:24.789447 2024] [mpm_winnt:crit] [pid 12404:tid 612] AH02538: Child: Parent process exited abruptly. Child process is ending
[Thu Nov 21 10:39:27.706013 2024] [ssl:warn] [pid 33668:tid 620] AH01906: main-serveur:443:0 server certificate is a CA certificate (BasicConstraints: CA == TRUE !?)
[Thu Nov 21 10:39:27.708015 2024] [ssl:warn] [pid 33668:tid 620] AH01909: main-serveur:443:0 server certificate does NOT include an ID which matches the server name
[Thu Nov 21 10:39:27.738541 2024] [core:warn] [pid 33668:tid 620] AH00098: pid file D:/Web III/UwAmp/bin/apache/logs/httpd.pid overwritten -- Unclean shutdown of previous Apache run?
[Thu Nov 21 10:39:27.832622 2024] [ssl:warn] [pid 33668:tid 620] AH01873: Init: Session Cache is not configured [hint: SSLSessionCache]
[Thu Nov 21 10:39:27.833122 2024] [ssl:warn] [pid 33668:tid 620] AH01906: main-serveur:443:0 server certificate is a CA certificate (BasicConstraints: CA == TRUE !?)
[Thu Nov 21 10:39:27.833122 2024] [ssl:warn] [pid 33668:tid 620] AH01909: main-serveur:443:0 server certificate does NOT include an ID which matches the server name
[Thu Nov 21 10:39:39.406119 2024] [mpm_winnt:notice] [pid 33668:tid 620] AH00455: Apache/2.4.18 (Win32) OpenSSL/1.0.2f PHP/7.0.3 configured -- resuming normal operations
[Thu Nov 21 10:39:39.406119 2024] [mpm_winnt:notice] [pid 33668:tid 620] AH00456: Server built: Jan 28 2016 09:58:25
[Thu Nov 21 10:39:39.406119 2024] [core:notice] [pid 33668:tid 620] AH00094: Command line: 'D:\\Web III\\UwAmp\\bin\\apache\\bin\\httpd.exe -d D:/Web III/UwAmp/bin/apache -f D:\\Web III\\UwAmp\\bin\\apache\\conf\\httpd.conf'
[Thu Nov 21 10:39:39.412124 2024] [mpm_winnt:notice] [pid 33668:tid 620] AH00418: Parent: Created child process 24584
[Thu Nov 21 10:39:40.108887 2024] [ssl:warn] [pid 24584:tid 544] AH01906: main-serveur:443:0 server certificate is a CA certificate (BasicConstraints: CA == TRUE !?)
[Thu Nov 21 10:39:40.109386 2024] [ssl:warn] [pid 24584:tid 544] AH01909: main-serveur:443:0 server certificate does NOT include an ID which matches the server name
[Thu Nov 21 10:39:40.241424 2024] [ssl:warn] [pid 24584:tid 544] AH01873: Init: Session Cache is not configured [hint: SSLSessionCache]
[Thu Nov 21 10:39:40.241925 2024] [ssl:warn] [pid 24584:tid 544] AH01906: main-serveur:443:0 server certificate is a CA certificate (BasicConstraints: CA == TRUE !?)
[Thu Nov 21 10:39:40.241925 2024] [ssl:warn] [pid 24584:tid 544] AH01909: main-serveur:443:0 server certificate does NOT include an ID which matches the server name
[Thu Nov 21 10:39:40.303849 2024] [mpm_winnt:notice] [pid 24584:tid 544] AH00354: Child: Starting 64 worker threads.
[Fri Nov 22 00:54:21.667306 2024] [mpm_winnt:notice] [pid 33668:tid 620] AH00428: Parent: child process 24584 exited with status 1073807364 -- Restarting.
[Fri Nov 22 00:54:21.928531 2024] [ssl:warn] [pid 33668:tid 620] AH01873: Init: Session Cache is not configured [hint: SSLSessionCache]
[Fri Nov 22 00:54:21.930032 2024] [ssl:warn] [pid 33668:tid 620] AH01906: main-serveur:443:0 server certificate is a CA certificate (BasicConstraints: CA == TRUE !?)
[Fri Nov 22 00:54:21.930032 2024] [ssl:warn] [pid 33668:tid 620] AH01909: main-serveur:443:0 server certificate does NOT include an ID which matches the server name
[Fri Nov 22 00:54:22.016106 2024] [mpm_winnt:notice] [pid 33668:tid 620] AH00455: Apache/2.4.18 (Win32) OpenSSL/1.0.2f PHP/7.0.3 configured -- resuming normal operations
[Fri Nov 22 00:54:22.016106 2024] [mpm_winnt:notice] [pid 33668:tid 620] AH00456: Server built: Jan 28 2016 09:58:25
[Fri Nov 22 00:54:22.016106 2024] [core:notice] [pid 33668:tid 620] AH00094: Command line: 'D:\\Web III\\UwAmp\\bin\\apache\\bin\\httpd.exe -d D:/Web III/UwAmp/bin/apache -f D:\\Web III\\UwAmp\\bin\\apache\\conf\\httpd.conf'
[Fri Nov 22 00:54:22.021611 2024] [mpm_winnt:notice] [pid 33668:tid 620] AH00418: Parent: Created child process 11092
[Fri Nov 22 00:54:22.031119 2024] [mpm_winnt:crit] [pid 33668:tid 620] AH00419: master_main: create child process failed. Exiting.
[Fri Nov 22 11:33:18.767267 2024] [ssl:warn] [pid 36208:tid 616] AH01906: main-serveur:443:0 server certificate is a CA certificate (BasicConstraints: CA == TRUE !?)
[Fri Nov 22 11:33:18.769769 2024] [ssl:warn] [pid 36208:tid 616] AH01909: main-serveur:443:0 server certificate does NOT include an ID which matches the server name
[Fri Nov 22 11:33:18.929408 2024] [ssl:warn] [pid 36208:tid 616] AH01873: Init: Session Cache is not configured [hint: SSLSessionCache]
[Fri Nov 22 11:33:18.929907 2024] [ssl:warn] [pid 36208:tid 616] AH01906: main-serveur:443:0 server certificate is a CA certificate (BasicConstraints: CA == TRUE !?)
[Fri Nov 22 11:33:18.929907 2024] [ssl:warn] [pid 36208:tid 616] AH01909: main-serveur:443:0 server certificate does NOT include an ID which matches the server name
[Fri Nov 22 11:33:20.613043 2024] [mpm_winnt:notice] [pid 36208:tid 616] AH00455: Apache/2.4.18 (Win32) OpenSSL/1.0.2f PHP/7.0.3 configured -- resuming normal operations
[Fri Nov 22 11:33:20.613043 2024] [mpm_winnt:notice] [pid 36208:tid 616] AH00456: Server built: Jan 28 2016 09:58:25
[Fri Nov 22 11:33:20.613043 2024] [core:notice] [pid 36208:tid 616] AH00094: Command line: 'D:\\Web III\\UwAmp\\bin\\apache\\bin\\httpd.exe -d D:/Web III/UwAmp/bin/apache -f D:\\Web III\\UwAmp\\bin\\apache\\conf\\httpd.conf'
[Fri Nov 22 11:33:20.619048 2024] [mpm_winnt:notice] [pid 36208:tid 616] AH00418: Parent: Created child process 12380
[Fri Nov 22 11:33:21.078944 2024] [ssl:warn] [pid 12380:tid 624] AH01906: main-serveur:443:0 server certificate is a CA certificate (BasicConstraints: CA == TRUE !?)
[Fri Nov 22 11:33:21.079445 2024] [ssl:warn] [pid 12380:tid 624] AH01909: main-serveur:443:0 server certificate does NOT include an ID which matches the server name
[Fri Nov 22 11:33:21.176022 2024] [ssl:warn] [pid 12380:tid 624] AH01873: Init: Session Cache is not configured [hint: SSLSessionCache]
[Fri Nov 22 11:33:21.176522 2024] [ssl:warn] [pid 12380:tid 624] AH01906: main-serveur:443:0 server certificate is a CA certificate (BasicConstraints: CA == TRUE !?)
[Fri Nov 22 11:33:21.176522 2024] [ssl:warn] [pid 12380:tid 624] AH01909: main-serveur:443:0 server certificate does NOT include an ID which matches the server name
[Fri Nov 22 11:33:21.211979 2024] [mpm_winnt:notice] [pid 12380:tid 624] AH00354: Child: Starting 64 worker threads.
[Fri Nov 22 12:28:30.880876 2024] [mpm_winnt:crit] [pid 12380:tid 624] AH02538: Child: Parent process exited abruptly. Child process is ending
[Fri Nov 22 12:28:30.880876 2024] [mpm_winnt:warn] [pid 12380:tid 664] (OS 995)L’opération d’entrée/sortie a été abandonnée en raison de l’arrêt d’un thread ou à la demande d’une application.  : AH00341: winnt_accept: Asynchronous AcceptEx failed.
[Fri Nov 22 12:28:30.881377 2024] [mpm_winnt:warn] [pid 12380:tid 1364] (OS 995)L’opération d’entrée/sortie a été abandonnée en raison de l’arrêt d’un thread ou à la demande d’une application.  : AH00341: winnt_accept: Asynchronous AcceptEx failed.
[Fri Nov 22 12:28:30.881377 2024] [mpm_winnt:warn] [pid 12380:tid 736] (OS 995)L’opération d’entrée/sortie a été abandonnée en raison de l’arrêt d’un thread ou à la demande d’une application.  : AH00341: winnt_accept: Asynchronous AcceptEx failed.
[Fri Nov 22 12:28:30.881377 2024] [mpm_winnt:warn] [pid 12380:tid 708] (OS 995)L’opération d’entrée/sortie a été abandonnée en raison de l’arrêt d’un thread ou à la demande d’une application.  : AH00341: winnt_accept: Asynchronous AcceptEx failed.
[Mon Nov 25 12:40:51.971937 2024] [ssl:warn] [pid 18420:tid 636] AH01906: main-serveur:443:0 server certificate is a CA certificate (BasicConstraints: CA == TRUE !?)
[Mon Nov 25 12:40:51.974936 2024] [ssl:warn] [pid 18420:tid 636] AH01909: main-serveur:443:0 server certificate does NOT include an ID which matches the server name
[Mon Nov 25 12:40:52.068788 2024] [core:warn] [pid 18420:tid 636] AH00098: pid file D:/Web III/UwAmp/bin/apache/logs/httpd.pid overwritten -- Unclean shutdown of previous Apache run?
[Mon Nov 25 12:40:52.157380 2024] [ssl:warn] [pid 18420:tid 636] AH01873: Init: Session Cache is not configured [hint: SSLSessionCache]
[Mon Nov 25 12:40:52.159456 2024] [ssl:warn] [pid 18420:tid 636] AH01906: main-serveur:443:0 server certificate is a CA certificate (BasicConstraints: CA == TRUE !?)
[Mon Nov 25 12:40:52.159456 2024] [ssl:warn] [pid 18420:tid 636] AH01909: main-serveur:443:0 server certificate does NOT include an ID which matches the server name
[Mon Nov 25 12:40:54.048996 2024] [mpm_winnt:notice] [pid 18420:tid 636] AH00455: Apache/2.4.18 (Win32) OpenSSL/1.0.2f PHP/7.0.3 configured -- resuming normal operations
[Mon Nov 25 12:40:54.048996 2024] [mpm_winnt:notice] [pid 18420:tid 636] AH00456: Server built: Jan 28 2016 09:58:25
[Mon Nov 25 12:40:54.048996 2024] [core:notice] [pid 18420:tid 636] AH00094: Command line: 'D:\\Web III\\UwAmp\\bin\\apache\\bin\\httpd.exe -d D:/Web III/UwAmp/bin/apache -f D:\\Web III\\UwAmp\\bin\\apache\\conf\\httpd.conf'
[Mon Nov 25 12:40:54.056983 2024] [mpm_winnt:notice] [pid 18420:tid 636] AH00418: Parent: Created child process 3752
[Mon Nov 25 12:40:58.650728 2024] [ssl:warn] [pid 3752:tid 640] AH01906: main-serveur:443:0 server certificate is a CA certificate (BasicConstraints: CA == TRUE !?)
[Mon Nov 25 12:40:58.650728 2024] [ssl:warn] [pid 3752:tid 640] AH01909: main-serveur:443:0 server certificate does NOT include an ID which matches the server name
[Mon Nov 25 12:40:58.991791 2024] [ssl:warn] [pid 3752:tid 640] AH01873: Init: Session Cache is not configured [hint: SSLSessionCache]
[Mon Nov 25 12:40:58.992803 2024] [ssl:warn] [pid 3752:tid 640] AH01906: main-serveur:443:0 server certificate is a CA certificate (BasicConstraints: CA == TRUE !?)
[Mon Nov 25 12:40:58.992803 2024] [ssl:warn] [pid 3752:tid 640] AH01909: main-serveur:443:0 server certificate does NOT include an ID which matches the server name
[Mon Nov 25 12:40:59.106187 2024] [mpm_winnt:notice] [pid 3752:tid 640] AH00354: Child: Starting 64 worker threads.
[Mon Nov 25 14:48:14.456234 2024] [mpm_winnt:crit] [pid 3752:tid 640] AH02538: Child: Parent process exited abruptly. Child process is ending
[Tue Nov 26 15:29:55.023755 2024] [ssl:warn] [pid 15116:tid 492] AH01906: main-serveur:443:0 server certificate is a CA certificate (BasicConstraints: CA == TRUE !?)
[Tue Nov 26 15:29:55.025758 2024] [ssl:warn] [pid 15116:tid 492] AH01909: main-serveur:443:0 server certificate does NOT include an ID which matches the server name
[Tue Nov 26 15:29:55.077368 2024] [core:warn] [pid 15116:tid 492] AH00098: pid file E:/Web III/UwAmp/bin/apache/logs/httpd.pid overwritten -- Unclean shutdown of previous Apache run?
[Tue Nov 26 15:29:55.166890 2024] [ssl:warn] [pid 15116:tid 492] AH01873: Init: Session Cache is not configured [hint: SSLSessionCache]
[Tue Nov 26 15:29:55.167888 2024] [ssl:warn] [pid 15116:tid 492] AH01906: main-serveur:443:0 server certificate is a CA certificate (BasicConstraints: CA == TRUE !?)
[Tue Nov 26 15:29:55.167888 2024] [ssl:warn] [pid 15116:tid 492] AH01909: main-serveur:443:0 server certificate does NOT include an ID which matches the server name
[Tue Nov 26 15:29:56.836372 2024] [mpm_winnt:notice] [pid 15116:tid 492] AH00455: Apache/2.4.18 (Win32) OpenSSL/1.0.2f PHP/7.0.3 configured -- resuming normal operations
[Tue Nov 26 15:29:56.836372 2024] [mpm_winnt:notice] [pid 15116:tid 492] AH00456: Server built: Jan 28 2016 09:58:25
[Tue Nov 26 15:29:56.836372 2024] [core:notice] [pid 15116:tid 492] AH00094: Command line: 'E:\\Web III\\UwAmp\\bin\\apache\\bin\\httpd.exe -d E:/Web III/UwAmp/bin/apache -f E:\\Web III\\UwAmp\\bin\\apache\\conf\\httpd.conf'
[Tue Nov 26 15:29:56.912956 2024] [mpm_winnt:notice] [pid 15116:tid 492] AH00418: Parent: Created child process 21084
[Tue Nov 26 15:29:58.113870 2024] [ssl:warn] [pid 21084:tid 696] AH01906: main-serveur:443:0 server certificate is a CA certificate (BasicConstraints: CA == TRUE !?)
[Tue Nov 26 15:29:58.113870 2024] [ssl:warn] [pid 21084:tid 696] AH01909: main-serveur:443:0 server certificate does NOT include an ID which matches the server name
[Tue Nov 26 15:29:58.249238 2024] [ssl:warn] [pid 21084:tid 696] AH01873: Init: Session Cache is not configured [hint: SSLSessionCache]
[Tue Nov 26 15:29:58.250236 2024] [ssl:warn] [pid 21084:tid 696] AH01906: main-serveur:443:0 server certificate is a CA certificate (BasicConstraints: CA == TRUE !?)
[Tue Nov 26 15:29:58.250236 2024] [ssl:warn] [pid 21084:tid 696] AH01909: main-serveur:443:0 server certificate does NOT include an ID which matches the server name
[Tue Nov 26 15:29:59.746512 2024] [mpm_winnt:notice] [pid 21084:tid 696] AH00354: Child: Starting 64 worker threads.
[Tue Nov 26 16:50:14.683067 2024] [mpm_winnt:crit] [pid 21084:tid 696] AH02538: Child: Parent process exited abruptly. Child process is ending
[Mon Dec 02 11:59:38.650292 2024] [ssl:warn] [pid 13688:tid 492] AH01906: main-serveur:443:0 server certificate is a CA certificate (BasicConstraints: CA == TRUE !?)
[Mon Dec 02 11:59:38.652297 2024] [ssl:warn] [pid 13688:tid 492] AH01909: main-serveur:443:0 server certificate does NOT include an ID which matches the server name
[Mon Dec 02 11:59:38.699802 2024] [core:warn] [pid 13688:tid 492] AH00098: pid file D:/Web III/UwAmp/bin/apache/logs/httpd.pid overwritten -- Unclean shutdown of previous Apache run?
[Mon Dec 02 11:59:38.791816 2024] [ssl:warn] [pid 13688:tid 492] AH01873: Init: Session Cache is not configured [hint: SSLSessionCache]
[Mon Dec 02 11:59:38.792814 2024] [ssl:warn] [pid 13688:tid 492] AH01906: main-serveur:443:0 server certificate is a CA certificate (BasicConstraints: CA == TRUE !?)
[Mon Dec 02 11:59:38.792814 2024] [ssl:warn] [pid 13688:tid 492] AH01909: main-serveur:443:0 server certificate does NOT include an ID which matches the server name
[Mon Dec 02 11:59:53.144094 2024] [mpm_winnt:notice] [pid 13688:tid 492] AH00455: Apache/2.4.18 (Win32) OpenSSL/1.0.2f PHP/7.0.3 configured -- resuming normal operations
[Mon Dec 02 11:59:53.144094 2024] [mpm_winnt:notice] [pid 13688:tid 492] AH00456: Server built: Jan 28 2016 09:58:25
[Mon Dec 02 11:59:53.144094 2024] [core:notice] [pid 13688:tid 492] AH00094: Command line: 'D:\\Web III\\UwAmp\\bin\\apache\\bin\\httpd.exe -d D:/Web III/UwAmp/bin/apache -f D:\\Web III\\UwAmp\\bin\\apache\\conf\\httpd.conf'
[Mon Dec 02 11:59:53.150076 2024] [mpm_winnt:notice] [pid 13688:tid 492] AH00418: Parent: Created child process 4400
[Mon Dec 02 11:59:54.200229 2024] [ssl:warn] [pid 4400:tid 636] AH01906: main-serveur:443:0 server certificate is a CA certificate (BasicConstraints: CA == TRUE !?)
[Mon Dec 02 11:59:54.200229 2024] [ssl:warn] [pid 4400:tid 636] AH01909: main-serveur:443:0 server certificate does NOT include an ID which matches the server name
[Mon Dec 02 11:59:54.313403 2024] [ssl:warn] [pid 4400:tid 636] AH01873: Init: Session Cache is not configured [hint: SSLSessionCache]
[Mon Dec 02 11:59:54.314400 2024] [ssl:warn] [pid 4400:tid 636] AH01906: main-serveur:443:0 server certificate is a CA certificate (BasicConstraints: CA == TRUE !?)
[Mon Dec 02 11:59:54.314400 2024] [ssl:warn] [pid 4400:tid 636] AH01909: main-serveur:443:0 server certificate does NOT include an ID which matches the server name
[Mon Dec 02 11:59:54.340320 2024] [mpm_winnt:notice] [pid 4400:tid 636] AH00354: Child: Starting 64 worker threads.
[Mon Dec 02 13:31:36.785624 2024] [ssl:warn] [pid 17144:tid 652] AH01906: main-serveur:443:0 server certificate is a CA certificate (BasicConstraints: CA == TRUE !?)
[Mon Dec 02 13:31:36.785624 2024] [ssl:warn] [pid 17144:tid 652] AH01909: main-serveur:443:0 server certificate does NOT include an ID which matches the server name
[Mon Dec 02 13:31:37.527127 2024] [core:warn] [pid 17144:tid 652] AH00098: pid file D:/Web III/UwAmp/bin/apache/logs/httpd.pid overwritten -- Unclean shutdown of previous Apache run?
[Mon Dec 02 13:31:38.301589 2024] [ssl:warn] [pid 17144:tid 652] AH01873: Init: Session Cache is not configured [hint: SSLSessionCache]
[Mon Dec 02 13:31:38.301589 2024] [ssl:warn] [pid 17144:tid 652] AH01906: main-serveur:443:0 server certificate is a CA certificate (BasicConstraints: CA == TRUE !?)
[Mon Dec 02 13:31:38.301589 2024] [ssl:warn] [pid 17144:tid 652] AH01909: main-serveur:443:0 server certificate does NOT include an ID which matches the server name
[Mon Dec 02 13:31:38.918075 2024] [mpm_winnt:notice] [pid 17144:tid 652] AH00455: Apache/2.4.18 (Win32) OpenSSL/1.0.2f PHP/7.0.3 configured -- resuming normal operations
[Mon Dec 02 13:31:38.918075 2024] [mpm_winnt:notice] [pid 17144:tid 652] AH00456: Server built: Jan 28 2016 09:58:25
[Mon Dec 02 13:31:38.918075 2024] [core:notice] [pid 17144:tid 652] AH00094: Command line: 'D:\\Web III\\UwAmp\\bin\\apache\\bin\\httpd.exe -d D:/Web III/UwAmp/bin/apache -f D:\\Web III\\UwAmp\\bin\\apache\\conf\\httpd.conf'
[Mon Dec 02 13:31:38.924076 2024] [mpm_winnt:notice] [pid 17144:tid 652] AH00418: Parent: Created child process 18932
[Mon Dec 02 13:32:09.214122 2024] [ssl:warn] [pid 18932:tid 656] AH01906: main-serveur:443:0 server certificate is a CA certificate (BasicConstraints: CA == TRUE !?)
[Mon Dec 02 13:32:09.215116 2024] [ssl:warn] [pid 18932:tid 656] AH01909: main-serveur:443:0 server certificate does NOT include an ID which matches the server name
[Mon Dec 02 13:32:27.543081 2024] [ssl:warn] [pid 18932:tid 656] AH01873: Init: Session Cache is not configured [hint: SSLSessionCache]
[Mon Dec 02 13:32:27.544081 2024] [ssl:warn] [pid 18932:tid 656] AH01906: main-serveur:443:0 server certificate is a CA certificate (BasicConstraints: CA == TRUE !?)
[Mon Dec 02 13:32:27.544081 2024] [ssl:warn] [pid 18932:tid 656] AH01909: main-serveur:443:0 server certificate does NOT include an ID which matches the server name
[Mon Dec 02 13:32:27.573989 2024] [mpm_winnt:notice] [pid 18932:tid 656] AH00354: Child: Starting 64 worker threads.
[Mon Dec 02 14:50:56.242905 2024] [mpm_winnt:crit] [pid 18932:tid 656] AH02538: Child: Parent process exited abruptly. Child process is ending
[Tue Dec 03 15:02:55.646863 2024] [ssl:warn] [pid 5848:tid 504] AH01906: main-serveur:443:0 server certificate is a CA certificate (BasicConstraints: CA == TRUE !?)
[Tue Dec 03 15:02:55.649868 2024] [ssl:warn] [pid 5848:tid 504] AH01909: main-serveur:443:0 server certificate does NOT include an ID which matches the server name
[Tue Dec 03 15:02:56.273344 2024] [core:warn] [pid 5848:tid 504] AH00098: pid file E:/Web III/UwAmp/bin/apache/logs/httpd.pid overwritten -- Unclean shutdown of previous Apache run?
[Tue Dec 03 15:02:56.373869 2024] [ssl:warn] [pid 5848:tid 504] AH01873: Init: Session Cache is not configured [hint: SSLSessionCache]
[Tue Dec 03 15:02:56.373869 2024] [ssl:warn] [pid 5848:tid 504] AH01906: main-serveur:443:0 server certificate is a CA certificate (BasicConstraints: CA == TRUE !?)
[Tue Dec 03 15:02:56.373869 2024] [ssl:warn] [pid 5848:tid 504] AH01909: main-serveur:443:0 server certificate does NOT include an ID which matches the server name
[Tue Dec 03 15:02:59.329631 2024] [mpm_winnt:notice] [pid 5848:tid 504] AH00455: Apache/2.4.18 (Win32) OpenSSL/1.0.2f PHP/7.0.3 configured -- resuming normal operations
[Tue Dec 03 15:02:59.329631 2024] [mpm_winnt:notice] [pid 5848:tid 504] AH00456: Server built: Jan 28 2016 09:58:25
[Tue Dec 03 15:02:59.329631 2024] [core:notice] [pid 5848:tid 504] AH00094: Command line: 'E:\\Web III\\UwAmp\\bin\\apache\\bin\\httpd.exe -d E:/Web III/UwAmp/bin/apache -f E:\\Web III\\UwAmp\\bin\\apache\\conf\\httpd.conf'
[Tue Dec 03 15:02:59.340652 2024] [mpm_winnt:notice] [pid 5848:tid 504] AH00418: Parent: Created child process 19796
[Tue Dec 03 15:03:00.359165 2024] [ssl:warn] [pid 19796:tid 652] AH01906: main-serveur:443:0 server certificate is a CA certificate (BasicConstraints: CA == TRUE !?)
[Tue Dec 03 15:03:00.360167 2024] [ssl:warn] [pid 19796:tid 652] AH01909: main-serveur:443:0 server certificate does NOT include an ID which matches the server name
[Tue Dec 03 15:03:00.496792 2024] [ssl:warn] [pid 19796:tid 652] AH01873: Init: Session Cache is not configured [hint: SSLSessionCache]
[Tue Dec 03 15:03:00.497786 2024] [ssl:warn] [pid 19796:tid 652] AH01906: main-serveur:443:0 server certificate is a CA certificate (BasicConstraints: CA == TRUE !?)
[Tue Dec 03 15:03:00.497786 2024] [ssl:warn] [pid 19796:tid 652] AH01909: main-serveur:443:0 server certificate does NOT include an ID which matches the server name
[Tue Dec 03 15:03:02.058046 2024] [mpm_winnt:notice] [pid 19796:tid 652] AH00354: Child: Starting 64 worker threads.
[Tue Dec 03 17:44:23.785748 2024] [mpm_winnt:crit] [pid 19796:tid 652] AH02538: Child: Parent process exited abruptly. Child process is ending
[Mon Dec 09 12:21:41.946888 2024] [ssl:warn] [pid 13468:tid 480] AH01906: main-serveur:443:0 server certificate is a CA certificate (BasicConstraints: CA == TRUE !?)
[Mon Dec 09 12:21:41.952772 2024] [ssl:warn] [pid 13468:tid 480] AH01909: main-serveur:443:0 server certificate does NOT include an ID which matches the server name
[Mon Dec 09 12:21:42.030886 2024] [core:warn] [pid 13468:tid 480] AH00098: pid file D:/Web III/UwAmp/bin/apache/logs/httpd.pid overwritten -- Unclean shutdown of previous Apache run?
[Mon Dec 09 12:21:42.118678 2024] [ssl:warn] [pid 13468:tid 480] AH01873: Init: Session Cache is not configured [hint: SSLSessionCache]
[Mon Dec 09 12:21:42.118678 2024] [ssl:warn] [pid 13468:tid 480] AH01906: main-serveur:443:0 server certificate is a CA certificate (BasicConstraints: CA == TRUE !?)
[Mon Dec 09 12:21:42.118678 2024] [ssl:warn] [pid 13468:tid 480] AH01909: main-serveur:443:0 server certificate does NOT include an ID which matches the server name
[Mon Dec 09 12:22:54.575804 2024] [mpm_winnt:notice] [pid 13468:tid 480] AH00455: Apache/2.4.18 (Win32) OpenSSL/1.0.2f PHP/7.0.3 configured -- resuming normal operations
[Mon Dec 09 12:22:54.575804 2024] [mpm_winnt:notice] [pid 13468:tid 480] AH00456: Server built: Jan 28 2016 09:58:25
[Mon Dec 09 12:22:54.575804 2024] [core:notice] [pid 13468:tid 480] AH00094: Command line: 'D:\\Web III\\UwAmp\\bin\\apache\\bin\\httpd.exe -d D:/Web III/UwAmp/bin/apache -f D:\\Web III\\UwAmp\\bin\\apache\\conf\\httpd.conf'
[Mon Dec 09 12:22:54.581845 2024] [mpm_winnt:notice] [pid 13468:tid 480] AH00418: Parent: Created child process 9580
[Mon Dec 09 12:22:55.526627 2024] [ssl:warn] [pid 9580:tid 644] AH01906: main-serveur:443:0 server certificate is a CA certificate (BasicConstraints: CA == TRUE !?)
[Mon Dec 09 12:22:55.526627 2024] [ssl:warn] [pid 9580:tid 644] AH01909: main-serveur:443:0 server certificate does NOT include an ID which matches the server name
[Mon Dec 09 12:22:55.620813 2024] [ssl:warn] [pid 9580:tid 644] AH01873: Init: Session Cache is not configured [hint: SSLSessionCache]
[Mon Dec 09 12:22:55.621819 2024] [ssl:warn] [pid 9580:tid 644] AH01906: main-serveur:443:0 server certificate is a CA certificate (BasicConstraints: CA == TRUE !?)
[Mon Dec 09 12:22:55.621819 2024] [ssl:warn] [pid 9580:tid 644] AH01909: main-serveur:443:0 server certificate does NOT include an ID which matches the server name
[Mon Dec 09 12:22:55.653073 2024] [mpm_winnt:notice] [pid 9580:tid 644] AH00354: Child: Starting 64 worker threads.
[Mon Dec 09 14:50:05.886174 2024] [mpm_winnt:crit] [pid 9580:tid 644] AH02538: Child: Parent process exited abruptly. Child process is ending
